slide_no,state,district,slide_name,nh_sh_location,latitude,longitude,material,movement_type,history,event_date,landslide,label
ASM/HLKD/83D10/2016/58,Assam,Hailakandi,Terracherra Slide,Terracherra area,24.478972,92.682861,Debris,Slide,17 May 2016,2016-05-17,1,1
ASM/HLKD/83D10/2016/59,Assam,Hailakandi,Lalcherra Slide (Rabinala),Near Patakhouri Durga Mandir Under Bilaipur Forest Village; Lala Police Station,24.511306,92.693028,Debris,Slide,18 May 2016,2016-05-18,1,1
ASM/HLKD/83D10/2016/60,Assam,Hailakandi,Ramchandi (Koyabasti),Ramchandi area,24.515944,92.540889,Earth/Soil,Slide,18 May 2016,2016-05-18,1,1
AS/CAC/83D10/2009-10/AS-1,Assam,Cachar,Palgana slide,Paglagaon (near Mursabarti) under Baghbahar GP part 3,24.57025,92.685,Debris,Slide,02 April 2010,2010-04-02,1,1
ASM/CCR/83H2/2016/66,Assam,Cachar,Khasiapunji slide,Khasiapunji village,24.645417,93.005361,Debris,Slide,31 August 2016,2016-08-31,1,1
ASM/KRGJ/83D06/2016/61,Assam,Karimganj,Rakhalbasti,"Rakhalbasti, near Sonaicherra TG. Under Ram Krishna",24.659389,92.497361,Earth/Soil,Slide,18 May 2016,2016-05-18,1,1
ASM/HLK/83D10/2020/004,Assam,Hailakandi,Mohanpur Grant Slide 2,"Mohanpur Grant, Hailakandi Circle.",24.70656,92.65008,Debris,Slide,02 June 2020,2020-06-02,1,1
AS/KAR/83D06/2009-10/AS-2,Assam,Karimganj,Rongpur slide,Rongpur Village,24.710833,92.481167,Debris,Slide,03 June 2010,2010-06-03,1,1
ASM/CHR/83D14/2020/0002,Assam,Cachar,Govindnagar Slide,"Govindnagar Pt. II, Sonai",24.72192,92.90381,Debris,Slide,05 June 2020,2020-06-05,1,1
ASM/HLK/83D10/2020/005,Assam,Hailakandi,Mohanpur Grant Slide 3,"Mohanpur Grant, Hailakandi Circle.",24.73117,92.64739,Debris,Slide,02 June 2020,2020-06-02,1,1
ASM/KGJ/83D05/2020/0008,Assam,Karimganj,Karimpur Slide 2,"Karimpur, Nilam Bazar",24.78002778,92.45372222,Earth/Soil,Slide,02 June 2020,2020-06-02,1,1
ASM/KGJ/83D05/2020/007,Assam,Karimganj,Karimpur Slide 1,"Karimpur, Nilam Bazar",24.78380556,92.45563889,Earth/Soil,Slide,02 June 2020,2020-06-02,1,1
ASM/HLK/83D09/2020/006,Assam,Hailakandi,Chandipur Grant Slide,"Bowarthar, Chandipur, Algapur Circle.",24.79489,92.55506,Debris,Slide,02 June 2020,2020-06-02,1,1
ASM/CHR/83H01/2020/001,Assam,Cachar,Kanakpur Slide,"Kanakpur Pt. III, Lakhipur, Joypur",24.92097,93.07306,Earth/Soil,Slide,02 June 2020,2020-06-02,1,1
AS/NC/83C16/2009-10/AS-4,Assam,Dima Hasao,Mailongdisa-Harangajao slide,Between Mailongdisa and Harangajao Railway stations. CHainage:128.400 km to 128.600 km,25.121,92.915028,Debris,Slide,20 June 2010,2010-06-20,1,1
AS/NC/83C16/2009-10/AS-5,Assam,Dima Hasao,Mailongdisa-Harangajao-2 slide,Between Mailongdisa and Harangajao railway station (Chainage: 130.100 Km to 130.400 Km),25.124306,92.904278,Debris,Slide,02 April 2010,2010-04-02,1,1
AS/NC/83C16/2009-10/AS-3,Assam,Dima Hasao,Jatinga-Longrangajao slide,Between Jatinga and Longrangajao Railway stations (Chainage:120.100 km to 120.400 km),25.124583,92.989111,Debris,Slide,16 June 2010,2010-06-16,1,1
AS/DH/83C16/2018/002,Assam,Dima Hasao,Jatinga Lampur landslide.,Between Jatinga Lampur Railway Station and Harangajao Railway Station.,25.146306,93.942167,Debris,Slide,14 June 2018,2018-06-14,1,1
AS/DH/83G04/2018/003,Assam,Dima Hasao,Phiding slide,"Near Phiding Railway Station. Between Mahur and Phiding RS, NFR.",25.224278,93.222861,Debris,Slide,14 June 2018,2018-06-14,1,1
AS/NC/83G04/2009-10/AS-6,Assam,Dima Hasao,Mahur-Wadringdisa slide,,25.229556,93.1556,Debris,Slide,02 April 2010,2010-04-02,1,1
AS/DH/83G04/2018/004,Assam,Dima Hasao,Dautohaja Tunnel No. 3 slide.,"Between Phiding and Dautohaja Railway Station, NFR.",26.098167,91.881278,Debris,Slide,14 June 2018,2018-06-14,1,1
AS/DH/83C16/2018/001,Assam,Dima Hasao,Bandarkhal landslide.,Between NFR Bridge No. 305 and Tunnel No. 19 (~2 km SW of Bandarkhal Railway Station).,26.11,94.76,Debris,Slide,14 June 2018,2018-06-14,1,1
AS/KRP/78N16/2018/001,Assam,Kamrup,Shankardev Nagar slide,NH37 towards Shillong.,26.112667,91.853889,Debris,Slide,24 August 2018,2018-08-24,1,1
ASM/KMP/78N16/2017/03,Assam,Kamrup (Metro),Anandapur-Gangapur slide,Hengrabari,26.15428,91.79264,Debris,Slide,13 June 2017,2017-06-13,1,1
ASM/KMP/78N16/2017/05,Assam,Kamrup (Metro),Dakshin Saraniya-1,Ganpat Mandir road,26.17672,91.76525,Debris,Slide,13 June 2017,2017-06-13,1,1
ASM/KMP/78N16/2017/0004,Assam,Kamrup (Metro),Dakshin Saraniya-2,Ganpat Mandir road,26.17756,91.76589,Debris,Slide,13 June 2017,2017-06-13,1,1
ASM/KMP/78N16/2017/06,Assam,Kamrup (Metro),Bonda-Hajongdisa slide,Tuinang colony,26.18842,91.85125,Earth/Soil,Slide,16 June 2017,2017-06-16,1,1
ASM/KAM/78N16/2017/08,Assam,Kamrup (Metro),Bonda colony slide no. 2,"Babubasti–Panikhaiti road section/Bonda colony, Amgaon",26.19081,91.84528,Earth/Soil,Slide,04 July 2017,2017-07-04,1,1
AS/KRP/78N16/2018/003,Assam,Kamrup,Hastinapur landslide,Hastinapur Near Jorabat opposite of Cow bazaar,26.195306,91.765639,Debris,Slide,24 August 2018,2018-08-24,1,1
AS/KAM/78N16/2014/05,Assam,Kamrup (Metro),Karghuli,Chandmari Road,26.19622,91.76336,Earth/Soil,Flow,23 March 2011,2011-03-23,1,1
AS/NC/83G04/2009/B-5,Assam,Dima Hasao,Phaiding Landslide,,26.20261,91.14528,Debris,Slide,20 August 2009,2009-08-20,1,1
ASM/KAM/78N16/2017/09,Assam,Kamrup (Metro),Panikhaiti–Bongaon slide,"Panikhaiti, Bongaon, near railway line.",26.20536,91.86497,Debris,Slide,03 July 2017,2017-07-03,1,1
ASM/KAM/78N16/2017/07,Assam,Kamrup (Metro),Bonda colony slide no. 1,"Babubasti–Panikhaiti road section/Bonda colony, Amgaon",26.37456,91.84561,Earth/Soil,Slide,04 July 2017,2017-07-04,1,1
AS/UDA/83B01/2021/02,Assam,Udalguri,Udalguri Slope Failure (AS/UDA/83B01/2021/02),,26.88969,92.12266,Rock-cum-Debris,Fall,28 April 2021,2021-04-28,1,1
AS/UDA/83B01/2021/01,Assam,Udalguri,Udalguri Slope Failure (AS/UDA/83B01/2021/01),,26.89074,92.12068,Rock-cum-Debris,Fall,28 April 2021,2021-04-28,1,1
AS/KAM(M)/76N16/2024/2,Assam,Kamrup (Metro),Garo Basti Slide,"Garo Basti Slide, 8th Mile, Guwahati",26.11464,91.83886,Earth/Soil,Slide,05 July 2024,2024-07-05,1,1
AS/K(M)/76N16/2024/01,Assam,Kamrup (Metro),Rudra Nagar Slide,"Rudra Nagar, Near Rajohuwa Namghar, Chandmari",26.19044,91.77502,Earth/Soil,Slide,24 May 2024,2024-05-24,1,1
ASM/DH/83G04/2022-23/014,Assam,Dima Hasao,South Bagetar Slide 1,South Bagetar,25.16736,93.00953,Debris,Slide,15 May 2022,2022-05-15,1,1
ASM/DH/83G04/2022-23/017,Assam,Dima Hasao,Kana Basti Slide 2,"Kana Basti, Haflong",25.16023,93.01084,Debris,Slide,14 May 2022,2022-05-14,1,1
ASM/DH/83G04/2022-23/015,Assam,Dima Hasao,South Bagetar Slide 2,South Bagetar,25.16579,93.00948,Debris,Slide,14 May 2022,2022-05-14,1,1
ASM/DH/83G04/2022-23/016,Assam,Dima Hasao,Kana Basti Slide 1,"Kana Basti, Haflong",25.15859,93.01292,Debris,Slide,14 May 2022,2022-05-14,1,1
AS/KAMRUP(M)/78N16/2014- 15/0006,Assam,Kamrup (Metro),"Dakhingaon, slide.",Near Kahilipara-Ganesh mandir road.,26.13441667,91.74875,Debris,Flow,22 September 2014,2014-09-22,1,1
AS/KAMRUP(M)/78N16/2014- 15/0007,Assam,Kamrup (Metro),Ganeshpur-Lalmati Slide,"About 500 m south of Game village, Lalmati, NH-37",26.10711111,91.78916667,Earth/Soil,Flow,23 September 2014,2014-09-23,1,1
AS/KAMRUP/78N12/2015- 16/0004,Assam,Kamrup,Jorabat-Khanapara,"About 200 m North of NH-31, In front of IIT(G) approach",26.09961111,91.87811111,Earth/Soil,Slide,25 September 2014,2014-09-25,1,1
ASM/DH/83G04/2022-23/027,Assam,Dima Hasao,Mahadev Tilla Slide 1,"Mahadev Tilla, Haflong",25.15556,93.021583,Debris,Slide,14 May 2022,2022-05-14,1,1
ASM/DH/83G04/2022-23/026,Assam,Dima Hasao,Lower Songpijang Slide 1,"Lower Sonpijang, Haflong",25.158138,93.024778,Earth/Soil,Slide,15 May 2022,2022-05-15,1,1
ASM/DH/83G4/ PD/2016/55,Assam,Dima Hasao (N.C. Hills),Nutan Lampur slide -1,"NH 54, near Nutan Lampur",25.24194444,93.14319444,Debris,Slide,22 May 2016,2016-05-22,1,1
ASM/DH/83G4/ PD/2016/04,Assam,Dima Hasao (N.C. Hills),Mupa – Langting RF Rock slide,"NH 54, Mupa – Langting Reserved Forest,",25.41733333,93.12908333,Rock,Slide,22 May 2016,2016-05-22,1,1
ASM/DH/83G04/2022-23/025,Assam,Dima Hasao,Tularam Raji Slide 2,"Tularam Raji, Haflong",25.16804,93.02503,Debris,Slide,14 May 2022,2022-05-14,1,1
ASM/DH/83G04/2022-23/044,Assam,Dima Hasao,Tularam Raji Slide 3,"Tularam Raji, Haflong",25.168083,93.024922,Earth/Soil,Slide,14 May 2022,2022-05-14,1,1
ASM/DH/83G4/ PD/2016/56,Assam,Dima Hasao (N.C. Hills),Nutan Lampur slide -2,"NH 54, near Nutan Lampur,",25.27480556,93.14555556,Rock,Slide,22 May 2016,2016-05-22,1,1
ASM/DH/83G4/ PD/2016/53,Assam,Dima Hasao (N.C. Hills),Mahur railway station slide,"Mahur railway station, Haflong, Dima Hasao (NC Hills)",25.18955556,93.09641667,Debris,Slide,22 May 2016,2016-05-22,1,1
ASM/KAMRUP(M)/78N16/2016- 17/62,Assam,Kamrup (Metro),Piyali Phukan Nagar Slide,"Njiura Par Path, Piyali Phukan Nagar, Guwahati.",26.19552778,91.78055556,Earth/Soil,Slide,22 June 2016,2016-06-22,1,1
ASM/DH/83G04/2022-23/032,Assam,Dima Hasao,Moulhoi Slide 3,Moulhoi village,25.17483,93.019861,Debris,Slide,15 May 2022,2022-05-15,1,1
ASM/DH/83G04/2022-23/033,Assam,Dima Hasao,Mahadev Tilla slide 2,Mahadev Tilla village,25.1568056,93.019722,Debris,Slide,13 May 2022,2022-05-13,1,1
ASM/DH/83G04/2022-23/047,Assam,Dima Hasao,Natun Basti Slide 5,"Natun Basti, Haflong",25.162667,93.009806,Debris,Slide,14 May 2022,2022-05-14,1,1
ASM/DH/83G4/ PD/2016 /01,Assam,Dima Hasao (N.C. Hills),Migrendisa slide,"Near Migrendisa Railway Station, Migrendisa.",25.17986111,93.07077778,Debris,Slide,17 May 2016,2016-05-17,1,1
ASM/DH/83G4/PD/2016/02,Assam,Dima Hasao (N.C. Hills),New Haflong R. S slide(1),West slope of New Haflong Railway Station.,25.14677778,93.03097222,Debris,Slide,17 May 2016,2016-05-17,1,1
ASM/DH/83G4/ PD/2016/25,Assam,Dima Hasao,Mahadev Tila slide-2,"Haflong town, Dima Hasao (NC Hills)",25.15561111,93.02222222,Debris,Slide,17 May 2016,2016-05-17,1,1
ASM/DH/83G4/PD/2016/26,Assam,Dima Hasao,Haflong-Jatinga road section slide-01,"Haflong town, Dima Hasao (NC Hills)",25.15658333,93.01961111,Debris,Slide,22 May 2016,2016-05-22,1,1
ASM/DH/83G4/ PD/2016/29,Assam,Dima Hasao (N.C. Hills),Haflong-Jatinga road section slide-04,"Haflong town,",25.15713889,93.01719444,Debris,Slide,27 May 2016,2016-05-27,1,1
ASM/DH/83G4/ PD/2016/42,Assam,Dima Hasao (N.C. Hills),96 km Migrendisa slide,"96 km, Migrendisa – Haflong rail section, near Diyung bridge.",25.164,93.04019444,Debris,Slide,22 May 2016,2016-05-22,1,1
ASM/DH/83G4/PD/2016/43,Assam,Dima Hasao (N.C. Hills),New Haflong R.S. slide - (2),New Haflong Railway Station,25.14872222,93.03191667,Debris,Creep,17 May 2016,2016-05-17,1,1
ASM/DH/83G4/PD/2016/44,Assam,Dima Hasao (N.C. Hills),New Haflong R. S slide(3),"New Haflong Railway Station, Dima Hasao (NC Hills)",25.14525,93.02916667,Debris,Slide,17 May 2016,2016-05-17,1,1
ASM/DH/83G4/ PD/2016/24,Assam,Dima Hasao,Mahadev Tilla-1,"Mahadev Tilla, Haflong,Dima Hasao (NC Hills)",25.15572222,93.02277778,Earth/Soil,Slide,22 May 2016,2016-05-22,1,1
ASM/DH/83G4/ PD/2016 /35,Assam,Dima Hasao,Haflong – Gunjung road section soil creep-6,Haflong – Gunjung road section,25.23230556,93.03333333,Earth/Soil,Creep,17 May 2016,2016-05-17,1,1
ASM/DH/83G4/ PD/2016/07,Assam,Dima Hasao (N.C. Hills),Haflong – Gunjung slide-1,Near Gunjung village road section,25.20552778,93.02013889,Debris,Slide,22 May 2016,2016-05-22,1,1
ASM/DH/83G4/ PD/2016/31,Assam,Dima Hasao,Haflong – Gunjung road section slide- 02,Haflong – Gunjung road section,25.24597222,93.02827778,Debris,Slide,22 May 2016,2016-05-22,1,1
AS/K(M)/76N16/2024/01,Assam,Kamrup (Metro),Rudra Nagar Slide,"Rudra Nagar, Near Rajohuwa Namghar, Chandmari",26.19052,91.77499,Earth/Soil,Slide,24 May 2024,2024-05-24,1,1
ASM/DH/83G4/ PD/2016/30,Assam,Dima Hasao,Gadhi Rojai Slide,"Haflong town, Dima Hasao (NC Hills)",25.15933333,93.017,Earth/Soil,Slide,22 May 2016,2016-05-22,1,1
ASM/DH/83G4/ PD/2016/28,Assam,Dima Hasao,Haflong-Jatinga road section slide-03,"Haflong town, Dima Hasao (NC Hills)",25.15736111,93.01608333,Rock,Slide,22 May 2016,2016-05-22,1,1
ASM/DH/83G4/ PD/2016/33,Assam,Dima Hasao,Haflong – Gunjung road section slide- 04,Haflong – Gunjung road section,25.23880556,93.03219444,Rock,Slide,22 May 2016,2016-05-22,1,1
ASM/DH/83G4/ PD/2016/40,Assam,Dima Hasao (N.C. Hills),Lungkok slide (Haflong – Gunjung road 11),"-Haflong – Gunjung road section, Lungkok village, Lower Haflong",25.19669444,93.01858333,Rock,Slide,22 May 2016,2016-05-22,1,1
ASM/DH/83G4/ PD/2016/41,Assam,Dima Hasao (N.C. Hills),Lower Haflong slide (Haflong – Gunjung road-12),"Haflong – Gunjung road section, Lower Haflong",25.18844444,93.01966667,Rock,Slide,22 May 2016,2016-05-22,1,1
ASM/DH/83G4/ PD /2016/03,Assam,Dima Hasao (N.C. Hills),Heuwangberam subsidence zone-1,"NH 54, Heuwangberam,",25.20738889,93.12277778,Debris,Subsidence,20 August 2014,2014-08-20,1,1
ASM/DH/83G4/ PD/2016/10,Assam,Dima Hasao,N.D Raji.-1,"N.D Raji village, Haflong, Dima Hasao (NC Hills)",25.17597222,93.02016667,Debris,Slide,22 May 2016,2016-05-22,1,1
ASM/DH/83G4/ PD/2016/11,Assam,Dima Hasao,N.D Raji (Hamar)-2,"N.D Raji (Hamar)village, Haflong, Dima Hasao (NC Hills)",25.17505556,93.02041667,Debris,Slide,22 May 2016,2016-05-22,1,1
ASM/DH/83G4/ PD/2016/12,Assam,Dima Hasao,"Huonveng, N.D Raji-3","N.D Raji (Hmar)village, Haflong, Dima Hasao (NC Hills)",25.17188889,93.02061111,Debris,Slide,22 May 2016,2016-05-22,1,1
ASM/DH/83G4/ PD/2016/13,Assam,Dima Hasao,Songpiang-1,"Songpiang village, Haflong, Dima Hasao (NC Hills)",25.16563889,93.02544444,Debris,Fall,22 May 2016,2016-05-22,1,1
ASM/DH/83G4/ PD/2016/14,Assam,Dima Hasao,Songpiang-2,"Songpiang village, Haflong, Dima Hasao (NC Hills)",25.16344444,93.02316667,Debris,Slide,22 May 2016,2016-05-22,1,1
ASM/DH/83G4/ PD/2016/15,Assam,Dima Hasao,Boro Haflong-1,"Near Boro Haflong village, Haflong, Dima Hasao (NC Hills)",25.15069444,93.02583333,Debris,Slide,22 May 2016,2016-05-22,1,1
ASM/DH/83G4/ PD/2016/16,Assam,Dima Hasao,"Vidya Mandir, Boro Haflong-2","Boro Haflong, Haflong, Dima Hasao (NC Hills)",25.14586111,93.02419444,Debris,Slide,22 May 2016,2016-05-22,1,1
ASM/DH/83G4/ PD/2016/17,Assam,Dima Hasao,"Near and below Assam rifles camp, Boro Haflong-3.","Boro Haflong, Haflong, Dima Hasao (NC Hills)",25.14041667,93.02038889,Debris,Slide,22 May 2016,2016-05-22,1,1
ASM/DH/83G4/ PD/2016/18,Assam,Dima Hasao,Jatinga-Haflong Road section-1.,"Jatinga-Haflong Road section, Haflong, Dima Hasao (NC Hills)",25.13961111,93.01955556,Debris,Slide,22 May 2016,2016-05-22,1,1
ASM/DH/83G4/ PD/2016/23,Assam,Dima Hasao,Mahur,"Mahur, Dima Hasao (NC Hills)",25.17638889,93.11613889,Debris,Slide,22 May 2016,2016-05-22,1,1
ASM/DH/83G4/ PD/2016/05,Assam,Dima Hasao (N.C. Hills),Khongsai slide-1,"Khongsai village, Haflong,",25.1775,93.02622222,Earth/Soil,Slide,22 May 2016,2016-05-22,1,1
ASM/DH/83G4/ PD/2016/08,Assam,Dima Hasao,Khongsai slide- 2,"Khongsai village, Haflong, Dima Hasao (NC Hills)",25.17691667,93.02655556,Earth/Soil,Slide,22 May 2016,2016-05-22,1,1
ASM/DH/83G4/ PD/2016/09,Assam,Dima Hasao,Muolhoi /Gilgal,"Muolhoi /Gilgal village, Haflong, Dima Hasao (NC Hills)",25.17702778,93.02088889,Earth/Soil,Slide,22 May 2016,2016-05-22,1,1
ASM/DH/83G4/ PD/2016/19,Assam,Dima Hasao,Jatinga-2,"Jatinga, Haflong, Dima Hasao (NC Hills)",25.13447222,93.01897222,Rock,Slide,22 May 2016,2016-05-22,1,1
ASM/KAM (M)/78N16/2017/0006,Assam,Kamrup (Metro),"Bonda, Hajongdisa slide",Tuinang colony,26.18841667,91.85125,Earth/Soil,Slide,16 June 2017,2017-06-16,1,1
ASM/KAM(M)/78N16/2016/63,Assam,Kamrup (Metro),Mandakini slide,"Mandakini path, Kharghuli",26.19244444,91.76422222,Earth/Soil,Slide,20 July 2016,2016-07-20,1,1
ASM/KAM/78N16/2019/03,Assam,Kamrup (Metro),Amiya Nagar Slide,Chandmari,26.19236111,91.78080556,Debris,Subsidence,10 July 2019,2019-07-10,1,1
ASM/KAM/78N12/2019/04,Assam,Kamrup (Metro),Bezbaruah Nagar slide,"Nilachalpur, Bezbaruah Nagar",26.15805556,91.71258333,Debris,Slide,16 July 2019,2019-07-16,1,1
ASM/West Sarania/78N16/2016- 17/65,Assam,Kamrup (Metro),West Sarania slide (Guwahati),"Pub Sarania hill, Guwahati.",26.1755,91.76175,Debris,Slide,14 July 2016,2016-07-14,1,1
ASM/ Nijabara/78N16/2016- 17/64,Assam,Kamrup (Metro),Nijabara slide (Guwahati),"Noonmati, Guwahati.",26.19038889,91.80994444,Earth/Soil,Slide,14 July 2016,2016-07-14,1,1
AS/KAMRUP(M)/78N16/2014- 15/0004,Assam,Kamrup (Metro),"Nabragraha Slide, Bapuji Nagar Housing Complex.","SH: Chandmari Road. Localtiy: Bapuji Nagar Housing Complex, Guwahati.",26.18866667,91.76694444,Earth/Soil,Flow,27 June 2014,2014-06-27,1,1
AS/KAMRUP(M)/78N16/2014- 15/0005,Assam,Kamrup (Metro),"Karghuli Landslide, Bankuwar Nagar, Guwahati.(Twin Slide in same road)","SH: Chandmari Road. Localtiy: Bankuwar Nagar, Karghuli Pahar, Guwahati.",26.19622222,91.76336111,Earth/Soil,Flow,27 June 2014,2014-06-27,1,1
AS/KAM/76N16/2024/1,Assam,Kamrup (Metro),Garo Basti Slide,"Garo Basti Slide, 8th Mile, Guwahati",26.11464,91.83886,Earth/Soil,Slide,05 July 2024,2024-07-05,1,1
ASM/KAM (M)/78N16/2017/0004,Assam,Kamrup (Metro),Dakshin Saraniya-2,Ganpat Mandir road,26.17755556,91.76588889,Debris,Slide,13 June 2017,2017-06-13,1,1
ASM/KAM (M)/78N16/2017/04,Assam,Kamrup (Metro),Dakshin Saraniya-1,Ganpat Mandir road,26.17672222,91.76525,Debris,Slide,13 June 2017,2017-06-13,1,1
ASM/KAM (M)/78N16/2017/0003,Assam,Kamrup (Metro),Anandapur-Gangapur slide,Hengrabari,26.15427778,91.79263889,Debris,Slide,13 June 2017,2017-06-13,1,1
AS/KAMRUP (M)/78N16/2014- 15/0002,Assam,Kamrup (Metro),Udayachal Slide.,"Guwahati-Shillong Road (Merges with NH-37), Udayachal pahar, Near Guwahati Medical College.",26.15477778,91.77411111,Earth/Soil,Flow,27 june 2014,2014-06-27,1,1
AS/KAMRUP(M)/78N16/2014- 15/0003,Assam,Kamrup (Metro),"Bamunimaidan, South Railway Colony slide.","SH: Zoo Tiniali-Narengi Road. Localtiy: Bamunimaidan, South Railway Colony (Near Hatigar), Guwahati.",26.17672222,91.78672222,Earth/Soil,Flow,27 june 2014,2014-06-27,1,1
ASM/KAMRUP(M)/78N16/2016- 17/057,Assam,Kamrup (Metro),Jyotinagar Slide,"Akashi Nagar, Jyoti Nagar, Guwahati.",26.1895,91.78716667,Earth/Soil,Slide,18 April 2016,2016-04-18,1,1
ASM/DH/83G3/ PD/2017 /02,Assam,Dima Hasao (N.C. Hills),Mupa slide,"Between Mupa and Dinhaku Railway Station,",25.40586111,93.11097222,Debris,Slide,20 May 2017,2017-05-20,1,1
ASM/DH/83G3/ PD/2017 /01,Assam,Dima Hasao (N.C. Hills),Boila bridge slide,"Between Mupa and Dinhaku Bridge approach no102, at km 51/9 as 52/1",25.39155556,93.11316667,Earth/Soil,Subsidence,03 June 2017,2017-06-03,1,1
AS/KRP/78N/16/2018/003,Assam,Kamrup,Hastinapur landslide,Hastinapur Near Jorabat opposite of cow bazaar.,26.11266667,91.85388889,Debris,Slide,24 August 2018,2018-08-24,1,1
AS/KRP/78N16/2018/002,Assam,Kamrup,Kharghuli slide,"Kharghuli area, near Kharghuli post office in Guwahati.",26.19530556,91.76563889,Debris,Slide,31 August 2018,2018-08-31,1,1
AS/KAMRUP/78N12/2015- 16/0001,Assam,Kamrup,Jayguru Kalipahar Slide,"About 200 m North of NH-31, In north of IIT(G) approach",26.21111111,91.68416667,Debris,Fall,01 September 2015,2015-09-01,1,1
ASM/KAM/78N16/2020/001,Assam,Kamrup (Metro),Hirimbapur landslide,Kharghuli,26.19330556,91.77725,Debris,Slide,28 June 2020,2020-06-28,1,1
ASM/KAM/78N16/2020/002,Assam,Kamrup (Metro),Ambher landslide,12th mile near Jorabat,26.09150556,91.87898611,Earth/Soil,Slide,12 July 2020,2020-07-12,1,1
ASM/KAM/78N12/2020/003,Assam,Kamrup (Metro),Gauripur landslide,NH-31,26.21305556,91.6925,Rock,Fall,26 June 2020,2020-06-26,1,1
ASM/K(M)/78N16/2022-23/003,Assam,Kamrup (Metro),Salbari,Near Noonmati bazaar road,26.1916,91.80361,Debris,Slide,16 June 2022,2022-06-16,1,1
ASM/K(M)/78N16/2022-23/001,Assam,Kamrup (Metro),Upper Luitpur,Upper Luitpur,26.19322,91.77033,Earth/Soil,Slide,16 June 2022,2022-06-16,1,1
ASM/K(M)/78N16/2022-23/002,Assam,Kamrup (Metro),Anandanagar,Anandanagar,26.18789,91.79493,Earth/Soil,Slide,17 June 2022,2022-06-17,1,1
ASM/DH/83G04/2022-23/023,Assam,Dima Hasao,Disgao Raji Slide,"Disgao Raji, Haflong",25.17136,93.01102,Debris,Slide,14 May 2022,2022-05-14,1,1
ASM/DH/83G04/2022-23/030,Assam,Dima Hasao,Merryland Slide,Merryland colony,25.177416,93.00975,Debris,Slide,16 May 2022,2022-05-16,1,1
ASM/DH/83G04/2022-23/022,Assam,Dima Hasao,Lower Haflong Slide 2,Lower Haflong,25.18919,93.02118,Debris,Slide,15 May 2022,2022-05-15,1,1
AS/KRM/83D06/2014-15/0001,Assam,Karimganj,"Satkaragul (Pathariya Hills RF),","NH-44. Satkaragul Village near Nilambazar, Nilambazar Circle, Karimganj.",24.70619444,92.28997222,Earth/Soil,Flow,10 May 2014,2014-05-10,1,1
ASM/DH/83G04/2022-23/021,Assam,Dima Hasao,Moulhoi Slide 1,"Gilgal Veng, Moulhoi, Haflong",25.17623,93.01326,Debris,Slide,14 May 2022,2022-05-14,1,1
AS/KAM(M)/78N16/2025/006,Assam,Kamrup,"Doimuguri, Bonda","Doimuguri,",26.19113889,91.82961111,Earth/Soil,Slide,31 May 2025,2025-05-31,1,1
AS/KAM(M)/78N16/2025/05,Assam,Kamrup,Rupnagar,,26.158193,91.755807,Debris,Slide,06 June 2025,2025-06-06,1,1
AS/KAM(M)/78N12/2025/01,Assam,Kamrup,Kamakhya Main Road,Kamakhya Road,26.166185,91.7147,Earth/Soil,Slide,04 June 2025,2025-06-04,1,1
AS/KAM(M)/78N12/2025/04,Assam,Kamrup,Pandu,Pandu,26.17027,91.698,Debris,Slide,31 May 2025,2025-05-31,1,1
ASM/DH/83C16/2023-24/001,Assam,Dima Hasao,Lower Boulsol slide,Lower Boulsol,25.117665,92.847709,Debris,Slide,14 May 2022,2022-05-14,1,1
ASM/DH/83C15/2023-24/001,Assam,Dima Hasao,Old Sangbar playground slide,Old Sangbar,25.366255,92.823037,Debris,Slide,14 May 2022,2022-05-14,1,1
ASM/DH/83G03/2023-24/004,Assam,Dima Hasao,Gunjung subsidence,Gunjung,25.316197,93.006158,Earth/Soil,Subsidence,16 June 2022,2022-06-16,1,1
6986,Assam,Kamrup,Sundarpur village,,25.757752,91.252285,Debris,Flow,17 July 2014,2014-07-17,1,1
7077,Assam,Kamrup (Metro),708,,26.238016,91.945953,Earth/Soil,Slide,2 November 2025,2025-11-02,1,1
7115,Assam,Kamrup,lepgaon,,25.872268,91.213965,Debris,Flow,23 September 2014,2014-09-23,1,1
7192,Assam,Kamrup,Kamrup Slope Failure (7192),,26.2272613,91.6922458,Debris,Slide,26 December 2008,2008-12-26,1,1
7193,Assam,Kamrup (Metro),Birkuchi,,26.184324,91.855395,Earth/Soil,Slide,31 May 2025,2025-05-31,1,1
7194,Assam,Kamrup,Kamrup Slope Failure (7194),,26.24698,91.964383,Debris,Slide,05 July 2025,2025-07-05,1,1
7195,Assam,Kamrup (Metro),Nalgedra,,26.11956,92.052125,Earth/Soil,Slide,05 June 2025,2025-06-05,1,1
7196,Assam,Dima Hasao,Dima Hasao Slope Failure (7196),,25.69814,93.129423,Earth/Soil,Slide,05 June 2025,2025-06-05,1,1
7197,Assam,Dima Hasao,Dima Hasao Slope Failure (7197),,25.648512,93.121528,Debris,Slide,05 June 2025,2025-06-05,1,1
7201,Assam,West Khasi Hills,Harsanagar,,25.740148,91.224044,Earth/Soil,Slide,18 July 2014,2014-07-18,1,1
7241,Assam,Kamrup (Metro),Amchong tea estate,,26.156633,91.938576,Earth/Soil,Slide,8 August 2024,2024-08-08,1,1
ARN/Papumpare/83E12/2020/0 1,Arunachal Pradesh,Papum Pare,Papum Pare Slope Failure (ARN/Papumpare/83E12/2020/0 1),,27.08130556,93.61283333,Rock-cum-Debris,Flow,25 June 2020,2020-06-25,1,1
ARN/LS/83E15/2016/04,Arunachal Pradesh,Lower Subansiri,Hoj-Potin slide,National Highway 713-A,27.193425,93.780983,Debris,Slide,16 July 2016,2016-07-16,1,1
ARN/LS/83E15/2016/08,Arunachal Pradesh,Lower Subansiri,Hoj-Potin slide,National Highway 713-A,27.23995,93.806589,Debris,Slide,17 July 2016,2016-07-17,1,1
ARN/LS/83E15/2016/07,Arunachal Pradesh,Lower Subansiri,Hoj-Potin slide,National Highway 713-A,27.246131,93.804711,Debris,Slide,17 July 2016,2016-07-17,1,1
ARN/LS/83E15/2016/06,Arunachal Pradesh,Lower Subansiri,Hoj-Potin slide,National Highway 713-A,27.254756,93.801303,Debris,Slide,17 July 2016,2016-07-17,1,1
ARN/LS/83E15/2016/05,Arunachal Pradesh,Lower Subansiri,Hoj-Potin slide,National Highway 713-A,27.294886,93.803328,Debris,Slide,17 July 2016,2016-07-17,1,1
ARN/LS/83E15/2016/03,Arunachal Pradesh,Lower Subansiri,Possa-Potin slide,National Highway 713-A,27.307072,93.806008,Debris,Slide,17 July 2016,2016-07-17,1,1
ARN/LS/83E15/2016/02,Arunachal Pradesh,Lower Subansiri,Possa-Potin slide,National Highway 713-A,27.339267,93.802581,Debris,Slide,16 July 2016,2016-07-16,1,1
ARN/TWG/FM/2016-17/01,Arunachal Pradesh,Tawang,Famla Slide,,27.58741667,91.88694444,Debris,Slide,22 April 2016,2016-04-22,1,1
ARN/TWG/FM/2016-17/02,Arunachal Pradesh,Tawang,Famla Slide,,27.58741667,91.88694444,Earth/Soil,Slide,22 April 2016,2016-04-22,1,1
ARN/TWG/NYD/2016-17/06,Arunachal Pradesh,Tawang,Nyungmadung Slide,,27.59152778,91.88044444,Earth/Soil,Flow,23 April 2016,2016-04-23,1,1
ARN/TWNG/78M14/2016/0001,Arunachal Pradesh,Tawang,Famla Slide,,27.587417,91.886944,Debris,Slide,22 April 2016,2016-04-22,1,1
ARN/TWNG/78M14/2016/0002,Arunachal Pradesh,Tawang,Famla Slide,,27.587417,91.886944,Debris,Slide,22 April 2016,2016-04-22,1,1
ARN/TWNG/78M14/2016/0022,Arunachal Pradesh,Tawang,New Lebrang slide,,27.589417,91.861444,Debris,Slide,23 April 2016,2016-04-23,1,1
ARN/TWNG/78M14/2016/0004,Arunachal Pradesh,Tawang,Namet Slide,,27.591389,91.9025,Rock-cum-Debris,Slide,23 April 2016,2016-04-23,1,1
ARN/TWNG/78M14/2016/0008,Arunachal Pradesh,Tawang,All India Radio Colony Slide,,27.591806,91.865028,Debris,Fall,22 April 2016,2016-04-22,1,1
ARN/TWNG/78M14/2016/0010,Arunachal Pradesh,Tawang,D.C. & S. P. Bungalows Slide,,27.593139,91.873889,Debris,Slide,22 April 2016,2016-04-22,1,1
ARN/TWNG/78M14/2016/0023,Arunachal Pradesh,Tawang,Changpu sinking zone,,27.593361,91.879444,Debris,Subsidence,23 April 2016,2016-04-23,1,1
ARN/TWNG/78M14/2016/0013,Arunachal Pradesh,Tawang,Duda Slide (District Urban Development Authority Colony),,27.594833,91.866417,Debris,Slide,22 April 2016,2016-04-22,1,1
ARN/TWNG/78M14/2016/0024,Arunachal Pradesh,Tawang,SSB Colony slide,,27.596639,91.878972,Debris,Slide,23 April 2016,2016-04-23,1,1
ARN/TWNG/78M14/2016/0025,Arunachal Pradesh,Tawang,Q.M. Store slide,,27.596639,91.878972,Debris,Slide,23 April 2016,2016-04-23,1,1
ARA/DIB/82P15/2024/01,Arunachal Pradesh,Lower Dibang Valley,Lower Dibang Valley Slope Failure (ARA/DIB/82P15/2024/01),,28.38919722,95.92776111,Rock,Flow,24 April 2024,2024-04-24,1,1
7386,Arunachal Pradesh,Papum Pare,Niti Vihar,,27.099285,93.614766,Earth/Soil,Subsidence,16 March 2026,2026-03-16,1,1
7583,Arunachal Pradesh,Lower Siang,Magi basti,Roadside landslide near Magi basti,27.715081,94.692035,Debris,Slide,28 June 2026,2026-06-28,1,1
MN/UKH/83L05/2018/001,Manipur,Ukhrul,Landslide at 1.5 km South of Leiting Village,NH102A.(Near Leiting Village),22.873558,92.755953,Debris,Slide,14 June 2018,2018-06-14,1,1
MAN/CHAN/83L03/2007/C-10,Manipur,Chandel,Bongyang slide,,24.40639,94.06583,Debris,Slide,7 September 2007,2007-09-07,1,1
MAN/TAM/83H09/2009-10/MN- 1,Manipur,Tamenglong,Tupul Slide,"Tupul (Along NH-53, Juncture of Tupul & Ijai Rivers)",24.792333,93.658222,Debris,Slide,10 June 2010,2010-06-10,1,1
MN/TGPL/83L03/2018/009,Manipur,Tengnoupal,Lokchao Landslide,Lokchao village,24.813306,93.243417,Rock,Slide,2 August 2018,2018-08-02,1,1
MAN/TAM/83H09/2007/C-1,Manipur,Tamenglong,Khongsong slide,,24.81722,93.51722,Debris,Slide,16 June 2007,2007-06-16,1,1
MAN/TAM/83H09/2007/C-13,Manipur,Tamenglong,Taobam landslide,,24.81778,93.51583,Debris,Slide,10 September 2007,2007-09-10,1,1
MAN/TAM/83H05/2008/C-19,Manipur,Tamenglong,Tamenglong-Khongsang road-2 slide,,24.83278,93.46333,Debris,Slide,1 July 2008,2008-07-01,1,1
MAN/TAM/83H05/2007/C-14,Manipur,Tamenglong,Lamkaolong slide,,24.84833,93.45917,Rock,Fall,12 September 2007,2007-09-12,1,1
MAN/TAM/83H05/2008/C-17,Manipur,Tamenglong,Tamenglong - Khongsang road slide,,24.84833,93.45917,Debris,Slide,19 June 2008,2008-06-19,1,1
MAN/TAM/83H09/2009-10/MN- 2,Manipur,Tamenglong,Lukhambi slide,"NH-53(Imphal-Jiribam, 3km from None towards Nungba)",24.862444,93.610639,Debris,Slide,05 June 2010,2010-06-05,1,1
MAN/TAM/83H05/2008/C-18,Manipur,Tamenglong,Tamenglong-Khongsang road (near Tabanglong) slide,,24.90139,93.45389,Debris,Slide,19 June 2008,2008-06-19,1,1
MN/NON/83H13/2018/001,Manipur,Noney,Kotlen landslide,NH37/Kotlen,24.9252,94.3371,Rock,Slide,06 June 2018,2018-06-06,1,1
MN/UKH/83L01/2018/48,Manipur,Ukhrul,Ukhrul Slope Failure (MN/UKH/83L01/2018/48),Mayophung,24.983528,94.158333,Earth/Soil,Slide,12 June 2018,2018-06-12,1,1
MN/TAM/83H05/2018/1,Manipur,Tamenglong,Tamenglong Slope Failure (MN/TAM/83H05/2018/1),New Kanan Tamenglong,24.983806,93.497528,Debris,Slide,22 June 2018,2018-06-22,1,1
MN/TMG/83H01/2018/001,Manipur,Tamenglong,Makru Bridge Landslide,NH37/ ImphalJiribam Highway/ Makru Bridge,24.985167,93.508306,Debris,Slide,3 May 2018,2018-05-03,1,1
MAN/TAM/83H09/2007/C-2,Manipur,Tamenglong,Tamenglong slide,,24.98611,93.50583,Debris,Slide,24 August 2007,2007-08-24,1,1
MAN/TAM/83H09/2007/C-7A,Manipur,Tamenglong,Capentry area slide,,24.99083,93.50583,Debris,Slide,28 August 2007,2007-08-28,1,1
MAN/TAM/83H09/2007/C-7B,Manipur,Tamenglong,Capentary area-2 slide,,24.99083,93.50583,Debris,Slide,28 August 2007,2007-08-28,1,1
MAN/TAM/83H05/2007/C-5,Manipur,Tamenglong,Guigailuang-2 slide,,24.99306,93.4975,Debris,Slide,28 August 2007,2007-08-28,1,1
MN/UKH/83L01/2018/14,Manipur,Ukhrul,Ukhrul Slope Failure (MN/UKH/83L01/2018/14),Lamlai Chingphei,24.994278,94.205917,Rock-cum-Debris,Slide,28 August 2007,2007-08-28,1,1
MAN/TAM/83H09/2007/C-6,Manipur,Tamenglong,Tamenglong-2 slide,,24.99694,93.50222,Debris,Slide,28 August 2007,2007-08-28,1,1
MN/KAN/83L01/2018/47,Manipur,Kangpokpi,Kangpokpi Slope Failure (MN/KAN/83L01/2018/47),Khonkon village,24.997972,94.020444,Rock-cum-Debris,Slide,28 August 2007,2007-08-28,1,1
MN/TMG/83H09/2018/001,Manipur,Tamenglong,New Salem Slide,New Salem (Along TamenglongTamei State Highway),25.047833,92.789306,Earth/Soil,Slide,11 July 2018,2018-07-11,1,1
MAN/SEN/83K03/2007/C-12,Manipur,Senapati,Shajouba landslide,,25.47217,94.15433,Debris,Slide,09 September 2007,2007-09-09,1,1
MA/TAM/83H05/2024/01,Manipur,Tamenglong,Dimthanlong landslide,Dimthanlong,24.979,93.496,Earth/Soil,Slide,29 July 2024,2024-07-29,1,1
MN-33/2011,Manipur,TAMENGLONG,Gadailong slide,,24.985,93.52113889,Earth/Soil,Slide,31 May 2011,2011-05-31,1,1
MN-34/2011,Manipur,TAMENGLONG,Sinam Kuki SLIDE,,24.79083333,93.72333333,Rock,Slide,6 July 2011,2011-07-06,1,1
ML-94/2011,Manipur,Ri-Bhoi,Umsaw Khwan slide,,25.67469444,91.88652778,Debris,Slide,26 June 2011,2011-06-26,1,1
MN-10/2010,Manipur,Tamenglong,None slide,,24.86469444,93.62116667,Debris,Slide,08 June 2010,2010-06-08,1,1
MN-11/2010,Manipur,Tamenglong,Khumji slide,,24.86297222,93.62397222,Debris,Slide,08 June 2010,2010-06-08,1,1
MN-12/2010,Manipur,Tamenglong,Khoupum slide,,24.73133333,93.92738889,Debris,Slide,28 March 2010,2010-03-28,1,1
Manipur/ Ukhrul/ 83 L5/ 2015/01,Manipur,Ukhrul,Phungyar Landslide,Phungyar village,24.82022222,94.35255556,Debris,Slide,30 July 2015,2015-07-30,1,1
6822,Manipur,Noney,Noney Slope Failure (6822),NH-37,24.846509,93.573533,Debris,Slide,31 May 2025,2025-05-31,1,1
6831,Manipur,Noney,Noney Slope Failure (6831),NH-37,24.863924,93.617853,Debris,Slide,05 June 2025,2025-06-05,1,1
MEG/EJH/83CO8/2018/01,Meghalaya,East Jaintia Hills,Sonapur 4km mile stone,NH-6,25.09178,92.35469,Rock,Slide,07 May 2018,2018-05-07,1,1
MEGH/JH/83C08/2007/D-23,Meghalaya,Jaintia Hills,Sonapur slide,NH-44,25.12186,92.388583,Debris,Flow,31 July 2007,2007-07-31,1,1
MEGH/JH/83C08/2007/D-22,Meghalaya,Jaintia Hills,Tongseng slide,NH - 44,25.134194,92.383528,Rock-cum-Debris,Slide,31 July 2007,2007-07-31,1,1
MEGH/WKH/78O04/2008/D-26,Meghalaya,West Khasi Hills,Rajai slide,,25.201,91.234,Debris,Fall,12 August 2008,2008-08-12,1,1
MEGH/WKH/78O04/2008/D-27,Meghalaya,West Khasi Hills,Shipur slide,,25.20283,91.20908,Debris,Fall,10 August 2008,2008-08-10,1,1
MEG/EKH/78O15/2022/01,Meghalaya,East Khasi Hills,East Khasi Hills Slope Failure (MEG/EKH/78O15/2022/01),,25.296,91.932,Rock,Slide,04 April 2022,2022-04-04,1,1
MEGH/EKH/78O11/2009/D-37,Meghalaya,East Khasi Hills,Umstew landslide,Road (Shillong-Sohra),25.300389,91.726722,Debris,Slide,29 June 2009,2009-06-29,1,1
ML/SWKH/78O07/2014/01,Meghalaya,South West Khasi Hills,Tynnai Ground crack,Tynnai Village,25.31458,91.45242,Rock,Creep,6 August 2013,2013-08-06,1,1
MEGH/WKH/78O07/2007/D-10,Meghalaya,West Khasi Hills,Tynnai (West) slide,,25.31488,91.44913,Rock-cum-Debris,Slide,19 July 2007,2007-07-19,1,1
MEGH/WKH/78O07/2007/D-11,Meghalaya,West Khasi Hills,Rangjadong slide,,25.31488,91.33367,Debris,Slide,19 July 2007,2007-07-19,1,1
ME/EKJ/78O15/2015/140,Meghalaya,East Khasi Hills,East Khasi Hills Slope Failure (ME/EKJ/78O15/2015/140),1 km SW of Myllad village,25.315176,91.923021,Rock,Slide,19 July 2007,2007-07-19,1,1
MEGH/WKH/78O07/2007/D-12,Meghalaya,West Khasi Hills,Tynnai East slide,,25.31848,91.45262,Debris,Fall,19 July 2007,2007-07-19,1,1
ME/EKJ/78O15/2015/134,Meghalaya,East Khasi Hills,East Khasi Hills Slope Failure (ME/EKJ/78O15/2015/134),Approach road to Nongsder,25.320833,91.9275,Rock,Slide,19 July 2007,2007-07-19,1,1
MEGH/WKH/78O07/2007/D-15,Meghalaya,West Khasi Hills,Jashiar East slide,,25.38803,91.46977,Debris,Slide,16 June 2007,2007-06-16,1,1
MEGH/WKH/78O11/2007/D-14,Meghalaya,West Khasi Hills,Jakrem East slide,,25.40023,91.5159,Debris,Slide,16 June 2007,2007-06-16,1,1
MEGH/WKH/78O07/2007/D-4,Meghalaya,West Khasi Hills,Mawthawiang slide,,25.4013,91.45855,Debris,Slide,18 August 2007,2007-08-18,1,1
MG/SGH/78K11/2018/7,Meghalaya,South Garo hills,Nengkhra-Nongalbibra road slide,NH-62,25.403061,90.724166,Debris,Slide,18 August 2007,2007-08-18,1,1
MEGH/WKH/78O07/2007/D-5,Meghalaya,West Khasi Hills,Umjarain East slide,,25.40547,91.53712,Rock-cum-Debris,Slide,18 August 2007,2007-08-18,1,1
ME/EKJ/78O15/2015/87,Meghalaya,East Khasi Hills,East Khasi Hills Slope Failure (ME/EKJ/78O15/2015/87),lyngshing approach road,25.407917,91.998889,Rock,Fall,18 August 2007,2007-08-18,1,1
MEGH/WKH/78O07/2007/D-3,Meghalaya,West Khasi Hills,Laitlawsnai slide,,25.425,91.405,Debris,Slide,18 August 2007,2007-08-18,1,1
MEGH/JH/78O15/2009/D-36,Meghalaya,Jaintia Hills,Laitlongkot slide,NH-40 (Shillong-Pynursla),25.43561,91.862056,Debris,Slide,17 July 2009,2009-07-17,1,1
MEGH/WKH/78O07/2007/D-13,Meghalaya,West Khasi Hills,Mawpon slide,,25.44465,91.34622,Debris,Slide,17 July 2007,2007-07-17,1,1
MEGH/WKH/78O06/2007/D-8,Meghalaya,West Khasi Hills,Nongjyllieh slide,,25.50335,91.28335,Rock,Slide,25 July 2007,2007-07-25,1,1
MEG/EKH/78O10/2021/04,Meghalaya,East Khasi Hills,East Khasi Hills Slope Failure (MEG/EKH/78O10/2021/04),,25.50368056,91.72342222,Rock,Slide,19 July 2007,2007-07-19,1,1
MEGH/WKH/78O06/2007/D-9,Meghalaya,West Khasi Hills,Nongjyllieh-2 slide,,25.50667,91.28318,Debris,Slide,19 July 2007,2007-07-19,1,1
MEGH/WGH/78K02/2007/D-19,Meghalaya,West Garo Hills,Tura town (Rishipara) slide,,25.51028,90.21678,Debris,Slide,27 July 2007,2007-07-27,1,1
MEGH/WKH/78O06/2007/D-7,Meghalaya,West Khasi Hills,Mawkawah slide,PWD road (SH),25.51973,91.28443,Debris,Fall,25 July 2007,2007-07-25,1,1
MEGH/WKH/78O06/2007/D-6,Meghalaya,West Khasi Hills,Lawab slide,Road (Nongstoin by pass),25.5208,91.25985,Rock-cum-Debris,Slide,25 July 2007,2007-07-25,1,1
MEGH/EKH/83C02/2009/D-34,Meghalaya,East Khasi Hills,Puriang-4 slide,NH-44 (Shillong - Silchar),25.54231,92.1,Rock-cum-Debris,Slide,1 July 2009,2009-07-01,1,1
MEGH/EKH/83C02/2009/D-31,Meghalaya,East Khasi Hills,Puriang slide,NH-44 (Shillong - Silchar),25.54261,92.10867,Debris,Slide,1 July 2009,2009-07-01,1,1
MEGH/EKH/83C02/2009/D-35,Meghalaya,Jaintia Hills,Kongong-2 slide,NH-44 (Shillong-Silchar road),25.54261,92.09842,Debris,Slide,1 July 2009,2009-07-01,1,1
MEGH/EKH/83C02/2009/D-33,Meghalaya,East Khasi Hills,Puriang-3 slide,NH-44 (Shillong - Silchar),25.54264,92.10214,Rock,Slide,1 July 2009,2009-07-01,1,1
MEGH/EKH/83C02/2009/D-32,Meghalaya,East Khasi Hills,Puriang-2 slide,NH-44 (Shillong - Silchar),25.54328,92.10478,Rock,Fall,1 July 2009,2009-07-01,1,1
MEGH/EKH/78O14/2007/D-17,Meghalaya,East Khasi Hills,Nongrimbah slide,,25.56667,91.90194,Debris,Slide,08 September 2007,2007-09-08,1,1
ML/EKH/78O14/2014/03,Meghalaya,East Khasi Hills,Barapathar,Barapathar,25.57822,91.86545,Debris,Slide,23 September 2014,2014-09-23,1,1
MEG/EKH/78O14/2024/01,Meghalaya,East Khasi Hills,East Khasi Hills Slope Failure (MEG/EKH/78O14/2024/01),,25.6251,91.9118,Rock,Slide,27 May 2024,2024-05-27,1,1
MEG/RB/78O14/2017/01,Meghalaya,Ri-Bhoi,Tharia slide,Tharia village,25.663444,91.915944,Debris,Slide,17 June 2017,2017-06-17,1,1
MEGH/WKH/78O02/2007/D-1,Meghalaya,West Khasi Hills,Nongjri (Porthangjah) slide,,25.68625,91.118358,Debris,Fall,15 September 2007,2007-09-15,1,1
MEG/WKH/78O10/2016/51,Meghalaya,West Khasi Hills,West Khasi Hills Slope Failure (MEG/WKH/78O10/2016/51),NongkhlawPatharkhammah road,25.687056,91.6485,Debris,Slide,15 September 2007,2007-09-15,1,1
MEGH/WKH/78O02/2007/D-2,Meghalaya,West Khasi Hills,Tynrong Mawsaw slide,,25.69483,91.11836,Debris,Slide,15 September 2007,2007-09-15,1,1
ME/EKJ/78O14/2015/23,Meghalaya,East Khasi Hills,East Khasi Hills Slope Failure (ME/EKJ/78O14/2015/23),NH-40,25.695552,91.903777,Debris,Slide,15 September 2007,2007-09-15,1,1
ML/RIB/78N16/2014/06,Meghalaya,Ri-Bhoi,19 Mile,GS Road,26.00294,91.86692,Debris,Slide,23 September 2014,2014-09-23,1,1
ML/RIB/78N16/2014/02,Meghalaya,Ri-Bhoi,17 Mile B,GS road,26.02547,91.87158,Earth/Soil,Slide,20 September 2014,2014-09-20,1,1
3344,Meghalaya,West Jaintia Hills,West Jaintia Hills Slope Failure (3344),,25.47704743,92.16831285,Debris,Slide,25 May 2020,2020-05-25,1,1
3348,Meghalaya,West Jaintia Hills,West Jaintia Hills Slope Failure (3348),,25.46307925,92.25426106,Earth/Soil,Slide,26 May 2020,2020-05-26,1,1
3215,Meghalaya,East Khasi Hills,East Khasi Hills Slope Failure (3215),,25.5667327,91.9146185,Debris,Slide,04 October 2024,2024-10-04,1,1
3351,Meghalaya,West Jaintia Hills,West Jaintia Hills Slope Failure (3351),,25.28422636,92.11294194,Debris,Slide,26 June 2020,2020-06-26,1,1
3345,Meghalaya,West Jaintia Hills,West Jaintia Hills Slope Failure (3345),,25.2842285,92.11314877,Rock,Slide,26 May 2020,2020-05-26,1,1
ME/SWKH/78O07/2024/4,Meghalaya,South West Khasi Hills,Manad slide-1,Manad village,25.29967,91.46108,Debris,Slide,15 June 2024,2024-06-15,1,1
ME/SWKH/78O072024/7,Meghalaya,South West Khasi Hills,Manad slide-4,Manad village,25.29739,91.46201,Debris,Slide,17 June 2024,2024-06-17,1,1
ME/RIB/78O13/2024/10,Meghalaya,Ri-Bhoi,Umran Dairy slide,Umran Dairy village,25.781246,91.874475,Earth/Soil,Slide,6 July 2024,2024-07-06,1,1
ME/EKH/78O15/2025/02,Meghalaya,East Khasi Hills,Laitlyngkot- Pomlum slide 1,NH-206,25.422278,91.867694,Rock,Slide,30 May 2025,2025-05-30,1,1
ME/EKH/78O15/2025/03,Meghalaya,East Khasi Hills,Laitlyngkot-Pomlum slide 2,NH-206,25.43480556,91.85952778,Debris,Slide,30 May 2025,2025-05-30,1,1
ME/EKH/78O15/2025/04,Meghalaya,East Khasi Hills,11th Mile slide2,NH-206,25.48716667,91.81936111,Debris,Slide,30 May 2025,2025-05-30,1,1
ME/EKH/78O15/2025/08,Meghalaya,East Khasi Hills,Mawrah Rock slide,Laitkroh –Khadarshnog road sector,25.366201,91.767213,Rock,Slide,31 May 2025,2025-05-31,1,1
ME/EKH/78O15/2025/09,Meghalaya,East Khasi Hills,Mawkhnai landslide,Laitkroh –Khadarshnog road sector,25.355042,91.767525,Debris,Slide,31 May 2025,2025-05-31,1,1
ME/EKH/78O15/2025/10,Meghalaya,East Khasi Hills,War-War landslide,Laitkroh –Khadarshnog road sector,25.340415,91.774142,Debris,Slide,31 May 2025,2025-05-31,1,1
ML-1/2010,Meghalaya,East Khasi Hills,Wall collase of mosque,,25.57711111,91.88141667,Debris,Slide,27 August 2010,2010-08-27,1,1
ML-2/2010,Meghalaya,East Khasi Hills,Meghalaya Police's C.I.D Quarters,,25.56183333,91.86855556,Debris,Slide,28 June 2010,2010-06-28,1,1
ML-3/2010,Meghalaya,East Khasi Hills,Lumsohra,,25.57188889,91.90127778,Debris,Slide,28 June 2010,2010-06-28,1,1
ML-4/2010,Meghalaya,East Khasi Hills,CathedralChurch,,25.56852778,91.89219444,Debris,Slide,28 June 2010,2010-06-28,1,1
ML-6/2010,Meghalaya,Jaintia Hills,Tongseng Landslide,,25.13561111,92.3805,Debris,Slide,22 April 2010,2010-04-22,1,1
ML-7/2010,Meghalaya,Jaintia Hills,Tongseng Landslide,,25.13486111,92.382,Debris,Slide,22 April 2010,2010-04-22,1,1
ML-8/2010,Meghalaya,Jaintia Hills,Sonapur,,25.12383333,92.38519444,Debris,Slide,22 April 2010,2010-04-22,1,1
ML-9/2010,Meghalaya,Jaintia Hills,Kulyng Slide,,25.07533333,92.36341667,Debris,Slide,22 April 2010,2010-04-22,1,1
ML-10/2010,Meghalaya,Jaintia Hills,Umkiang Slide,,25.05108333,92.40219444,Debris,Slide,22 April 2010,2010-04-22,1,1
ML-11/2010,Meghalaya,Jaintia Hills,Dona Slide,,25.04305556,92.42041667,Debris,Slide,22 April 2010,2010-04-22,1,1
ML-12/2010,Meghalaya,Jaintia Hills,Ratachera Slide,,25.04222222,92.44127778,Debris,Slide,22 April 2010,2010-04-22,1,1
ML- 94/2011,Meghalaya,Ri-Bhoi,Umsaw Khwan slide,,25.67469444,91.88652778,Earth/Soil,Slide,26 June 2011,2011-06-26,1,1
MEG/EKH/SHILLONG/02,Meghalaya,East Khasi Hills,Rynjah,Rynjah GSI Office slide,25.56663056,91.91370556,Rock-cum-Debris,Slide,10 July 2019,2019-07-10,1,1
ML/EKH/78O11/2019-20/03,Meghalaya,East Khasi Hills,"Mawsynram, East Khasi Hills District, Meghalaya",Mawsynram - Lawbah,25.281,91.57330556,Debris,Slide,7 July 2019,2019-07-07,1,1
MEG/EKH/78O8/2019/07,Meghalaya,East Khasi Hills,Balat road slide - I,Pomblang Landslide,25.23211111,91.37252778,Debris,Slide,27 June 2019,2019-06-27,1,1
MEG/EKH/78O8/2019/08,Meghalaya,East Khasi Hills,Balat road,Balat road slide - II,25.22194444,91.38422222,Debris,Slide,27 June 2019,2019-06-27,1,1
MEG/EKH/78O8/2019/11,Meghalaya,East Khasi Hills,Balat-Shella road,Balat 4 km Slide,25.18688889,91.39855556,Debris,Slide,27 June 2019,2019-06-27,1,1
MEG/WJH/83C3/2020/2,Meghalaya,West Jaintia Hills,Iawmusiang Wahthanad,Iawmusiang Landslide - I,25.44233333,92.19447222,Debris,Slide,26 May 2020,2020-05-26,1,1
MEG/WJH/83C3/2020/3,Meghalaya,West Jaintia Hills,Iawmusiang Wahthanad,Iawmusiang Landslide - II,25.44177778,92.19558333,Debris,Slide,26 May 2020,2020-05-26,1,1
MEG/WJH/83C3/2020/5,Meghalaya,West Jaintia Hills,Chutwakhu Rd near Govt. Boy’s Higher secondary school,Chutwakhu road landslide,25.43630556,92.19525,Earth/Soil,Slide,26 May 2020,2020-05-26,1,1
MEG/WJH/83C3/2020/6,Meghalaya,West Jaintia Hills,Chilliangraij,Chilliangraij Landslide,25.43505556,92.19836111,Debris,Slide,26 May 2020,2020-05-26,1,1
MEG/WJH/83C3/2020/7,Meghalaya,West Jaintia Hills,Salaroh,Salaroh Landslide,25.44741667,92.20138889,Earth/Soil,Slide,26 May 2020,2020-05-26,1,1
MEG/WJH/83C3/2020/8,Meghalaya,West Jaintia Hills,Caroline colony,Caroline-Jowai,25.45075,92.19452778,Debris,Slide,26 May 2020,2020-05-26,1,1
MEG/WJH/83C3/2020/9,Meghalaya,West Jaintia Hills,Shillong-Agartala-Sabrum Rd,Shillong-Agartala-Sabrum Rd,25.45351667,92.18784722,Earth/Soil,Slide,26 May 2020,2020-05-26,1,1
MEG/SG/78K12/2022/03,Meghalaya,South Garo Hills,Baghmara along the road.,Bhagmara slide,25.21022222,90.63220278,Debris,Slide,17 June 2022,2022-06-17,1,1
MEG/EKH/78O15/2023/01,Meghalaya,East Khasi Hills,NH-40,"Ryngngain slide, before Lyngkyrdem village",25.365263,91.878497,Rock,Slide,13 April 2023,2023-04-13,1,1
MEG/WJH/83C03/2023-24/2,Meghalaya,West Jaintia Hills,Pynthor Langtein village,Pynthor Langtein slide,25.41955556,92.16194444,Earth/Soil,Slide,10 August 2023,2023-08-10,1,1
ME/EWK/2025/1,Meghalaya,Eastern-West Khasi Hill,Kynshi,,25.55256111,91.61870278,Debris,Fall,28 June 2024,2024-06-28,1,1
6892,Meghalaya,South West Khasi Hills,Wamney,Village Road,25.39295833,91.55163333,Debris,Slide,28 May 2024,2024-05-28,1,1
6874,Meghalaya,South West Khasi Hills,Jakarm,Mawkyrwat-Shillong Road,25.37129167,91.48003056,Debris,Fall,15 June 2024,2024-06-15,1,1
ME/SWK/2025/4,Meghalaya,South West Khasi Hills,Mawkyllung,Mawkyllung-Nongstoin Road,25.40288611,91.43424167,Debris,Fall,28 May 2024,2024-05-28,1,1
6891,Meghalaya,West Khasi Hills,Mawrok Sohsat,Mairang-Nongstoin Road,25.531739,91.296177,Debris,Slide,02 July 2024,2024-07-02,1,1
ME/WKH/2025/6,Meghalaya,West Khasi Hills,Sohpian,Mairang-Nongstoin Road,25.540056,91.314142,Debris,Fall,02 July 2024,2024-07-02,1,1
6890,Meghalaya,East Khasi Hills,Rymbai Petrol Pump(BPCL),Shillong-Umiam Road,25.641242,91.894137,Debris,Fall,02 July 2024,2024-07-02,1,1
4694,Meghalaya,East Khasi Hills,Mowing Rim,Umiam Road,25.65057222,91.89351389,Debris,Fall,02 July 2024,2024-07-02,1,1
6889,Meghalaya,East Khasi Hills,Umiam Lake,Umiam Road,25.64887222,91.89692778,Debris,Slide,02 July 2024,2024-07-02,1,1
ME/SWK/2025/16,Meghalaya,South West Khasi Hills,Mawiang,SH-3,25.619397,91.61704,Debris,Slide,30 May 2025,2025-05-30,1,1
4695,Meghalaya,Eastern-West Khasi Hill,Mawblei,SH-3,25.65443889,91.62390833,Debris,Fall,30 May 2025,2025-05-30,1,1
4696,Meghalaya,Eastern-West Khasi Hill,Nongkhlaw,SH-3,25.65443889,91.63345833,Debris,Slide,30 May 2025,2025-05-30,1,1
4697,Meghalaya,Eastern-West Khasi Hill,Nongkhlaw,SH-3,25.65977222,91.63440556,Debris,Fall,30 May 2025,2025-05-30,1,1
ME/EKH/2025/20,Meghalaya,East Khasi Hills,Umiam Hydal Project,GS Road,25.65308889,91.89803889,Debris,Slide,01 July 2024,2024-07-01,1,1
4699,Meghalaya,East Khasi Hills,Umiam Hydal Project,GS Road,25.65341111,91.89819444,Debris,Slide,01 July 2024,2024-07-01,1,1
ME/RIB/2025/22,Meghalaya,Ri-Bhoi,Umiam Hydal Project,GS Road,25.66315,91.90180278,Debris,Fall,30 May 2025,2025-05-30,1,1
4701,Meghalaya,Ri-Bhoi,Umsawlum A,GS Road,25.67032222,91.90487222,Debris,Slide,30 May 2025,2025-05-30,1,1
ME/RIB/2025/24,Meghalaya,Ri-Bhoi,Umiam Flyover,Guwahati-Shillong Road,25.67517222,91.8983,Debris,Fall,30 June 2024,2024-06-30,1,1
ME/EKH/2025/25,Meghalaya,East Khasi Hills,Lewmawiong,NH-206,25.42315556,91.86329167,Debris,Slide,31 May 2025,2025-05-31,1,1
4702,Meghalaya,East Khasi Hills,Lait-Sohphie,AH-2,25.30127778,91.92198889,Debris,Slide,30 May 2025,2025-05-30,1,1
4700,Meghalaya,Ri-Bhoi,Umiam,NH-6,25.67546111,91.89726944,Rock,Fall,30 June 2024,2024-06-30,1,1
ME/RIB/2025/28,Meghalaya,Ri-Bhoi,Ri-Bhoi Slope Failure (ME/RIB/2025/28),NH-6,25.67761389,91.89865833,Debris,Slide,30 May 2025,2025-05-30,1,1
ME/EWK/2026/29,Meghalaya,Eastern-West Khasi Hill,Umkrem,Umkrem,25.49551944,91.49585278,Debris,Slide,02 July 2025,2025-07-02,1,1
ME/EWK/2026/30,Meghalaya,South West Khasi Hills,Mawpud,Ranikor,25.28247222,91.36413333,Debris,Slide,30 May 2025,2025-05-30,1,1
ME/SWK/2026/31,Meghalaya,South West Khasi Hills,Mawpud,Ranikor,25.28090556,91.36584722,Debris,Slide,30 May 2025,2025-05-30,1,1
ME/RIB/2026/32,Meghalaya,Ri-Bhoi,Umbang 1,NH-6,25.68255833,91.90111389,Debris,Slide,30 June 2024,2024-06-30,1,1
7236,Meghalaya,Ri-Bhoi,Umbang 2,NH-6,25.68591944,91.90256667,Debris,Slide,30 June 2024,2024-06-30,1,1
7237,Meghalaya,Ri-Bhoi,Sahkynduh,NH-6,25.71165556,91.89512778,Debris,Slide,30 May 2025,2025-05-30,1,1
7239,Meghalaya,Ri-Bhoi,Ri-Bhoi Pataraim,NH-6,25.75297778,91.88535278,Debris,Fall,30 May 2025,2025-05-30,1,1
7240,Meghalaya,Ri-Bhoi,Umsamlan 1,NH-6,25.79744444,91.87408611,Debris,Slide,14 June 2024,2024-06-14,1,1
ME/RIB/2026/37,Meghalaya,Ri-Bhoi,Umsamlan 2,NH-6,25.80725833,91.87509444,Debris,Slide,14 July 2024,2024-07-14,1,1
7242,Meghalaya,West Khasi Hills,West Khasi Hills Slope Failure (7242),Nongstoin-RongjongTura Road,25.62269444,91.16914444,Debris,Slide,02 July 2024,2024-07-02,1,1
ME/WKH/2026/39,Meghalaya,West Khasi Hills,West Khasi Hills Slope Failure (ME/WKH/2026/39),Nongstoin-RongjongTura Road,25.61276111,91.17375278,Debris,Slide,02 July 2024,2024-07-02,1,1
7243,Meghalaya,West Khasi Hills,West Khasi Hills Slope Failure (7243),Nongstoin-RongjongTura Road,25.66156667,91.13485278,Debris,Slide,02 July 2024,2024-07-02,1,1
7244,Meghalaya,Eastern-West Khasi Hill,Nongkhlaw-Tirotsing 1,Mairang-Guwahati Road,25.69150833,91.64160833,Debris,Slide,29 May 2025,2025-05-29,1,1
ME/EWK/2026/42,Meghalaya,Eastern-West Khasi Hill,Nongkhlaw-Tirotsing 2,Mairang-Guwahati Road,25.69517778,91.64123611,Debris,Slide,30 May 2025,2025-05-30,1,1
ME/EWK/2026/43,Meghalaya,Eastern-West Khasi Hill,Eastern-West Khasi Hill Slope Failure (ME/EWK/2026/43),Mairang-Guwahati Road,25.69688611,91.64176667,Debris,Slide,25 June 2025,2025-06-25,1,1
ME/EWK/2026/44,Meghalaya,Eastern-West Khasi Hill,Nongkhlaw-Tirotsing 3,Mairang-Guwahati Road,25.70087778,91.642902,Debris,Slide,08 October 2024,2024-10-08,1,1
ME/EWK/2026/45,Meghalaya,Eastern-West Khasi Hill,Nongkhlaw-Tirotsing 4,Mairang-Guwahati Road,25.69866667,91.64517222,Debris,Slide,06 August 2024,2024-08-06,1,1
7245,Meghalaya,Eastern-West Khasi Hill,Eastern-West Khasi Hill Slope Failure (7245),Mairang-Guwahati Road,25.69683611,91.64485556,Debris,Slide,06 August 2024,2024-08-06,1,1
ME/EWK/2026/47,Meghalaya,Eastern-West Khasi Hill,Eastern-West Khasi Hill Slope Failure (ME/EWK/2026/47),Mairang-Guwahati Road,25.69523333,91.64426944,Debris,Slide,30 May 2025,2025-05-30,1,1
ME/EWK/2026/48,Meghalaya,Eastern-West Khasi Hill,Eastern-West Khasi Hill Slope Failure (ME/EWK/2026/48),Mairang-Guwahati Road,25.69463611,91.64577778,Debris,Slide,30 May 2025,2025-05-30,1,1
ME/EWK/2026/49,Meghalaya,Eastern-West Khasi Hill,Eastern-West Khasi Hill Slope Failure (ME/EWK/2026/49),Mairang-Guwahati Road,25.68698889,91.64812222,Rock,Slide,28 May 2025,2025-05-28,1,1
ME/EWK/2026/50,Meghalaya,Eastern-West Khasi Hill,Eastern-West Khasi Hill Slope Failure (ME/EWK/2026/50),Mairang-Guwahati Road,25.68690556,91.64915278,Debris,Fall,28 May 2025,2025-05-28,1,1
ME/EWK/2026/51,Meghalaya,Eastern-West Khasi Hill,Eastern-West Khasi Hill Slope Failure (ME/EWK/2026/51),Nongkhlaw-Guwahati Road,25.688833,91.653639,Earth/Soil,Slide,25 June 2025,2025-06-25,1,1
7246,Meghalaya,Eastern-West Khasi Hill,Eastern-West Khasi Hill Slope Failure (7246),Mairang-Guwahati Road,25.68798889,91.65838889,Debris,Slide,28 May 2024,2024-05-28,1,1
7247,Meghalaya,Eastern-West Khasi Hill,Eastern-West Khasi Hill Slope Failure (7247),Nongkhlaw-Guwahati Road,25.68805,91.66653,Debris,Slide,28 May 2024,2024-05-28,1,1
ME/EWK/2026/54,Meghalaya,Eastern-West Khasi Hill,Eastern-West Khasi Hill Slope Failure (ME/EWK/2026/54),Mairang-Guwahati Road,25.68822222,91.66746111,Debris,Slide,11 June 2025,2025-06-11,1,1
7248,Meghalaya,Eastern-West Khasi Hill,Mawiongkhri,Nongkhlaw-Guwahati Road,25.69007,91.67085,Debris,Slide,11 June 2025,2025-06-11,1,1
7249,Meghalaya,Eastern-West Khasi Hill,Umniangriang,Mairang-Guwahati Road,25.733262,91.675754,Debris,Slide,11 June 2025,2025-06-11,1,1
7250,Meghalaya,Eastern-West Khasi Hill,Boulder Stone Quarry Site,Mairang-Guwahati Road,25.762051,91.658959,Debris,Slide,29 May 2024,2024-05-29,1,1
ME/EWK/2026/58,Meghalaya,Eastern-West Khasi Hill,Mawpat,Mairang-Guwahati Road,25.770935,91.656497,Debris,Slide,29 May 2024,2024-05-29,1,1
7251,Meghalaya,Eastern-West Khasi Hill,Madpan,Mairang-Guwahati Road,25.791616,91.658242,Debris,Slide,29 May 2024,2024-05-29,1,1
ME/EWK/2026/60,Meghalaya,Eastern-West Khasi Hill,Eastern-West Khasi Hill Slope Failure (ME/EWK/2026/60),Mairang-Guwahati Road,25.803984,91.659801,Debris,Slide,28 August 2024,2024-08-28,1,1
7252,Meghalaya,Eastern-West Khasi Hill,Mawkarah,Nongkhlaw Road,25.700668,91.596815,Debris,Slide,31 May 2025,2025-05-31,1,1
ME/EWK/2026/62,Meghalaya,Eastern-West Khasi Hill,Eastern-West Khasi Hill Slope Failure (ME/EWK/2026/62),Jakhong Road,25.739454,91.572107,Debris,Slide,31 May 2025,2025-05-31,1,1
7598,Meghalaya,South West Garo Hills,Betasing,Kongpara,25.567423,89.979711,Debris,Slide,13 July 2026,2026-07-13,1,1
3442,Meghalaya,East Khasi Hills,Pohkseh,BL-D/24,25.566518,91.914509,Rock,Fall,19 August 2025,2025-08-19,1,1
MIZO/AIZ/84A10/2007/E-3,Mizoram,Aizawl,Bawng Venglai slide,,23.751694,92.731528,Debris,Slide,8 September 2007,2007-09-08,1,1
MZ/AZL/84A10/2024/001,Mizoram,Aizawl,Aizawl Slope Failure (MZ/AZL/84A10/2024/001),"Luangmual, Aizawl",23.73888889,92.69638889,Debris,Slide,28 May 2024,2024-05-28,1,1
MZ/AZL/84A10/2024/002,Mizoram,Aizawl,Aizawl Slope Failure (MZ/AZL/84A10/2024/002),"Luangmual, Aizawl",23.73947222,92.69666667,Debris,Complex,28 May 2024,2024-05-28,1,1
MZ/AZL/84A10/2024/003,Mizoram,Aizawl,Aizawl Slope Failure (MZ/AZL/84A10/2024/003),"Luangmual, Aizawl",23.74027778,92.69722222,Earth/Soil,Slide,28 May 2024,2024-05-28,1,1
MZ/AZL/84A10/2024/004,Mizoram,Aizawl,Aizawl Slope Failure (MZ/AZL/84A10/2024/004),"Luangmual, Aizawl",23.74066667,92.69336111,Debris,Slide,28 May 2024,2024-05-28,1,1
MZ/AZL/84A10/2024/005,Mizoram,Aizawl,Aizawl Slope Failure (MZ/AZL/84A10/2024/005),"Mizoram Law College, Luangmual, Aizawl",23.7385748,92.6941941,Debris,Slide,28 May 2024,2024-05-28,1,1
MZ/AZL/84A10/2024/006,Mizoram,Aizawl,Aizawl Slope Failure (MZ/AZL/84A10/2024/006),"R Romawia (L) Chawlhhmun, Aizawl",23.74472222,92.69277778,Debris,Slide,28 May 2024,2024-05-28,1,1
MZ/AZL/84A10/2024/007,Mizoram,Aizawl,Aizawl Slope Failure (MZ/AZL/84A10/2024/007),"Luangmual, Aizawl",23.74116667,92.69455556,Debris,Slide,28 May 2024,2024-05-28,1,1
MZ/AZL/84A10/2024/008,Mizoram,Aizawl,Aizawl Slope Failure (MZ/AZL/84A10/2024/008),"Luangmual - Ainawn road, Aizawl",23.7375,92.69444444,Debris,Slide,28 May 2024,2024-05-28,1,1
MZ/AZL/84A10/2024/009,Mizoram,Aizawl,Aizawl Slope Failure (MZ/AZL/84A10/2024/009),"Luangmual-Ainawn road, Aizawl",23.73386111,92.69491667,Debris,Complex,28 May 2024,2024-05-28,1,1
MZ/AZL/84A10/2024/010,Mizoram,Aizawl,Aizawl Slope Failure (MZ/AZL/84A10/2024/010),"Ainawn Veng, Aizawl",23.72669444,92.69519444,Debris,Complex,28 May 2024,2024-05-28,1,1
MZ/AZL/84A10/2024/011,Mizoram,Aizawl,Aizawl Slope Failure (MZ/AZL/84A10/2024/011),"Ainawn, Aizawl.",23.73361111,92.69388889,Earth/Soil,Slide,28 May 2024,2024-05-28,1,1
MZ/AZL/84A10/2024/012,Mizoram,Aizawl,Aizawl Slope Failure (MZ/AZL/84A10/2024/012),"Zonuam, Aizawl",23.73472222,92.695,Earth/Soil,Slide,28 May 2024,2024-05-28,1,1
MZ/AZL/84A10/2024/014,Mizoram,Aizawl,Aizawl Slope Failure (MZ/AZL/84A10/2024/014),"Zonuam, Aizawl",23.73305556,92.69944444,Debris,Slide,28 May 2024,2024-05-28,1,1
MZ/AZL/84A10/2024/015,Mizoram,Aizawl,Aizawl Slope Failure (MZ/AZL/84A10/2024/015),"Zonuam, Aizawl",23.74972222,92.69833333,Debris,Slide,28 May 2024,2024-05-28,1,1
MZ/AZL/84A10/2024/016,Mizoram,Aizawl,Aizawl Slope Failure (MZ/AZL/84A10/2024/016),"Chawnpui, Aizawl",23.73111111,92.70222222,Debris,Slide,28 May 2024,2024-05-28,1,1
MZ/AZL/84A10/2024/017,Mizoram,Aizawl,Aizawl Slope Failure (MZ/AZL/84A10/2024/017),"Chawnpui, Aizawl",23.73111111,92.70388889,Debris,Slide,28 May 2024,2024-05-28,1,1
MZ/AZL/84A10/2024/018,Mizoram,Aizawl,Aizawl Slope Failure (MZ/AZL/84A10/2024/018),"Chawnpui, Aizawl",23.73333333,92.70527778,Debris,Slide,28 May 2024,2024-05-28,1,1
MZ/AZL/84A10/2024/020,Mizoram,Aizawl,Aizawl Slope Failure (MZ/AZL/84A10/2024/020),"Zonuam, Aizawl",23.73583333,92.69777778,Debris,Slide,28 May 2024,2024-05-28,1,1
MZ/AZL/84A10/2024/021,Mizoram,Aizawl,Aizawl Slope Failure (MZ/AZL/84A10/2024/021),"Kanaan Cemetery, Aizawl",23.73132778,92.70821944,Debris,Slide,28 May 2024,2024-05-28,1,1
MZ/AZL/84A10/2024/022,Mizoram,Aizawl,Aizawl Slope Failure (MZ/AZL/84A10/2024/022),"MINECO, Aizawl",23.72428333,92.70737778,Debris,Slide,28 May 2024,2024-05-28,1,1
MZ/AZL/84A10/2024/023,Mizoram,Aizawl,Aizawl Slope Failure (MZ/AZL/84A10/2024/023),"Bungkawn, Aizawl",23.72276944,92.70665,Debris,Slide,28 May 2024,2024-05-28,1,1
MZ/AZL/84A10/2024/024,Mizoram,Aizawl,Aizawl Slope Failure (MZ/AZL/84A10/2024/024),"Mission Vengthlang, Aizawl",23.71446389,92.71146389,Debris,Flow,28 May 2024,2024-05-28,1,1
MZ/AZL/84A10/2024/025,Mizoram,Aizawl,Aizawl Slope Failure (MZ/AZL/84A10/2024/025),"MSVT to Reiek Road, Aizawl",23.71581111,92.70935,Debris,Slide,28 May 2024,2024-05-28,1,1
MZ/AZL/84A10/2024/026,Mizoram,Aizawl,Aizawl Slope Failure (MZ/AZL/84A10/2024/026),"Bungkawn, Nursery, Aizawl",23.71595,92.70879444,Debris,Complex,28 May 2024,2024-05-28,1,1
MZ/AZL/84A10/2024/027,Mizoram,Aizawl,Aizawl Slope Failure (MZ/AZL/84A10/2024/027),"Nursery Veng, Aizawl",23.7175,92.70666667,Earth/Soil,Slide,28 May 2024,2024-05-28,1,1
MZ/AZL/84A10/2024/0028,Mizoram,Aizawl,Aizawl Slope Failure (MZ/AZL/84A10/2024/0028),"Nursery Veng, Aizawl",23.71740833,92.70644167,Earth/Soil,Slide,28 May 2024,2024-05-28,1,1
MZ/AZL/84A10/2024/029,Mizoram,Aizawl,Aizawl Slope Failure (MZ/AZL/84A10/2024/029),"Nursery Veng, Aizawl",23.71735556,92.70753333,Earth/Soil,Complex,28 May 2024,2024-05-28,1,1
MZ/AZL/84A10/2024/030,Mizoram,Aizawl,Aizawl Slope Failure (MZ/AZL/84A10/2024/030),"Nursery Veng, Aizawl",23.71721667,92.70777778,Debris,Slide,28 May 2024,2024-05-28,1,1
MZ/AZL/84A10/2024/031,Mizoram,Aizawl,Aizawl Slope Failure (MZ/AZL/84A10/2024/031),"Nursery Veng, Aizawl",23.71697222,92.70817222,Debris,Complex,28 May 2024,2024-05-28,1,1
MZ/AZL/84A10/2024/032,Mizoram,Aizawl,Aizawl Slope Failure (MZ/AZL/84A10/2024/032),"Mission Vengthlang, Aizawl",23.71305556,92.70895833,Debris,Slide,28 May 2024,2024-05-28,1,1
MZ/AZL/84A10/2024/033,Mizoram,Aizawl,Aizawl Slope Failure (MZ/AZL/84A10/2024/033),"Model Veng, Aizawl",23.71523056,92.71529167,Debris,Slide,28 May 2024,2024-05-28,1,1
MZ/AZL/84A10/2024/034,Mizoram,Aizawl,Aizawl Slope Failure (MZ/AZL/84A10/2024/034),"Chanmari-Chanmari West, Aizawl",23.74,92.715,Debris,Complex,28 May 2024,2024-05-28,1,1
MZ/AZL/84A10/2024/035,Mizoram,Aizawl,Aizawl Slope Failure (MZ/AZL/84A10/2024/035),"Chanmari-Chanmari west, Aizawl",23.73944444,92.71472222,Rock,Fall,28 May 2024,2024-05-28,1,1
MZ/AZL/84A10/2024/036,Mizoram,Aizawl,Aizawl Slope Failure (MZ/AZL/84A10/2024/036),"Salem Veng, Aizawl",23.71138889,92.72444444,Earth/Soil,Slide,28 May 2024,2024-05-28,1,1
MZ/AZL/84A10/2024/037,Mizoram,Aizawl,Aizawl Slope Failure (MZ/AZL/84A10/2024/037),"Mission Veng, Aizawl",23.71638889,92.72111111,Debris,Slide,28 May 2024,2024-05-28,1,1
MZ/AZL/84A10/2024/038,Mizoram,Aizawl,Aizawl Slope Failure (MZ/AZL/84A10/2024/038),"Salem Veng, Aizawl",23.71444444,92.72861111,Debris,Slide,28 May 2024,2024-05-28,1,1
MZ/AZL/84A10/2024/041,Mizoram,Aizawl,Aizawl Slope Failure (MZ/AZL/84A10/2024/041),"Salem Veng cemetery, Aizawl",23.71571389,92.72659722,Debris,Slide,28 May 2024,2024-05-28,1,1
MZ/AZL/84A10/2024/042,Mizoram,Aizawl,Aizawl Slope Failure (MZ/AZL/84A10/2024/042),"Venghnuai, Aizawl",23.7104,92.72237778,Debris,Slide,28 May 2024,2024-05-28,1,1
MZ/AZL/84A10/2024/043,Mizoram,Aizawl,Aizawl Slope Failure (MZ/AZL/84A10/2024/043),"Republic Veng, Aizawl",23.71865833,92.72335278,Debris,Complex,28 May 2024,2024-05-28,1,1
MZ/AZL/84A10/2024/044,Mizoram,Aizawl,Aizawl Slope Failure (MZ/AZL/84A10/2024/044),"Republic Veng, Lungli Road, Aizawl",23.7175,92.71972222,Debris,Complex,19 September 2023,2023-09-19,1,1
MZ/AZL/84A10/2024/045,Mizoram,Aizawl,Aizawl Slope Failure (MZ/AZL/84A10/2024/045),"Kulikawn cemetery, Aizawl",23.71,92.71611111,Debris,Slide,28 May 2024,2024-05-28,1,1
MZ/AZL/84A10/2024/047,Mizoram,Aizawl,Aizawl Slope Failure (MZ/AZL/84A10/2024/047),"Kulikawn, Aizawl",23.70666667,92.71444444,Debris,Flow,28 May 2024,2024-05-28,1,1
MZ/AZL/84A10/2024/048,Mizoram,Aizawl,Aizawl Slope Failure (MZ/AZL/84A10/2024/048),"Tlangnuam, Aizawl",23.70527778,92.71138889,Debris,Slide,28 May 2024,2024-05-28,1,1
MZ/AZL/84A10/2024/049,Mizoram,Aizawl,Aizawl Slope Failure (MZ/AZL/84A10/2024/049),"Tlangnuam CP Road, Aizawl",23.70416667,92.71222222,Earth/Soil,Slide,28 May 2024,2024-05-28,1,1
MZ/AZL/84A10/2024/050,Mizoram,Aizawl,Aizawl Slope Failure (MZ/AZL/84A10/2024/050),"Tlangnuam Vengthar, Aizawl",23.70027778,92.71611111,Debris,Slide,28 May 2024,2024-05-28,1,1
MZ/AZL/84A10/2024/051,Mizoram,Aizawl,Aizawl Slope Failure (MZ/AZL/84A10/2024/051),"Tlangnuam Vengthar, Aizawl",23.69972222,92.71694444,Debris,Slide,28 May 2024,2024-05-28,1,1
MZ/AZL/84A10/2024/052,Mizoram,Aizawl,Aizawl Slope Failure (MZ/AZL/84A10/2024/052),"Trinity Hospital, Silaimual, Aizawl",23.68027778,92.72472222,Debris,Slide,28 May 2024,2024-05-28,1,1
MZ/AZL/84A10/2024/053,Mizoram,Aizawl,Aizawl Slope Failure (MZ/AZL/84A10/2024/053),"Melthum to Hualngohmun Road, Aizawl",23.67805556,92.72,Debris,Slide,28 May 2024,2024-05-28,1,1
MZ/AZL/84A10/2024/054,Mizoram,Aizawl,Aizawl Slope Failure (MZ/AZL/84A10/2024/054),"Paikhai, Melriat, Aizawl",23.64333333,92.73444444,Earth/Soil,Slide,28 May 2024,2024-05-28,1,1
MZ/AZL/84A10/2024/055,Mizoram,Aizawl,Aizawl Slope Failure (MZ/AZL/84A10/2024/055),"Melriat, Aizawl",23.64638889,92.72638889,Debris,Slide,02 October 2023,2023-10-02,1,1
MZ/AZL/84A10/2024/056,Mizoram,Aizawl,Aizawl Slope Failure (MZ/AZL/84A10/2024/056),"Melriat, Aizawl",23.64638889,92.72527778,Debris,Slide,28 May 2024,2024-05-28,1,1
MZ/AZL/84A10/2024/057,Mizoram,Aizawl,Aizawl Slope Failure (MZ/AZL/84A10/2024/057),Kelsih,23.63111111,92.72388889,Debris,Slide,28 May 2024,2024-05-28,1,1
MZ/AZL/84A10/2024/058,Mizoram,Aizawl,Aizawl Slope Failure (MZ/AZL/84A10/2024/058),"Kelsih, Aizawl",23.63055556,92.72305556,Debris,Complex,28 May 2024,2024-05-28,1,1
MZ/AZL/84A10/2024/059,Mizoram,Aizawl,Aizawl Slope Failure (MZ/AZL/84A10/2024/059),"Falkawn, Aizawl",23.62833333,92.72333333,Debris,Slide,28 May 2024,2024-05-28,1,1
MZ/AZL/84A10/2024/060,Mizoram,Aizawl,Aizawl Slope Failure (MZ/AZL/84A10/2024/060),"Falkawn, Aizawl",23.62277778,92.72444444,Debris,Slide,28 May 2024,2024-05-28,1,1
MZ/AZL/84A10/2024/061,Mizoram,Aizawl,Aizawl Slope Failure (MZ/AZL/84A10/2024/061),"Falkawn, Aizawl",23.62194444,92.72305556,Debris,Slide,28 May 2024,2024-05-28,1,1
MZ/AZL/84A10/2024/062,Mizoram,Aizawl,Aizawl Slope Failure (MZ/AZL/84A10/2024/062),"Falkawn, Aizawl",23.62083333,92.7225,Debris,Slide,28 May 2024,2024-05-28,1,1
MZ/AZL/84A10/2024/063,Mizoram,Aizawl,Aizawl Slope Failure (MZ/AZL/84A10/2024/063),"Falkawn, Aizawl",23.61916667,92.7225,Debris,Slide,28 May 2024,2024-05-28,1,1
MZ/AZL/84A10/2024/004,Mizoram,Aizawl,Aizawl Slope Failure (MZ/AZL/84A10/2024/004),"Falkawn Vengthar, Aizawl",23.62,92.72472222,Debris,Complex,28 May 2024,2024-05-28,1,1
MZ/AZL/84A10/2024/065,Mizoram,Aizawl,Aizawl Slope Failure (MZ/AZL/84A10/2024/065),"Falkawn vengthar, Aizawl",23.61972222,92.72527778,Debris,Slide,28 May 2024,2024-05-28,1,1
MZ/AZL/84A10/2024/066,Mizoram,Aizawl,Aizawl Slope Failure (MZ/AZL/84A10/2024/066),"Falkawn vengthar, Aizawl",23.62027778,92.72555556,Debris,Slide,28 May 2024,2024-05-28,1,1
MZ/AZL/84A10/2024/067,Mizoram,Aizawl,Aizawl Slope Failure (MZ/AZL/84A10/2024/067),"Falkawn vengthar, Aizawl",23.62027778,92.72611111,Debris,Slide,28 May 2024,2024-05-28,1,1
MZ/AZL/84A10/2024/068,Mizoram,Aizawl,Aizawl Slope Failure (MZ/AZL/84A10/2024/068),"Falkawn vengthar, Aizawl",23.62111111,92.72444444,Debris,Slide,28 May 2024,2024-05-28,1,1
MZ/AZL/84A10/2024/069,Mizoram,Aizawl,Aizawl Slope Failure (MZ/AZL/84A10/2024/069),"Melthum, Aizawl",23.68743333,92.72129167,Rock,Complex,28 May 2024,2024-05-28,1,1
MZ/AZL/84A10/2024/070,Mizoram,Aizawl,Aizawl Slope Failure (MZ/AZL/84A10/2024/070),"Hlimen, Aizawl",23.67694444,92.71722222,Rock,Complex,28 May 2024,2024-05-28,1,1
MZ/AZL/84A10/2024/071,Mizoram,Aizawl,Aizawl Slope Failure (MZ/AZL/84A10/2024/071),"Hlimen, Aizawl",23.67583333,92.715,Debris,Slide,28 May 2024,2024-05-28,1,1
MZ/AZL/84A10/2024/072,Mizoram,Aizawl,Aizawl Slope Failure (MZ/AZL/84A10/2024/072),"Hlimen, Aizawl",23.67472222,92.71722222,Debris,Complex,28 May 2024,2024-05-28,1,1
MZ/AZL/84A10/2024/073,Mizoram,Aizawl,Aizawl Slope Failure (MZ/AZL/84A10/2024/073),"Hlimen, Aizawl",23.67444444,92.71472222,Debris,Slide,28 May 2024,2024-05-28,1,1
MZ/AZL/84A10/2024/074,Mizoram,Aizawl,Aizawl Slope Failure (MZ/AZL/84A10/2024/074),"Hlimen, Aizawl",23.67388889,92.71472222,Debris,Slide,28 May 2024,2024-05-28,1,1
MZ/AZL/84A10/2024/075,Mizoram,Aizawl,Aizawl Slope Failure (MZ/AZL/84A10/2024/075),"Hlimen, Aizawl",23.672069,92.7099293,Debris,Slide,28 May 2024,2024-05-28,1,1
MZ/AZL/84A10/2024/076,Mizoram,Aizawl,Aizawl Slope Failure (MZ/AZL/84A10/2024/076),"Hlimen, Aizawl",23.684301,92.715511,Debris,Slide,28 May 2024,2024-05-28,1,1
MZ/AZL/84A10/2024/077,Mizoram,Aizawl,Aizawl Slope Failure (MZ/AZL/84A10/2024/077),"World Bank Road, Kulikawn East, Aizawl",23.70638889,92.72055556,Debris,Slide,28 May 2024,2024-05-28,1,1
MZ/AZL/84A10/2024/078,Mizoram,Aizawl,Aizawl Slope Failure (MZ/AZL/84A10/2024/078),"World Bank Road, Aizawl",23.70416667,92.72,Rock,Slide,28 May 2024,2024-05-28,1,1
MZ/AZL/84A10/2024/079,Mizoram,Aizawl,Aizawl Slope Failure (MZ/AZL/84A10/2024/079),"World Bank Road, Aizawl",23.70305556,92.72055556,Debris,Complex,28 May 2024,2024-05-28,1,1
MZ/AZL/84A10/2024/080,Mizoram,Aizawl,Aizawl Slope Failure (MZ/AZL/84A10/2024/080),"World Bank Road and Saikhamakawn, Aizawl",23.69333333,92.72055556,Debris,Complex,28 May 2024,2024-05-28,1,1
MZ/AZL/84A10/2024/082,Mizoram,Aizawl,Aizawl Slope Failure (MZ/AZL/84A10/2024/082),"World Bank Road, Aizawl",23.69,92.72361111,Debris,Slide,28 May 2024,2024-05-28,1,1
MZ/AZL/84A10/2024/083,Mizoram,Aizawl,Aizawl Slope Failure (MZ/AZL/84A10/2024/083),"World Bank Road, Aizawl",23.68361111,92.72277778,Debris,Slide,28 May 2024,2024-05-28,1,1
MZ/AZL/84A10/2024/084,Mizoram,Aizawl,Aizawl Slope Failure (MZ/AZL/84A10/2024/084),"Melthum, Aizawl-Thenzawl- Lunglei Highway",23.67611111,92.71972222,Debris,Complex,28 May 2024,2024-05-28,1,1
MZ/AZL/84A10/2024/085,Mizoram,Aizawl,Aizawl Slope Failure (MZ/AZL/84A10/2024/085),Aizawl-Thenzawl-Lunglei Highway,23.67138889,92.72361111,Debris,Slide,28 May 2024,2024-05-28,1,1
MZ/AZL/84A10/2024/086,Mizoram,Aizawl,Aizawl Slope Failure (MZ/AZL/84A10/2024/086),Aizawl-Thenzawl-Lunglei Highway,23.66694444,92.72194444,Debris,Complex,28 May 2024,2024-05-28,1,1
MZ/AZL/84A10/2024/087,Mizoram,Aizawl,Aizawl Slope Failure (MZ/AZL/84A10/2024/087),Aizawl-Thenzawl-Lunglei Highway,23.66666667,92.72388889,Debris,Slide,28 May 2024,2024-05-28,1,1
MZ/AZL/84A10/2024/088,Mizoram,Aizawl,Aizawl Slope Failure (MZ/AZL/84A10/2024/088),Hualngohmun Bifurcation,23.66027778,92.72694444,Debris,Complex,28 May 2024,2024-05-28,1,1
MZ/AZL/84A10/2024/090,Mizoram,Aizawl,Aizawl Slope Failure (MZ/AZL/84A10/2024/090),"Melriat Bazar, Aizawl",23.64388889,92.72583333,Debris,Complex,28 May 2024,2024-05-28,1,1
MZ/AZL/84A10/2024/091,Mizoram,Aizawl,Aizawl Slope Failure (MZ/AZL/84A10/2024/091),"Kelsih, Aizawl",23.635,92.72361111,Debris,Slide,28 May 2024,2024-05-28,1,1
MZ/AZL/84A15/2024/092,Mizoram,Aizawl,Aizawl Slope Failure (MZ/AZL/84A15/2024/092),"Chamring to Hmuifang Road, Aizawl",23.43277778,92.76111111,Debris,Slide,28 May 2024,2024-05-28,1,1
MZ/AZL/84A10/2024/093,Mizoram,Aizawl,Aizawl Slope Failure (MZ/AZL/84A10/2024/093),"Midum Kham, Sumsuih",23.46777778,92.74111111,Debris,Slide,28 May 2024,2024-05-28,1,1
MZ/AZL/84A11/2024/094,Mizoram,Aizawl,Aizawl Slope Failure (MZ/AZL/84A11/2024/094),"Thiak, Aizawl",23.46805556,92.71638889,Debris,Flow,28 May 2024,2024-05-28,1,1
MZ/AZL/84A11/2024/095,Mizoram,Aizawl,Aizawl Slope Failure (MZ/AZL/84A11/2024/095),"Thiak, Aizawl",23.4725,92.71444444,Earth/Soil,Slide,28 May 2024,2024-05-28,1,1
MZ/AZL/84A11/2024/097,Mizoram,Aizawl,Aizawl Slope Failure (MZ/AZL/84A11/2024/097),Thiak to Maubuang,23.49,92.70555556,Debris,Complex,28 May 2024,2024-05-28,1,1
MZ/AZL/84A11/2024/098,Mizoram,Aizawl,Aizawl Slope Failure (MZ/AZL/84A11/2024/098),Thiak to Maubuang,23.49722222,92.70333333,Debris,Slide,28 May 2024,2024-05-28,1,1
MZ/AZL/84A10/2024/099,Mizoram,Aizawl,Aizawl Slope Failure (MZ/AZL/84A10/2024/099),Maubuang to Sateek,23.51361111,92.69833333,Debris,Slide,28 May 2024,2024-05-28,1,1
MZ/AZL/84A10/2024/100,Mizoram,Aizawl,Aizawl Slope Failure (MZ/AZL/84A10/2024/100),Sateek,23.53666667,92.6975,Debris,Slide,28 May 2024,2024-05-28,1,1
MZ/AZL/84A10/2024/101,Mizoram,Aizawl,Aizawl Slope Failure (MZ/AZL/84A10/2024/101),Sateek,23.54166667,92.70194444,Debris,Flow,28 May 2024,2024-05-28,1,1
MZ/AZL/84A10/2024/102,Mizoram,Aizawl,Aizawl Slope Failure (MZ/AZL/84A10/2024/102),Sateek,23.54277778,92.70333333,Earth/Soil,Slide,28 May 2024,2024-05-28,1,1
MZ/AZL/84A10/2024/103,Mizoram,Aizawl,Aizawl Slope Failure (MZ/AZL/84A10/2024/103),Phulpui,23.52944444,92.72944444,Debris,Flow,28 May 2024,2024-05-28,1,1
MZ/AZL/84A10/2024/104,Mizoram,Aizawl,Aizawl Slope Failure (MZ/AZL/84A10/2024/104),Phulpui,23.53083333,92.73055556,Debris,Slide,28 May 2024,2024-05-28,1,1
MZ/AZL/84A10/2024/105,Mizoram,Aizawl,Aizawl Slope Failure (MZ/AZL/84A10/2024/105),Phulpui,23.53111111,92.73361111,Debris,Slide,28 May 2024,2024-05-28,1,1
MZ/AZL/84A10/2024/106,Mizoram,Aizawl,Aizawl Slope Failure (MZ/AZL/84A10/2024/106),Phulpui,23.53083333,92.73333333,Debris,Slide,28 May 2024,2024-05-28,1,1
MZ/AZL/84A10/2024/107,Mizoram,Aizawl,Aizawl Slope Failure (MZ/AZL/84A10/2024/107),Aibawk,23.56388889,92.70805556,Debris,Slide,28 May 2024,2024-05-28,1,1
MZ/AZL/84A10/2024/108,Mizoram,Aizawl,Aizawl Slope Failure (MZ/AZL/84A10/2024/108),Aibawk,23.56416667,92.70805556,Debris,Slide,28 May 2024,2024-05-28,1,1
MZ/AZL/84A10/2024/109,Mizoram,Aizawl,Aizawl Slope Failure (MZ/AZL/84A10/2024/109),Aibawk,23.565,92.70777778,Debris,Slide,28 May 2024,2024-05-28,1,1
MZ/AZL/84A10/2024/110,Mizoram,Aizawl,Aizawl Slope Failure (MZ/AZL/84A10/2024/110),Aibawk,23.56666667,92.70888889,Debris,Slide,28 May 2024,2024-05-28,1,1
MZ/AZL/84A09/2024/111,Mizoram,Aizawl,Aizawl Slope Failure (MZ/AZL/84A09/2024/111),"BSUP, Durtlang",23.77305556,92.74361111,Debris,Slide,28 May 2024,2024-05-28,1,1
MZ/AZL/84A13/2024/112,Mizoram,Aizawl,Aizawl Slope Failure (MZ/AZL/84A13/2024/112),Muthi,23.77472222,92.76194444,Debris,Slide,28 May 2024,2024-05-28,1,1
MZ/AZL/84A13/2024/113,Mizoram,Aizawl,Aizawl Slope Failure (MZ/AZL/84A13/2024/113),Muthi,23.77361111,92.76111111,Debris,Slide,28 May 2024,2024-05-28,1,1
MZ/AZL/84A10/2024/114,Mizoram,Aizawl,Aizawl Slope Failure (MZ/AZL/84A10/2024/114),"Zuangtui, Aizawl",23.74861111,92.73861111,Debris,Slide,28 May 2024,2024-05-28,1,1
MZ/AZL/84A10/2024/115,Mizoram,Aizawl,Aizawl Slope Failure (MZ/AZL/84A10/2024/115),Muallungthu,23.61,92.72083333,Debris,Slide,28 May 2024,2024-05-28,1,1
MZ/AZL/84A10/2024/116,Mizoram,Aizawl,Aizawl Slope Failure (MZ/AZL/84A10/2024/116),Muallungthu,23.60666667,92.72305556,Debris,Complex,28 May 2024,2024-05-28,1,1
MZ/AZL/84A10/2024/117,Mizoram,Aizawl,Aizawl Slope Failure (MZ/AZL/84A10/2024/117),Tachhip,23.5925,92.71666667,Debris,Slide,28 May 2024,2024-05-28,1,1
MZ/AZL/84A10/2024/118,Mizoram,Aizawl,Aizawl Slope Failure (MZ/AZL/84A10/2024/118),Tachhip,23.58722222,92.71361111,Debris,Slide,28 May 2024,2024-05-28,1,1
MZ/AZL/84A10/2024/119,Mizoram,Aizawl,Aizawl Slope Failure (MZ/AZL/84A10/2024/119),Tachhip,23.57694444,92.71305556,Debris,Slide,28 May 2024,2024-05-28,1,1
MZ/AZL/84A10/2024/121,Mizoram,Aizawl,Aizawl Slope Failure (MZ/AZL/84A10/2024/121),Tachhip,23.58027778,92.715,Earth/Soil,Slide,28 May 2024,2024-05-28,1,1
MZ/AZL/84A10/2024/122,Mizoram,Aizawl,Aizawl Slope Failure (MZ/AZL/84A10/2024/122),Tachhip,23.58138889,92.71416667,Debris,Slide,28 May 2024,2024-05-28,1,1
MZ/AZL/84A10/2024/123,Mizoram,Aizawl,Aizawl Slope Failure (MZ/AZL/84A10/2024/123),Tachhip,23.58694444,92.7175,Debris,Slide,28 May 2024,2024-05-28,1,1
MZ/AZL/84A10/2024/124,Mizoram,Aizawl,Aizawl Slope Failure (MZ/AZL/84A10/2024/124),Tachhip,23.58555556,92.71583333,Debris,Complex,28 May 2024,2024-05-28,1,1
MZ/AZL/84A10/2024/125,Mizoram,Aizawl,Aizawl Slope Failure (MZ/AZL/84A10/2024/125),Tachhip,23.58583333,92.71638889,Debris,Slide,28 May 2024,2024-05-28,1,1
MZ/AZL/84A10/2024/126,Mizoram,Aizawl,Aizawl Slope Failure (MZ/AZL/84A10/2024/126),Tachhip,23.58638889,92.71583333,Debris,Slide,28 May 2024,2024-05-28,1,1
MZ/AZL/84A10/2024/127,Mizoram,Aizawl,Aizawl Slope Failure (MZ/AZL/84A10/2024/127),Hualngohmun,23.65388889,92.72444444,Debris,Slide,28 May 2024,2024-05-28,1,1
MZ/AZL/84A10/2024/128,Mizoram,Aizawl,Aizawl Slope Failure (MZ/AZL/84A10/2024/128),Hualngohmun,23.65416667,92.71777778,Debris,Slide,28 May 2024,2024-05-28,1,1
MZ/AZL/84A10/2024/129,Mizoram,Aizawl,Aizawl Slope Failure (MZ/AZL/84A10/2024/129),Melriat to Samtlang road,23.655,92.71444444,Rock,Slide,28 May 2024,2024-05-28,1,1
MZ/AZL/84A10/2024/130,Mizoram,Aizawl,Aizawl Slope Failure (MZ/AZL/84A10/2024/130),Melriat to Samtlang road,23.65416667,92.69,Debris,Slide,28 May 2024,2024-05-28,1,1
MZ/AZL/84A10/2024/131,Mizoram,Aizawl,Aizawl Slope Failure (MZ/AZL/84A10/2024/131),N Lungleng,23.66055556,92.67277778,Earth/Soil,Slide,28 May 2024,2024-05-28,1,1
MZ/AZL/84A10/2024/132,Mizoram,Aizawl,Aizawl Slope Failure (MZ/AZL/84A10/2024/132),N Lungleng,23.66083333,92.67277778,Debris,Slide,28 May 2024,2024-05-28,1,1
MZ/AZL/84A10/2024/133,Mizoram,Aizawl,Aizawl Slope Failure (MZ/AZL/84A10/2024/133),N Lungleng,23.65777778,92.67444444,Earth/Soil,Slide,28 May 2024,2024-05-28,1,1
MZ/AZL/84A10/2024/134,Mizoram,Aizawl,Aizawl Slope Failure (MZ/AZL/84A10/2024/134),Samtlang Junction,23.65861111,92.70583333,Debris,Slide,28 May 2024,2024-05-28,1,1
MZ/AZL/84A10/2024/135,Mizoram,Aizawl,Aizawl Slope Failure (MZ/AZL/84A10/2024/135),Melthum,23.68143611,92.72144167,Debris,Slide,28 May 2024,2024-05-28,1,1
MZ/AZL/84A14/2024/136,Mizoram,Aizawl,Aizawl Slope Failure (MZ/AZL/84A14/2024/136),Zemabawk to Tuirial Airfield,23.73555556,92.78833333,Rock,Slide,28 May 2024,2024-05-28,1,1
MZ/AZL/84A14/2024/137,Mizoram,Aizawl,Aizawl Slope Failure (MZ/AZL/84A14/2024/137),Tuirial,23.72694444,92.79527778,Debris,Slide,28 May 2024,2024-05-28,1,1
MZ/AZL/84A14/2024/138,Mizoram,Aizawl,Aizawl Slope Failure (MZ/AZL/84A14/2024/138),Tuirial Airfield,23.73277778,92.79722222,Debris,Slide,28 May 2024,2024-05-28,1,1
MZ/AZL/84A14/2024/139,Mizoram,Aizawl,Aizawl Slope Failure (MZ/AZL/84A14/2024/139),Tuirial Airfield Cemetery,23.73416667,92.79861111,Debris,Slide,28 May 2024,2024-05-28,1,1
MZ/AZL/84A14/2024/140,Mizoram,Aizawl,Aizawl Slope Failure (MZ/AZL/84A14/2024/140),Tuirial Airfield,23.74555556,92.79444444,Debris,Slide,28 May 2024,2024-05-28,1,1
MZ/AZL/84A14/2024/141,Mizoram,Aizawl,Aizawl Slope Failure (MZ/AZL/84A14/2024/141),Tuirial Airfield,23.73666667,92.79722222,Debris,Subsidence,28 May 2024,2024-05-28,1,1
MZ/AZL/84A14/2024/142,Mizoram,Aizawl,Aizawl Slope Failure (MZ/AZL/84A14/2024/142),Tuirial Airfield,23.73638889,92.79805556,Earth/Soil,Slide,28 May 2024,2024-05-28,1,1
MZ/AZL/84A14/2024/143,Mizoram,Aizawl,Aizawl Slope Failure (MZ/AZL/84A14/2024/143),Tuirial Airfield,23.73583333,92.79888889,Earth/Soil,Slide,28 May 2024,2024-05-28,1,1
MZ/AZL/84A14/2024/144,Mizoram,Aizawl,Aizawl Slope Failure (MZ/AZL/84A14/2024/144),Tuirial Airfield,23.73638889,92.8,Earth/Soil,Slide,28 May 2024,2024-05-28,1,1
MZ/AZL/84A14/2024/145,Mizoram,Aizawl,Aizawl Slope Failure (MZ/AZL/84A14/2024/145),Tuirial Airfield,23.73555556,92.80027778,Debris,Slide,28 May 2024,2024-05-28,1,1
MZ/AZL/84A14/2024/146,Mizoram,Aizawl,Aizawl Slope Failure (MZ/AZL/84A14/2024/146),Tuirial,23.71972222,92.79777778,Earth/Soil,Slide,28 May 2024,2024-05-28,1,1
MZ/AZL/84A14/2024/0147,Mizoram,Aizawl,Aizawl Slope Failure (MZ/AZL/84A14/2024/0147),Tuirial,23.72222222,92.80138889,Rock,Slide,28 May 2024,2024-05-28,1,1
MZ/AZL/84A14/2024/149,Mizoram,Aizawl,Aizawl Slope Failure (MZ/AZL/84A14/2024/149),Seling to Sesawng,23.73305556,92.84777778,Debris,Slide,28 May 2024,2024-05-28,1,1
MZ/AZL/84A13/2024/150,Mizoram,Aizawl,Aizawl Slope Failure (MZ/AZL/84A13/2024/150),Sesawng,23.76083333,92.8475,Debris,Slide,28 May 2024,2024-05-28,1,1
MZ/AZL/84A13/2024/151,Mizoram,Aizawl,Aizawl Slope Failure (MZ/AZL/84A13/2024/151),Khawruhlian,23.86972222,92.87611111,Debris,Slide,28 May 2024,2024-05-28,1,1
MZ/AZL/84A13/2024/152,Mizoram,Aizawl,Aizawl Slope Failure (MZ/AZL/84A13/2024/152),Mualmam,23.80750556,92.83417222,Earth/Soil,Slide,28 May 2024,2024-05-28,1,1
MZ/SER/84A15/2024/153,Mizoram,Serchhip,Serchhip Slope Failure (MZ/SER/84A15/2024/153),Chhingchhip NH,23.47694444,92.857846,Debris,Slide,28 May 2024,2024-05-28,1,1
MZ/SER/84A15/2024/154,Mizoram,Serchhip,Serchhip Slope Failure (MZ/SER/84A15/2024/154),"Venglai , Chhingchhip",23.471041,92.85503,Debris,Slide,28 May 2024,2024-05-28,1,1
MZ/SER/84A15/2024/155,Mizoram,Serchhip,Serchhip Slope Failure (MZ/SER/84A15/2024/155),"Venglai, Chhingchhip",23.465558,92.855991,Debris,Slide,28 May 2024,2024-05-28,1,1
MZ/SER/84A15/2024/156,Mizoram,Serchhip,Serchhip Slope Failure (MZ/SER/84A15/2024/156),"Venglai, Chhingchhip",23.463164,92.854672,Debris,Slide,28 May 2024,2024-05-28,1,1
MZ/SER/84A15/2024/157,Mizoram,Serchhip,Serchhip Slope Failure (MZ/SER/84A15/2024/157),"Hmar Veng, Serchhip",23.31259,92.856415,Debris,Slide,28 May 2024,2024-05-28,1,1
MZ/SER/84A15/2024/158,Mizoram,Serchhip,Serchhip Slope Failure (MZ/SER/84A15/2024/158),"NH, Serchhip",23.288812,92.864763,Debris,Slide,28 May 2024,2024-05-28,1,1
MZ/SER/84A15/2024/159,Mizoram,Serchhip,Serchhip Slope Failure (MZ/SER/84A15/2024/159),"NH, Serchhip",23.281264,92.869279,Debris,Slide,28 May 2024,2024-05-28,1,1
MZ/SER/84A15/2024/160,Mizoram,Serchhip,Serchhip Slope Failure (MZ/SER/84A15/2024/160),"S Chhiahtlang , Near VCP house",23.379441,92.844081,Debris,Slide,28 May 2024,2024-05-28,1,1
MZ/SER/84A15/2024/161,Mizoram,Serchhip,Serchhip Slope Failure (MZ/SER/84A15/2024/161),"S Chhiahtlang, Kawn Veng",23.38151,92.844938,Debris,Slide,28 May 2024,2024-05-28,1,1
MZ/SER/84A15/2024/162,Mizoram,Serchhip,Serchhip Slope Failure (MZ/SER/84A15/2024/162),"S Chhiahtlang, Kawn Veng",23.382175,92.843876,Debris,Slide,28 May 2024,2024-05-28,1,1
MZ/SER/84A15/2024/163,Mizoram,Serchhip,Serchhip Slope Failure (MZ/SER/84A15/2024/163),N Chhiahtlang,23.382772,92.845187,Debris,Slide,28 May 2024,2024-05-28,1,1
MZ/SER/84A15/2024/164,Mizoram,Serchhip,Serchhip Slope Failure (MZ/SER/84A15/2024/164),"N Chhiahtlang, towards Jail road",23.381533,92.854115,Debris,Slide,28 May 2024,2024-05-28,1,1
MZ/SER/84A15/2024/165,Mizoram,Serchhip,Serchhip Slope Failure (MZ/SER/84A15/2024/165),Chhiahtlang,23.387941,92.842291,Debris,Slide,28 May 2024,2024-05-28,1,1
MZ/SER/84A16/2024/166,Mizoram,Serchhip,Serchhip Slope Failure (MZ/SER/84A16/2024/166),Keitum,23.237077,92.910043,Debris,Slide,28 May 2024,2024-05-28,1,1
MZ/SER/84E04/2024/167,Mizoram,Serchhip,Serchhip Slope Failure (MZ/SER/84E04/2024/167),N Vanlaiphai,23.126631,93.064946,Debris,Slide,28 May 2024,2024-05-28,1,1
MIZ/AZL/2022/39,Mizoram,Hnahthial,"Shalom Vengthar, Bawngkawn",,22.91452778,92.89333333,Rock,Slide,14 November 2022,2022-11-14,1,1
MIZ/AZL/2022/49,Mizoram,Aizawl,Muthi,,23.65530556,92.7025,Rock,Slide,5 April 2022,2022-04-05,1,1
MIZ/AZL/2022/53,Mizoram,Aizawl,"Tuikual N, D Mual",,23.73053889,92.716019,Debris,Flow,22 June 2018,2018-06-22,1,1
MIZ/AZL/2023/81,Mizoram,Aizawl,Aizawl-Thenzawl-Lunglei Highway,,23.51980556,92.70066667,Debris,Slide,13 August 2023,2023-08-13,1,1
MIZ/AZL/2023/85,Mizoram,Aizawl,Sakawrdai to Zohmun road,,24.27138889,92.96,Debris,Slide,24 July 2023,2023-07-24,1,1
MIZ/AZL/2023/102,Mizoram,Aizawl,Aizawl Slope Failure (MIZ/AZL/2023/102),,24.18561111,92.94536111,Debris,Slide,15 August 2013,2013-08-15,1,1
MIZ/AZL/2023/142,Mizoram,Aizawl,Aizawl Slope Failure (MIZ/AZL/2023/142),,23.57166667,92.71083333,Debris,Slide,9 June 2023,2023-06-09,1,1
MIZ/AZL/2023/143,Mizoram,Aizawl,Aizawl Slope Failure (MIZ/AZL/2023/143),,23.58388889,92.71722222,Rock,Slide,8 August 2023,2023-08-08,1,1
MIZ/AZL/2023/144,Mizoram,Aizawl,Aizawl Slope Failure (MIZ/AZL/2023/144),,23.58591667,92.71777778,Earth/Soil,Slide,25 July 2023,2023-07-25,1,1
MIZ/AZL/2023/145,Mizoram,Aizawl,Aizawl Slope Failure (MIZ/AZL/2023/145),,23.55944444,92.70833333,Earth/Soil,Slide,06 July 2023,2023-07-06,1,1
MIZ/AZL/2023/146,Mizoram,Aizawl,Aizawl Slope Failure (MIZ/AZL/2023/146),,23.54380556,92.70136111,Debris,Slide,06 August 2023,2023-08-06,1,1
MIZ/AZL/2023/147,Mizoram,Aizawl,Aizawl Slope Failure (MIZ/AZL/2023/147),,23.54027778,92.70138889,Rock,Slide,06 August 2023,2023-08-06,1,1
MIZ/AZL/2023/148,Mizoram,Aizawl,Aizawl Slope Failure (MIZ/AZL/2023/148),,23.53986111,92.70063889,Debris,Slide,06 August 2023,2023-08-06,1,1
MIZ/AZL/2023/149,Mizoram,Aizawl,Aizawl Slope Failure (MIZ/AZL/2023/149),,23.535,92.69694444,Rock,Slide,28 July 2023,2023-07-28,1,1
MIZ/AZL/2023/150,Mizoram,Aizawl,Aizawl Slope Failure (MIZ/AZL/2023/150),,23.53333333,92.69722222,Earth/Soil,Slide,2 August 2023,2023-08-02,1,1
MIZ/AZL/2023/151,Mizoram,Aizawl,Aizawl Slope Failure (MIZ/AZL/2023/151),,23.52972222,92.69611111,Debris,Slide,3 August 2023,2023-08-03,1,1
MIZ/AZL/2023/152,Mizoram,Aizawl,Aizawl Slope Failure (MIZ/AZL/2023/152),,23.49991667,92.70136111,Debris,Slide,2 June 2023,2023-06-02,1,1
MIZ/AZL/2023/153,Mizoram,Aizawl,Aizawl Slope Failure (MIZ/AZL/2023/153),,23.5,92.70111111,Debris,Slide,09 August 2023,2023-08-09,1,1
MIZ/AZL/2023/155,Mizoram,Aizawl,Aizawl Slope Failure (MIZ/AZL/2023/155),,23.78138889,92.67638889,Rock,Slide,25 October 2023,2023-10-25,1,1
MIZ/KOL/2023/157,Mizoram,Kolasib,Kolasib Slope Failure (MIZ/KOL/2023/157),,23.93027778,92.6525,Rock,Slide,17 September 2023,2023-09-17,1,1
MIZ/KOL/2023/158,Mizoram,Kolasib,Kolasib Slope Failure (MIZ/KOL/2023/158),,23.05805556,92.67583333,Debris,Slide,12 August 2023,2023-08-12,1,1
MIZ/KOL/2023/160,Mizoram,Kolasib,Kolasib Slope Failure (MIZ/KOL/2023/160),,23.05222222,92.67027778,Debris,Slide,12 September 2023,2023-09-12,1,1
MIZ/KOL/2023/162,Mizoram,Kolasib,Kolasib Slope Failure (MIZ/KOL/2023/162),,23.03016667,92.67336111,Debris,Slide,12 September 2023,2023-09-12,1,1
MIZ/KOL/2023/163,Mizoram,Kolasib,Kolasib Slope Failure (MIZ/KOL/2023/163),,23.02280556,92.67255556,Debris,Slide,17 September 2023,2023-09-17,1,1
MIZ/KOL/2023/164,Mizoram,Kolasib,Kolasib Slope Failure (MIZ/KOL/2023/164),,23.00638889,92.67691667,Rock,Slide,23 July 2023,2023-07-23,1,1
MIZ/KOL/2023/169,Mizoram,Kolasib,Kolasib Slope Failure (MIZ/KOL/2023/169),,23.91777778,92.73805556,Rock,Slide,27 September 2023,2023-09-27,1,1
MIZ/KOL/2023/170,Mizoram,Kolasib,Kolasib Slope Failure (MIZ/KOL/2023/170),,23.89638889,92.73638889,Rock,Slide,27 September 2023,2023-09-27,1,1
MIZ/AZL/2024/220,Mizoram,Aizawl,Aizawl Slope Failure (MIZ/AZL/2024/220),,23.60861111,92.85055556,Debris,Slide,28 May 2024,2024-05-28,1,1
MIZ/AZL/2024/227,Mizoram,Aizawl,Aizawl Slope Failure (MIZ/AZL/2024/227),,23.73305556,92.75,Debris,Slide,22 July 2024,2024-07-22,1,1
MIZ/AZL/2024/228,Mizoram,Aizawl,Aizawl Slope Failure (MIZ/AZL/2024/228),,23.73222222,92.75,Debris,Slide,28 May 2024,2024-05-28,1,1
MIZ/AZL/2024/229,Mizoram,Aizawl,Aizawl Slope Failure (MIZ/AZL/2024/229),,23.73194444,92.75,Debris,Slide,28 May 2024,2024-05-28,1,1
MIZ/AZL/2024/230,Mizoram,Aizawl,Aizawl Slope Failure (MIZ/AZL/2024/230),,23.74083333,92.74111111,Debris,Slide,28 May 2024,2024-05-28,1,1
MIZ/AZL/2024/231,Mizoram,Aizawl,Aizawl Slope Failure (MIZ/AZL/2024/231),,23.74916667,92.7375,Debris,Slide,30 June 2024,2024-06-30,1,1
MIZ/AZL/2024/235,Mizoram,Aizawl,Aizawl Slope Failure (MIZ/AZL/2024/235),,23.76972222,92.74472222,Earth/Soil,Slide,28 May 2024,2024-05-28,1,1
MIZ/AZL/2024/237,Mizoram,Aizawl,Aizawl Slope Failure (MIZ/AZL/2024/237),,23.76388889,92.73388889,Rock,Slide,26 September 2024,2024-09-26,1,1
MIZ/AZL/2024/241,Mizoram,Aizawl,Aizawl Slope Failure (MIZ/AZL/2024/241),,23.73888889,92.71472222,Debris,Slide,21 August 2024,2024-08-21,1,1
MIZ/AZL/2024/247,Mizoram,Aizawl,Aizawl Slope Failure (MIZ/AZL/2024/247),,23.74916667,92.69416667,Debris,Slide,28 May 2024,2024-05-28,1,1
MIZ/AZL/2024/249,Mizoram,Aizawl,Aizawl Slope Failure (MIZ/AZL/2024/249),,23.74194444,92.71305556,Debris,Slide,21 August 2024,2024-08-21,1,1
MIZ/AZL/2024/250,Mizoram,Aizawl,Aizawl Slope Failure (MIZ/AZL/2024/250),,23.74388889,92.71222222,Debris,Slide,20 July 2024,2024-07-20,1,1
MIZ/AZL/2024/252,Mizoram,Aizawl,Aizawl Slope Failure (MIZ/AZL/2024/252),,23.74722222,92.71805556,Debris,Slide,2 July 2024,2024-07-02,1,1
MIZ/AZL/2024/254,Mizoram,Aizawl,Aizawl Slope Failure (MIZ/AZL/2024/254),,23.69277778,92.72055556,Debris,Slide,28 May 2024,2024-05-28,1,1
MIZ/AZL/2024/262,Mizoram,Aizawl,Aizawl Slope Failure (MIZ/AZL/2024/262),,23.69777778,92.71944444,Debris,Slide,20 September 2024,2024-09-20,1,1
MIZ/AZL/2024/263,Mizoram,Aizawl,Aizawl Slope Failure (MIZ/AZL/2024/263),,23.69972222,92.7175,Debris,Slide,20 June 2024,2024-06-20,1,1
MIZ/AZL/2024/265,Mizoram,Aizawl,Aizawl Slope Failure (MIZ/AZL/2024/265),,23.70972222,92.72222222,Debris,Slide,28 May 2024,2024-05-28,1,1
MIZ/AZL/2024/266,Mizoram,Aizawl,Aizawl Slope Failure (MIZ/AZL/2024/266),,23.69944444,92.71972222,Debris,Complex,28 May 2024,2024-05-28,1,1
MIZ/AZL/2024/270,Mizoram,Aizawl,Aizawl Slope Failure (MIZ/AZL/2024/270),,23.70277778,92.72083333,Rock,Slide,2 July 2024,2024-07-02,1,1
MIZ/AZL/2024/271,Mizoram,Aizawl,Aizawl Slope Failure (MIZ/AZL/2024/271),,23.7025,92.72138889,Debris,Slide,2 July 2024,2024-07-02,1,1
MIZ/AZL/2024/272,Mizoram,Aizawl,Aizawl Slope Failure (MIZ/AZL/2024/272),,23.69805556,92.72277778,Debris,Slide,2 July 2024,2024-07-02,1,1
MIZ/AZL/2024/273,Mizoram,Aizawl,Aizawl Slope Failure (MIZ/AZL/2024/273),,23.69361111,92.7225,Debris,Slide,28 June 2024,2024-06-28,1,1
MIZ/AZL/2024/278,Mizoram,Aizawl,Aizawl Slope Failure (MIZ/AZL/2024/278),,23.66416667,92.72055556,Debris,Complex,28 May 2024,2024-05-28,1,1
MIZ/AZL/2024/279,Mizoram,Aizawl,Aizawl Slope Failure (MIZ/AZL/2024/279),,23.66055556,92.72527778,Debris,Slide,28 May 2024,2024-05-28,1,1
MIZ/AZL/2024/280,Mizoram,Aizawl,Aizawl Slope Failure (MIZ/AZL/2024/280),,23.66,92.72638889,Debris,Slide,28 May 2024,2024-05-28,1,1
MIZ/AZL/2024/281,Mizoram,Aizawl,Aizawl Slope Failure (MIZ/AZL/2024/281),,23.65527778,92.72694444,Debris,Slide,28 May 2024,2024-05-28,1,1
MIZ/AZL/2024/282,Mizoram,Aizawl,Aizawl Slope Failure (MIZ/AZL/2024/282),,23.65138889,92.72694444,Debris,Slide,28 May 2024,2024-05-28,1,1
MIZ/AZL/2024/283,Mizoram,Aizawl,Aizawl Slope Failure (MIZ/AZL/2024/283),,23.64555556,92.72444444,Debris,Slide,28 May 2024,2024-05-28,1,1
MIZ/AZL/2024/285,Mizoram,Aizawl,Aizawl Slope Failure (MIZ/AZL/2024/285),,23.64444444,92.72527778,Debris,Complex,28 May 2024,2024-05-28,1,1
MIZ/AZL/2024/286,Mizoram,Aizawl,Aizawl Slope Failure (MIZ/AZL/2024/286),,23.64166667,92.72416667,Debris,Slide,28 May 2024,2024-05-28,1,1
MIZ/AZL/2024/287,Mizoram,Aizawl,Aizawl Slope Failure (MIZ/AZL/2024/287),,23.64083333,92.72472222,Debris,Slide,28 May 2024,2024-05-28,1,1
MIZ/AZL/2024/288,Mizoram,Aizawl,Aizawl Slope Failure (MIZ/AZL/2024/288),,23.6375,92.72277778,Debris,Slide,28 May 2024,2024-05-28,1,1
MIZ/AZL/2024/294,Mizoram,Aizawl,Aizawl Slope Failure (MIZ/AZL/2024/294),,23.62611111,92.72638889,Debris,Slide,28 May 2024,2024-05-28,1,1
MIZ/AZL/2024/295,Mizoram,Aizawl,Aizawl Slope Failure (MIZ/AZL/2024/295),,23.6325,92.72388889,Debris,Slide,28 May 2024,2024-05-28,1,1
MIZ/AZL/2024/297,Mizoram,Aizawl,Aizawl Slope Failure (MIZ/AZL/2024/297),,23.62972222,92.72555556,Debris,Slide,28 May 2024,2024-05-28,1,1
MIZ/AZL/2024/302,Mizoram,Aizawl,Aizawl Slope Failure (MIZ/AZL/2024/302),,23.61611111,92.71722222,Debris,Slide,28 May 2024,2024-05-28,1,1
MIZ/AZL/2024/305,Mizoram,Aizawl,Aizawl Slope Failure (MIZ/AZL/2024/305),,23.61861111,92.72611111,Debris,Slide,28 May 2024,2024-05-28,1,1
MIZ/AZL/2024/306,Mizoram,Aizawl,Aizawl Slope Failure (MIZ/AZL/2024/306),,23.60555556,92.725,Debris,Slide,28 May 2024,2024-05-28,1,1
MIZ/AZL/2024/307,Mizoram,Aizawl,Aizawl Slope Failure (MIZ/AZL/2024/307),,23.58694444,92.8175,Debris,Slide,25 August 2024,2024-08-25,1,1
MIZ/AZL/2024/312,Mizoram,Aizawl,Aizawl Slope Failure (MIZ/AZL/2024/312),,23.59194444,92.75055556,Debris,Slide,28 May 2024,2024-05-28,1,1
MIZ/AZL/2024/313,Mizoram,Aizawl,Aizawl Slope Failure (MIZ/AZL/2024/313),,23.595,92.81611111,Earth/Soil,Slide,28 May 2024,2024-05-28,1,1
MIZ/AZL/2024/319,Mizoram,Aizawl,Aizawl Slope Failure (MIZ/AZL/2024/319),,23.60861111,92.80972222,Debris,Slide,28 May 2024,2024-05-28,1,1
MIZ/AZL/2024/323,Mizoram,Aizawl,Aizawl Slope Failure (MIZ/AZL/2024/323),,23.60972222,92.80916667,Debris,Slide,28 May 2024,2024-05-28,1,1
MIZ/AZL/2024/324,Mizoram,Aizawl,Aizawl Slope Failure (MIZ/AZL/2024/324),,23.61361111,92.80777778,Earth/Soil,Slide,28 May 2024,2024-05-28,1,1
MIZ/AZL/2024/327,Mizoram,Aizawl,Aizawl Slope Failure (MIZ/AZL/2024/327),,23.61222222,92.80527778,Debris,Slide,28 May 2024,2024-05-28,1,1
MIZ/AZL/2024/328,Mizoram,Aizawl,Aizawl Slope Failure (MIZ/AZL/2024/328),,23.61138889,92.80333333,Debris,Slide,28 May 2024,2024-05-28,1,1
MIZ/AZL/2024/331,Mizoram,Aizawl,Aizawl Slope Failure (MIZ/AZL/2024/331),,23.60972222,92.79972222,Earth/Soil,Slide,2 July 2024,2024-07-02,1,1
MIZ/AZL/2024/342,Mizoram,Aizawl,Aizawl Slope Failure (MIZ/AZL/2024/342),,23.61611111,92.79777778,Debris,Complex,28 May 2024,2024-05-28,1,1
MIZ/AZL/2024/343,Mizoram,Aizawl,Aizawl Slope Failure (MIZ/AZL/2024/343),,23.61472222,92.79583333,Debris,Complex,28 May 2024,2024-05-28,1,1
MIZ/AZL/2024/344,Mizoram,Aizawl,Aizawl Slope Failure (MIZ/AZL/2024/344),,23.615,92.79222222,Debris,Slide,28 May 2024,2024-05-28,1,1
MIZ/AZL/2024/345,Mizoram,Aizawl,Aizawl Slope Failure (MIZ/AZL/2024/345),,23.61583333,92.79111111,Debris,Slide,23 September 2023,2023-09-23,1,1
MIZ/AZL/2024/346,Mizoram,Aizawl,Aizawl Slope Failure (MIZ/AZL/2024/346),,23.61861111,92.79,Debris,Slide,28 May 2024,2024-05-28,1,1
MIZ/AZL/2024/350,Mizoram,Aizawl,Aizawl Slope Failure (MIZ/AZL/2024/350),,23.62333333,92.78888889,Debris,Slide,28 May 2024,2024-05-28,1,1
MIZ/AZL/2024/351,Mizoram,Aizawl,Aizawl Slope Failure (MIZ/AZL/2024/351),,23.62361111,92.78888889,Debris,Slide,28 August 2024,2024-08-28,1,1
MIZ/AZL/2024/352,Mizoram,Aizawl,Aizawl Slope Failure (MIZ/AZL/2024/352),,23.62527778,92.78638889,Debris,Slide,28 May 2024,2024-05-28,1,1
MIZ/AZL/2024/358,Mizoram,Aizawl,Aizawl Slope Failure (MIZ/AZL/2024/358),,23.60111111,92.75888889,Debris,Slide,26 May 2024,2024-05-26,1,1
MIZ/AZL/2024/365,Mizoram,Aizawl,Aizawl Slope Failure (MIZ/AZL/2024/365),,23.59527778,92.71722222,Debris,Complex,28 May 2024,2024-05-28,1,1
MIZ/AZL/2024/366,Mizoram,Aizawl,Aizawl Slope Failure (MIZ/AZL/2024/366),,23.59055556,92.71611111,Debris,Slide,28 May 2024,2024-05-28,1,1
MIZ/AZL/2024/367,Mizoram,Aizawl,Aizawl Slope Failure (MIZ/AZL/2024/367),,23.59027778,92.71583333,Earth/Soil,Slide,28 May 2024,2024-05-28,1,1
MIZ/AZL/2024/382,Mizoram,Aizawl,Aizawl Slope Failure (MIZ/AZL/2024/382),,23.57138889,92.70972222,Debris,Slide,28 May 2024,2024-05-28,1,1
MIZ/AZL/2024/383,Mizoram,Aizawl,Aizawl Slope Failure (MIZ/AZL/2024/383),,23.57055556,92.70888889,Debris,Complex,28 May 2024,2024-05-28,1,1
MIZ/AZL/2024/384,Mizoram,Aizawl,Aizawl Slope Failure (MIZ/AZL/2024/384),,23.57027778,92.70722222,Debris,Complex,28 May 2024,2024-05-28,1,1
MIZ/AZL/2024/385,Mizoram,Aizawl,Aizawl Slope Failure (MIZ/AZL/2024/385),,23.55388889,92.70472222,Debris,Slide,28 May 2024,2024-05-28,1,1
MIZ/AZL/2024/386,Mizoram,Aizawl,Aizawl Slope Failure (MIZ/AZL/2024/386),,23.55444444,92.70527778,Debris,Slide,28 May 2024,2024-05-28,1,1
MIZ/AZL/2024/387,Mizoram,Aizawl,Aizawl Slope Failure (MIZ/AZL/2024/387),,23.5625,92.70777778,Debris,Slide,25 August 2024,2024-08-25,1,1
MIZ/AZL/2024/388,Mizoram,Aizawl,Aizawl Slope Failure (MIZ/AZL/2024/388),,23.56555556,92.7075,Debris,Slide,19 July 2024,2024-07-19,1,1
MIZ/AZL/2024/389,Mizoram,Aizawl,Aizawl Slope Failure (MIZ/AZL/2024/389),,23.55,92.70444444,Debris,Slide,28 May 2024,2024-05-28,1,1
MIZ/AZL/2024/390,Mizoram,Aizawl,Aizawl Slope Failure (MIZ/AZL/2024/390),,23.53222222,92.735,Rock,Slide,28 May 2024,2024-05-28,1,1
MIZ/AZL/2024/401,Mizoram,Aizawl,Aizawl Slope Failure (MIZ/AZL/2024/401),,23.53555556,92.72333333,Debris,Slide,28 May 2024,2024-05-28,1,1
MIZ/AZL/2024/402,Mizoram,Aizawl,Aizawl Slope Failure (MIZ/AZL/2024/402),,23.53805556,92.71861111,Debris,Slide,29 May 2024,2024-05-29,1,1
MIZ/AZL/2024/409,Mizoram,Aizawl,Aizawl Slope Failure (MIZ/AZL/2024/409),,23.54833333,92.71083333,Debris,Slide,28 May 2024,2024-05-28,1,1
MIZ/AZL/2024/414,Mizoram,Aizawl,Aizawl Slope Failure (MIZ/AZL/2024/414),,23.54888889,92.70555556,Debris,Complex,28 May 2024,2024-05-28,1,1
MIZ/AZL/2024/415,Mizoram,Aizawl,Aizawl Slope Failure (MIZ/AZL/2024/415),,23.545,92.70333333,Debris,Slide,28 May 2024,2024-05-28,1,1
MIZ/AZL/2024/416,Mizoram,Aizawl,Aizawl Slope Failure (MIZ/AZL/2024/416),,23.54027778,92.70138889,Debris,Complex,28 May 2024,2024-05-28,1,1
MIZ/AZL/2024/420,Mizoram,Aizawl,Aizawl Slope Failure (MIZ/AZL/2024/420),,23.53694444,92.6975,Debris,Slide,28 May 2024,2024-05-28,1,1
MIZ/AZL/2024/421,Mizoram,Aizawl,Aizawl Slope Failure (MIZ/AZL/2024/421),,23.53611111,92.69777778,Debris,Complex,28 May 2024,2024-05-28,1,1
MIZ/AZL/2024/422,Mizoram,Aizawl,Aizawl Slope Failure (MIZ/AZL/2024/422),,23.53555556,92.69694444,Rock,Slide,28 May 2024,2024-05-28,1,1
MIZ/AZL/2024/426,Mizoram,Aizawl,Aizawl Slope Failure (MIZ/AZL/2024/426),,23.53027778,92.69666667,Debris,Slide,28 May 2024,2024-05-28,1,1
MIZ/AZL/2024/427,Mizoram,Aizawl,Aizawl Slope Failure (MIZ/AZL/2024/427),,23.52861111,92.6975,Debris,Slide,28 May 2024,2024-05-28,1,1
MIZ/AZL/2024/428,Mizoram,Aizawl,Aizawl Slope Failure (MIZ/AZL/2024/428),,23.52777778,92.69861111,Debris,Slide,28 May 2024,2024-05-28,1,1
MIZ/AZL/2024/431,Mizoram,Aizawl,Aizawl Slope Failure (MIZ/AZL/2024/431),,23.52277778,92.70277778,Debris,Slide,28 May 2024,2024-05-28,1,1
MIZ/AZL/2024/432,Mizoram,Aizawl,Aizawl Slope Failure (MIZ/AZL/2024/432),,23.51944444,92.70055556,Debris,Slide,25 September 2024,2024-09-25,1,1
MIZ/AZL/2024/435,Mizoram,Aizawl,Aizawl Slope Failure (MIZ/AZL/2024/435),,23.51444444,92.69805556,Debris,Slide,28 May 2024,2024-05-28,1,1
MIZ/AZL/2024/437,Mizoram,Aizawl,Aizawl Slope Failure (MIZ/AZL/2024/437),,23.51055556,92.69972222,Debris,Slide,28 May 2024,2024-05-28,1,1
MIZ/AZL/2024/438,Mizoram,Aizawl,Aizawl Slope Failure (MIZ/AZL/2024/438),,23.50861111,92.69805556,Rock,Slide,28 May 2024,2024-05-28,1,1
MIZ/AZL/2024/439,Mizoram,Aizawl,Aizawl Slope Failure (MIZ/AZL/2024/439),,23.50694444,92.69638889,Debris,Slide,28 May 2024,2024-05-28,1,1
MIZ/AZL/2024/441,Mizoram,Aizawl,Aizawl Slope Failure (MIZ/AZL/2024/441),,23.50527778,92.6975,Debris,Slide,28 May 2024,2024-05-28,1,1
MIZ/AZL/2024/444,Mizoram,Aizawl,Aizawl Slope Failure (MIZ/AZL/2024/444),,23.55027778,92.70444444,Debris,Slide,28 May 2024,2024-05-28,1,1
MIZ/AZL/2024/454,Mizoram,Aizawl,Aizawl Slope Failure (MIZ/AZL/2024/454),,23.54305556,92.70055556,Debris,Complex,28 May 2024,2024-05-28,1,1
MIZ/AZL/2024/459,Mizoram,Aizawl,Aizawl Slope Failure (MIZ/AZL/2024/459),,23.53972222,92.69944444,Debris,Complex,28 May 2024,2024-05-28,1,1
MIZ/AZL/2024/460,Mizoram,Aizawl,Aizawl Slope Failure (MIZ/AZL/2024/460),,23.53777778,92.69833333,Debris,Complex,28 May 2024,2024-05-28,1,1
MIZ/AZL/2024/465,Mizoram,Aizawl,Aizawl Slope Failure (MIZ/AZL/2024/465),,23.54277778,92.67638889,Debris,Slide,28 May 2024,2024-05-28,1,1
MIZ/AZL/2024/469,Mizoram,Aizawl,Aizawl Slope Failure (MIZ/AZL/2024/469),,23.54277778,92.67472222,Debris,Complex,28 May 2024,2024-05-28,1,1
MIZ/AZL/2024/471,Mizoram,Aizawl,Aizawl Slope Failure (MIZ/AZL/2024/471),,23.54333333,92.66472222,Debris,Complex,28 May 2024,2024-05-28,1,1
MIZ/AZL/2024/472,Mizoram,Aizawl,Aizawl Slope Failure (MIZ/AZL/2024/472),,23.54166667,92.66472222,Debris,Complex,12 August 2023,2023-08-12,1,1
MIZ/AZL/2024/474,Mizoram,Aizawl,Aizawl Slope Failure (MIZ/AZL/2024/474),,23.53944444,92.66527778,Debris,Slide,28 May 2024,2024-05-28,1,1
MIZ/AZL/2024/476,Mizoram,Aizawl,Aizawl Slope Failure (MIZ/AZL/2024/476),,23.53888889,92.6625,Debris,Slide,28 May 2024,2024-05-28,1,1
MIZ/AZL/2024/483,Mizoram,Aizawl,Aizawl Slope Failure (MIZ/AZL/2024/483),,23.53944444,92.65888889,Debris,Slide,28 May 2024,2024-05-28,1,1
MIZ/AZL/2024/484,Mizoram,Aizawl,Aizawl Slope Failure (MIZ/AZL/2024/484),,23.53611111,92.65527778,Debris,Slide,28 May 2024,2024-05-28,1,1
MIZ/AZL/2024/486,Mizoram,Aizawl,Aizawl Slope Failure (MIZ/AZL/2024/486),,23.52694444,92.65444444,Debris,Slide,20 September 2024,2024-09-20,1,1
MIZ/AZL/2024/488,Mizoram,Aizawl,Aizawl Slope Failure (MIZ/AZL/2024/488),,23.52583333,92.63861111,Debris,Slide,2 June 2024,2024-06-02,1,1
MIZ/AZL/2024/489,Mizoram,Aizawl,Aizawl Slope Failure (MIZ/AZL/2024/489),,23.45083333,92.6825,Debris,Slide,28 May 2024,2024-05-28,1,1
MIZ/AZL/2024/498,Mizoram,Aizawl,Aizawl Slope Failure (MIZ/AZL/2024/498),,23.44805556,92.68333333,Debris,Slide,28 May 2024,2024-05-28,1,1
MIZ/AZL/2024/500,Mizoram,Aizawl,Aizawl Slope Failure (MIZ/AZL/2024/500),,23.44333333,92.68527778,Debris,Slide,28 May 2024,2024-05-28,1,1
MIZ/AZL/2024/503,Mizoram,Aizawl,Aizawl Slope Failure (MIZ/AZL/2024/503),,23.42722222,92.71277778,Debris,Complex,28 May 2024,2024-05-28,1,1
MIZ/AZL/2024/505,Mizoram,Aizawl,Aizawl Slope Failure (MIZ/AZL/2024/505),,23.41694444,92.71805556,Debris,Slide,28 May 2024,2024-05-28,1,1
MIZ/AZL/2024/511,Mizoram,Aizawl,Aizawl Slope Failure (MIZ/AZL/2024/511),,23.41,92.74944444,Debris,Slide,28 May 2024,2024-05-28,1,1
MIZ/AZL/2024/526,Mizoram,Aizawl,Aizawl Slope Failure (MIZ/AZL/2024/526),,23.37972222,92.75166667,Debris,Slide,28 May 2024,2024-05-28,1,1
MIZ/AZL/2024/534,Mizoram,Aizawl,Aizawl Slope Failure (MIZ/AZL/2024/534),,23.35694444,92.77027778,Debris,Complex,28 May 2024,2024-05-28,1,1
MIZ/AZL/2024/535,Mizoram,Aizawl,Aizawl Slope Failure (MIZ/AZL/2024/535),,23.35638889,92.77027778,Debris,Complex,28 May 2024,2024-05-28,1,1
MIZ/AZL/2024/539,Mizoram,Aizawl,Aizawl Slope Failure (MIZ/AZL/2024/539),,23.39166667,92.75527778,Debris,Complex,28 May 2024,2024-05-28,1,1
MIZ/AZL/2024/548,Mizoram,Aizawl,Aizawl Slope Failure (MIZ/AZL/2024/548),,23.43194444,92.76083333,Debris,Slide,28 May 2024,2024-05-28,1,1
MIZ/AZL/2024/552,Mizoram,Aizawl,Aizawl Slope Failure (MIZ/AZL/2024/552),,23.44138889,92.77888889,Debris,Complex,28 May 2024,2024-05-28,1,1
MIZ/AZL/2024/559,Mizoram,Aizawl,Aizawl Slope Failure (MIZ/AZL/2024/559),,23.48555556,92.70305556,Debris,Slide,28 May 2024,2024-05-28,1,1
MIZ/AZL/2024/561,Mizoram,Aizawl,Aizawl Slope Failure (MIZ/AZL/2024/561),,23.49083333,92.70555556,Debris,Complex,28 May 2024,2024-05-28,1,1
MIZ/AZL/2024/567,Mizoram,Aizawl,Aizawl Slope Failure (MIZ/AZL/2024/567),,23.49861111,92.70388889,Debris,Complex,28 May 2024,2024-05-28,1,1
MIZ/AZL/2024/570,Mizoram,Aizawl,Aizawl Slope Failure (MIZ/AZL/2024/570),,23.66194444,92.85416667,Debris,Slide,12 November 2024,2024-11-12,1,1
MIZ/AZL/2024/571,Mizoram,Aizawl,Aizawl Slope Failure (MIZ/AZL/2024/571),,23.68277778,92.8575,Debris,Slide,28 May 2024,2024-05-28,1,1
MIZ/AZL/2024/572,Mizoram,Aizawl,Aizawl Slope Failure (MIZ/AZL/2024/572),,23.68305556,92.8575,Debris,Slide,28 May 2024,2024-05-28,1,1
MIZ/AZL/2024/575,Mizoram,Aizawl,Aizawl Slope Failure (MIZ/AZL/2024/575),,23.71388889,92.85722222,Debris,Slide,2 July 2024,2024-07-02,1,1
MIZ/AZL/2024/576,Mizoram,Aizawl,Aizawl Slope Failure (MIZ/AZL/2024/576),,23.68638889,92.85833333,Debris,Slide,28 May 2024,2024-05-28,1,1
MIZ/AZL/2024/578,Mizoram,Aizawl,Aizawl Slope Failure (MIZ/AZL/2024/578),,23.69472222,92.85972222,Debris,Slide,28 May 2024,2024-05-28,1,1
MIZ/AZL/2024/579,Mizoram,Aizawl,Aizawl Slope Failure (MIZ/AZL/2024/579),,23.71416667,92.85805556,Debris,Slide,28 May 2024,2024-05-28,1,1
MIZ/AZL/2024/582,Mizoram,Aizawl,Aizawl Slope Failure (MIZ/AZL/2024/582),,23.72722222,92.85472222,Debris,Slide,28 May 2024,2024-05-28,1,1
MIZ/AZL/2024/583,Mizoram,Aizawl,Aizawl Slope Failure (MIZ/AZL/2024/583),,23.72972222,92.85305556,Debris,Slide,28 May 2024,2024-05-28,1,1
MIZ/AZL/2024/586,Mizoram,Aizawl,Aizawl Slope Failure (MIZ/AZL/2024/586),,23.73111111,92.84638889,Debris,Slide,28 May 2024,2024-05-28,1,1
MIZ/AZL/2024/587,Mizoram,Aizawl,Aizawl Slope Failure (MIZ/AZL/2024/587),,23.73361111,92.84305556,Debris,Slide,28 May 2024,2024-05-28,1,1
MIZ/AZL/2024/599,Mizoram,Aizawl,Aizawl Slope Failure (MIZ/AZL/2024/599),,23.73833333,92.81333333,Debris,Slide,28 May 2024,2024-05-28,1,1
MIZ/AZL/2024/600,Mizoram,Aizawl,Aizawl Slope Failure (MIZ/AZL/2024/600),,23.73694444,92.81361111,Debris,Slide,2 July 2024,2024-07-02,1,1
MIZ/AZL/2024/601,Mizoram,Aizawl,Aizawl Slope Failure (MIZ/AZL/2024/601),,23.73472222,92.81333333,Debris,Slide,28 May 2024,2024-05-28,1,1
MIZ/AZL/2024/605,Mizoram,Aizawl,Aizawl Slope Failure (MIZ/AZL/2024/605),,23.73,92.75833333,Debris,Complex,28 May 2024,2024-05-28,1,1
MIZ/AZL/2024/608,Mizoram,Aizawl,Aizawl Slope Failure (MIZ/AZL/2024/608),,23.73055556,92.75861111,Debris,Slide,28 May 2024,2024-05-28,1,1
MIZ/AZL/2024/610,Mizoram,Aizawl,Aizawl Slope Failure (MIZ/AZL/2024/610),,23.72916667,92.76583333,Debris,Slide,2 July 2024,2024-07-02,1,1
MIZ/AZL/2024/612,Mizoram,Aizawl,Aizawl Slope Failure (MIZ/AZL/2024/612),,23.73027778,92.76861111,Debris,Slide,28 August 2024,2024-08-28,1,1
MIZ/AZL/2024/613,Mizoram,Aizawl,Aizawl Slope Failure (MIZ/AZL/2024/613),,23.73222222,92.76555556,Debris,Slide,2 July 2024,2024-07-02,1,1
MIZ/AZL/2024/616,Mizoram,Aizawl,Aizawl Slope Failure (MIZ/AZL/2024/616),,23.73794444,92.78613889,Rock,Slide,2 July 2024,2024-07-02,1,1
MIZ/AZL/2024/617,Mizoram,Aizawl,Aizawl Slope Failure (MIZ/AZL/2024/617),,23.7375,92.78805556,Debris,Slide,2 July 2024,2024-07-02,1,1
MIZ/AZL/2024/620,Mizoram,Aizawl,Aizawl Slope Failure (MIZ/AZL/2024/620),,23.73388889,92.79388889,Debris,Slide,2 July 2024,2024-07-02,1,1
MIZ/AZL/2024/621,Mizoram,Aizawl,Aizawl Slope Failure (MIZ/AZL/2024/621),,23.72222222,92.79861111,Debris,Complex,28 May 2024,2024-05-28,1,1
MIZ/AZL/2024/622,Mizoram,Aizawl,Aizawl Slope Failure (MIZ/AZL/2024/622),,23.72138889,92.79944444,Debris,Slide,2 July 2024,2024-07-02,1,1
MIZ/AZL/2024/623,Mizoram,Aizawl,Aizawl Slope Failure (MIZ/AZL/2024/623),,23.72138889,92.85777778,Debris,Slide,2 July 2024,2024-07-02,1,1
MIZ/AZL/2024/624,Mizoram,Aizawl,Aizawl Slope Failure (MIZ/AZL/2024/624),,23.72083333,92.86472222,Debris,Slide,2 July 2024,2024-07-02,1,1
MIZ/AZL/2024/627,Mizoram,Aizawl,Aizawl Slope Failure (MIZ/AZL/2024/627),,23.71166667,92.87833333,Debris,Slide,2 July 2024,2024-07-02,1,1
MIZ/AZL/2024/628,Mizoram,Aizawl,Aizawl Slope Failure (MIZ/AZL/2024/628),,23.71111111,92.87861111,Debris,Slide,28 June 2024,2024-06-28,1,1
MIZ/AZL/2024/629,Mizoram,Aizawl,Aizawl Slope Failure (MIZ/AZL/2024/629),,23.70333333,92.87638889,Debris,Slide,18 July 2024,2024-07-18,1,1
MIZ/AZL/2024/634,Mizoram,Aizawl,Aizawl Slope Failure (MIZ/AZL/2024/634),,23.73361111,92.84833333,Debris,Slide,7 June 2024,2024-06-07,1,1
MIZ/AZL/2024/635,Mizoram,Aizawl,Aizawl Slope Failure (MIZ/AZL/2024/635),,23.73361111,92.85305556,Debris,Complex,28 August 2024,2024-08-28,1,1
MIZ/AZL/2024/636,Mizoram,Aizawl,Aizawl Slope Failure (MIZ/AZL/2024/636),,23.735,92.85666667,Debris,Slide,2 July 2024,2024-07-02,1,1
MIZ/AZL/2024/637,Mizoram,Aizawl,Aizawl Slope Failure (MIZ/AZL/2024/637),,23.73666667,92.85611111,Debris,Slide,2 July 2024,2024-07-02,1,1
MIZ/AZL/2024/638,Mizoram,Aizawl,Aizawl Slope Failure (MIZ/AZL/2024/638),,23.73583333,92.85194444,Debris,Slide,28 May 2024,2024-05-28,1,1
MIZ/AZL/2024/639,Mizoram,Aizawl,Aizawl Slope Failure (MIZ/AZL/2024/639),,23.74416667,92.85555556,Debris,Slide,25 September 2024,2024-09-25,1,1
MIZ/AZL/2024/640,Mizoram,Aizawl,Aizawl Slope Failure (MIZ/AZL/2024/640),,23.74361111,92.85416667,Debris,Slide,25 September 2024,2024-09-25,1,1
MIZ/AZL/2024/641,Mizoram,Aizawl,Aizawl Slope Failure (MIZ/AZL/2024/641),,23.76111111,92.84777778,Debris,Slide,2 July 2024,2024-07-02,1,1
MIZ/AZL/2024/642,Mizoram,Aizawl,Aizawl Slope Failure (MIZ/AZL/2024/642),,23.76166667,92.85083333,Debris,Complex,2 July 2024,2024-07-02,1,1
MIZ/AZL/2024/643,Mizoram,Aizawl,Aizawl Slope Failure (MIZ/AZL/2024/643),,23.76527778,92.85,Earth/Soil,Slide,2 July 2024,2024-07-02,1,1
MIZ/AZL/2024/644,Mizoram,Aizawl,Aizawl Slope Failure (MIZ/AZL/2024/644),,23.76861111,92.85138889,Earth/Soil,Slide,2 July 2024,2024-07-02,1,1
MIZ/AZL/2024/645,Mizoram,Aizawl,Aizawl Slope Failure (MIZ/AZL/2024/645),,23.77777778,92.8479,Earth/Soil,Slide,28 May 2024,2024-05-28,1,1
MIZ/AZL/2024/646,Mizoram,Aizawl,Aizawl Slope Failure (MIZ/AZL/2024/646),,23.774,92.848,Debris,Slide,28 June 2024,2024-06-28,1,1
MIZ/AZL/2024/647,Mizoram,Aizawl,Aizawl Slope Failure (MIZ/AZL/2024/647),,23.7775,92.84833333,Debris,Slide,28 May 2024,2024-05-28,1,1
MIZ/AZL/2024/648,Mizoram,Aizawl,Aizawl Slope Failure (MIZ/AZL/2024/648),,23.77833333,92.84666667,Debris,Slide,28 May 2024,2024-05-28,1,1
MIZ/AZL/2024/649,Mizoram,Aizawl,Aizawl Slope Failure (MIZ/AZL/2024/649),,23.77166667,92.84805556,Debris,Slide,23 July 2023,2023-07-23,1,1
MIZ/AZL/2024/652,Mizoram,Aizawl,Aizawl Slope Failure (MIZ/AZL/2024/652),,23.77361111,92.84944444,Debris,Slide,28 May 2024,2024-05-28,1,1
MIZ/AZL/2024/657,Mizoram,Aizawl,Aizawl Slope Failure (MIZ/AZL/2024/657),,23.82638889,92.8325,Debris,Slide,28 May 2024,2024-05-28,1,1
MIZ/AZL/2024/659,Mizoram,Aizawl,Aizawl Slope Failure (MIZ/AZL/2024/659),,23.83277778,92.8325,Debris,Slide,2 July 2024,2024-07-02,1,1
MIZ/AZL/2024/660,Mizoram,Aizawl,Aizawl Slope Failure (MIZ/AZL/2024/660),,23.83888889,92.83194444,Earth/Soil,Slide,2 July 2024,2024-07-02,1,1
MIZ/AZL/2024/661,Mizoram,Aizawl,Aizawl Slope Failure (MIZ/AZL/2024/661),,23.84777778,92.83694444,Debris,Slide,28 May 2024,2024-05-28,1,1
MIZ/AZL/2024/662,Mizoram,Aizawl,Aizawl Slope Failure (MIZ/AZL/2024/662),,23.85194444,92.83305556,Earth/Soil,Slide,25 September 2024,2024-09-25,1,1
MIZ/AZL/2024/663,Mizoram,Aizawl,Aizawl Slope Failure (MIZ/AZL/2024/663),,23.86222222,92.83666667,Debris,Slide,2 July 2024,2024-07-02,1,1
MIZ/AZL/2024/665,Mizoram,Aizawl,Aizawl Slope Failure (MIZ/AZL/2024/665),,23.87777778,92.84083333,Debris,Slide,25 September 2024,2024-09-25,1,1
MIZ/AZL/2024/666,Mizoram,Aizawl,Aizawl Slope Failure (MIZ/AZL/2024/666),,23.88583333,92.85055556,Rock,Slide,28 September 2024,2024-09-28,1,1
MIZ/AZL/2024/667,Mizoram,Aizawl,Aizawl Slope Failure (MIZ/AZL/2024/667),,23.89277778,92.85083333,Debris,Slide,28 September 2024,2024-09-28,1,1
MIZ/AZL/2024/668,Mizoram,Aizawl,Aizawl Slope Failure (MIZ/AZL/2024/668),,23.89138889,92.84888889,Debris,Slide,2 July 2024,2024-07-02,1,1
MIZ/AZL/2024/669,Mizoram,Aizawl,Aizawl Slope Failure (MIZ/AZL/2024/669),,23.89305556,92.84722222,Earth/Soil,Slide,28 September 2024,2024-09-28,1,1
MIZ/AZL/2024/670,Mizoram,Aizawl,Aizawl Slope Failure (MIZ/AZL/2024/670),,23.88361111,92.85305556,Earth/Soil,Slide,17 August 2024,2024-08-17,1,1
MIZ/AZL/2024/671,Mizoram,Aizawl,Aizawl Slope Failure (MIZ/AZL/2024/671),,23.88527778,92.8575,Earth/Soil,Slide,25 September 2024,2024-09-25,1,1
MIZ/AZL/2024/672,Mizoram,Aizawl,Aizawl Slope Failure (MIZ/AZL/2024/672),,23.76972222,92.76,Earth/Soil,Slide,2 July 2024,2024-07-02,1,1
MIZ/AZL/2024/705,Mizoram,Aizawl,Aizawl Slope Failure (MIZ/AZL/2024/705),,24.03503889,93.54139444,Debris,Slide,28 September 2024,2024-09-28,1,1
MIZ/AZL/2024/706,Mizoram,Aizawl,Aizawl Slope Failure (MIZ/AZL/2024/706),,24.05808333,93.49808333,Earth/Soil,Slide,7 October 2024,2024-10-07,1,1
MIZ/AZL/2024/707,Mizoram,Aizawl,Aizawl Slope Failure (MIZ/AZL/2024/707),,24.04531667,93.49220278,Debris,Slide,7 October 2024,2024-10-07,1,1
MIZ/AZL/2024/708,Mizoram,Aizawl,Aizawl Slope Failure (MIZ/AZL/2024/708),,24.090025,93.54191667,Debris,Slide,7 October 2024,2024-10-07,1,1
MIZ/AZL/2024/709,Mizoram,Aizawl,Aizawl Slope Failure (MIZ/AZL/2024/709),,24.10864167,93.54198333,Debris,Slide,28 September 2024,2024-09-28,1,1
MIZ/AZL/2024/710,Mizoram,Aizawl,Aizawl Slope Failure (MIZ/AZL/2024/710),,24.12682222,93.54013889,Debris,Slide,28 September 2024,2024-09-28,1,1
MIZ/AZL/2024/711,Mizoram,Aizawl,Aizawl Slope Failure (MIZ/AZL/2024/711),,24.12715278,93.53351389,Earth/Soil,Slide,7 October 2024,2024-10-07,1,1
MIZ/AZL/2024/712,Mizoram,Aizawl,Aizawl Slope Failure (MIZ/AZL/2024/712),,24.17180556,93.54406667,Debris,Slide,2 July 2024,2024-07-02,1,1
MIZ/AZL/2024/713,Mizoram,Aizawl,Aizawl Slope Failure (MIZ/AZL/2024/713),,24.18291667,93.53441944,Debris,Slide,2 July 2024,2024-07-02,1,1
MIZ/AZL/2024/714,Mizoram,Aizawl,Aizawl Slope Failure (MIZ/AZL/2024/714),,24.18566111,93.53935278,Debris,Slide,2 July 2024,2024-07-02,1,1
MIZ/AZL/2024/715,Mizoram,Aizawl,Aizawl Slope Failure (MIZ/AZL/2024/715),,24.24449722,93.55275833,Debris,Slide,2 July 2024,2024-07-02,1,1
MIZ/AZL/2024/716,Mizoram,Aizawl,Aizawl Slope Failure (MIZ/AZL/2024/716),,24.24755556,93.54809722,Debris,Slide,2 July 2024,2024-07-02,1,1
MIZ/AZL/2024/717,Mizoram,Aizawl,Aizawl Slope Failure (MIZ/AZL/2024/717),,24.28840278,93.58591389,Debris,Slide,13 August 2024,2024-08-13,1,1
MIZ/AZL/2024/718,Mizoram,Aizawl,Aizawl Slope Failure (MIZ/AZL/2024/718),,24.29982222,93.59040833,Debris,Slide,13 August 2024,2024-08-13,1,1
MIZ/AZL/2024/719,Mizoram,Aizawl,Aizawl Slope Failure (MIZ/AZL/2024/719),,24.30768611,93.58120556,Debris,Slide,13 August 2024,2024-08-13,1,1
MIZ/AZL/2024/720,Mizoram,Aizawl,Aizawl Slope Failure (MIZ/AZL/2024/720),,24.30711944,93.59375833,Earth/Soil,Slide,13 August 2024,2024-08-13,1,1
MIZ/AZL/2024/721,Mizoram,Aizawl,Aizawl Slope Failure (MIZ/AZL/2024/721),,24.33915833,93.66233611,Debris,Slide,13 August 2024,2024-08-13,1,1
MIZ/AZL/2024/722,Mizoram,Aizawl,Aizawl Slope Failure (MIZ/AZL/2024/722),,24.33331944,93.65702778,Debris,Slide,13 August 2024,2024-08-13,1,1
MIZ/AZL/2024/723,Mizoram,Aizawl,Aizawl Slope Failure (MIZ/AZL/2024/723),,24.33300556,93.65357222,Debris,Slide,28 September 2024,2024-09-28,1,1
MIZ/AZL/2024/724,Mizoram,Aizawl,Aizawl Slope Failure (MIZ/AZL/2024/724),,24.3309,93.66054444,Debris,Slide,13 August 2024,2024-08-13,1,1
MIZ/AZL/2024/725,Mizoram,Aizawl,Aizawl Slope Failure (MIZ/AZL/2024/725),,24.32773611,93.57937222,Rock,Slide,2 July 2024,2024-07-02,1,1
MIZ/AZL/2024/726,Mizoram,Aizawl,Aizawl Slope Failure (MIZ/AZL/2024/726),,24.39255556,93.65468611,Debris,Slide,13 August 2024,2024-08-13,1,1
MIZ/AZL/2024/728,Mizoram,Aizawl,Aizawl Slope Failure (MIZ/AZL/2024/728),,24.49112222,93.62215556,Earth/Soil,Slide,13 August 2024,2024-08-13,1,1
MIZ/AZL/2024/730,Mizoram,Aizawl,Aizawl Slope Failure (MIZ/AZL/2024/730),,24.48458889,93.58781944,Debris,Slide,13 August 2024,2024-08-13,1,1
MIZ/AZL/2024/731,Mizoram,Aizawl,Aizawl Slope Failure (MIZ/AZL/2024/731),,24.492825,93.58643611,Earth/Soil,Slide,28 September 2024,2024-09-28,1,1
MIZ/AZL/2024/732,Mizoram,Aizawl,Aizawl Slope Failure (MIZ/AZL/2024/732),,24.51785556,93.55086944,Debris,Slide,13 August 2024,2024-08-13,1,1
MIZ/AZL/2024/734,Mizoram,Aizawl,Aizawl Slope Failure (MIZ/AZL/2024/734),,24.52308611,93.57206944,Debris,Slide,28 September 2024,2024-09-28,1,1
MIZ/AZL/2024/735,Mizoram,Aizawl,Aizawl Slope Failure (MIZ/AZL/2024/735),,24.48338333,93.58848056,Debris,Complex,28 September 2024,2024-09-28,1,1
MIZ/KOL/2024/736,Mizoram,Kolasib,Kolasib Slope Failure (MIZ/KOL/2024/736),,24.450125,93.35963889,Earth/Soil,Slide,8 August 2024,2024-08-08,1,1
MIZ/KOL/2024/737,Mizoram,Kolasib,Kolasib Slope Failure (MIZ/KOL/2024/737),,24.48857222,93.36792222,Debris,Slide,28 September 2024,2024-09-28,1,1
MIZ/KOL/2024/738,Mizoram,Kolasib,Kolasib Slope Failure (MIZ/KOL/2024/738),,24.54263333,93.39741944,Debris,Slide,18 August 2024,2024-08-18,1,1
MIZ/KOL/2024/739,Mizoram,Kolasib,Kolasib Slope Failure (MIZ/KOL/2024/739),,24.60002222,93.37166389,Earth/Soil,Slide,21 October 2024,2024-10-21,1,1
MIZ/KOL/2024/740,Mizoram,Kolasib,Kolasib Slope Failure (MIZ/KOL/2024/740),,24.60067222,93.37223056,Earth/Soil,Slide,21 October 2024,2024-10-21,1,1
MIZ/KOL/2024/741,Mizoram,Kolasib,Kolasib Slope Failure (MIZ/KOL/2024/741),,24.60372222,93.37223056,Debris,Slide,2 July 2024,2024-07-02,1,1
MIZ/KOL/2024/742,Mizoram,Kolasib,Kolasib Slope Failure (MIZ/KOL/2024/742),,24.66895556,93.33700556,Debris,Slide,2 July 2024,2024-07-02,1,1
MIZ/KOL/2024/744,Mizoram,Kolasib,Kolasib Slope Failure (MIZ/KOL/2024/744),,24.76606111,93.30076667,Earth/Soil,Slide,13 August 2024,2024-08-13,1,1
MIZ/KOL/2024/745,Mizoram,Kolasib,Kolasib Slope Failure (MIZ/KOL/2024/745),,24.73838889,93.30909722,Debris,Slide,18 August 2024,2024-08-18,1,1
MIZ/KOL/2024/746,Mizoram,Kolasib,Kolasib Slope Failure (MIZ/KOL/2024/746),,24.72074444,93.30899167,Debris,Slide,2 July 2024,2024-07-02,1,1
MIZ/KOL/2024/747,Mizoram,Kolasib,Kolasib Slope Failure (MIZ/KOL/2024/747),,24.716225,93.32551389,Debris,Slide,18 August 2024,2024-08-18,1,1
MIZ/KOL/2024/748,Mizoram,Kolasib,Kolasib Slope Failure (MIZ/KOL/2024/748),,24.70553333,93.33064167,Debris,Slide,28 September 2024,2024-09-28,1,1
MIZ/KOL/2024/749,Mizoram,Kolasib,Kolasib Slope Failure (MIZ/KOL/2024/749),,24.60719444,93.46784722,Earth/Soil,Slide,19 August 2024,2024-08-19,1,1
MIZ/KOL/2024/750,Mizoram,Kolasib,Kolasib Slope Failure (MIZ/KOL/2024/750),,24.60853333,93.41668333,Debris,Slide,18 August 2024,2024-08-18,1,1
MIZ/AZL/2024/752,Mizoram,Aizawl,Aizawl Slope Failure (MIZ/AZL/2024/752),,23.09758333,93.21623333,Debris,Slide,2 July 2024,2024-07-02,1,1
MIZ/AZL/2024/753,Mizoram,Aizawl,Aizawl Slope Failure (MIZ/AZL/2024/753),,23.10851389,93.20975,Debris,Slide,28 June 2024,2024-06-28,1,1
MIZ/AZL/2024/754,Mizoram,Aizawl,Aizawl Slope Failure (MIZ/AZL/2024/754),,23.10172778,93.20231944,Debris,Complex,28 May 2024,2024-05-28,1,1
MIZ/AZL/2024/755,Mizoram,Aizawl,Aizawl Slope Failure (MIZ/AZL/2024/755),,23.101925,93.20426111,Debris,Slide,2 July 2024,2024-07-02,1,1
MIZ/AZL/2024/756,Mizoram,Aizawl,Aizawl Slope Failure (MIZ/AZL/2024/756),,23.10184722,93.20138889,Debris,Slide,28 September 2024,2024-09-28,1,1
MIZ/AZL/2024/759,Mizoram,Aizawl,Aizawl Slope Failure (MIZ/AZL/2024/759),,23.09759444,93.21089444,Debris,Slide,2 July 2024,2024-07-02,1,1
MIZ/AZL/2024/760,Mizoram,Aizawl,Aizawl Slope Failure (MIZ/AZL/2024/760),,23.09561111,93.20786389,Debris,Slide,28 May 2024,2024-05-28,1,1
MIZ/AZL/2024/762,Mizoram,Aizawl,Aizawl Slope Failure (MIZ/AZL/2024/762),,23.10100556,93.19393611,Debris,Slide,2 July 2024,2024-07-02,1,1
MIZ/AZL/2024/763,Mizoram,Aizawl,Aizawl Slope Failure (MIZ/AZL/2024/763),,23.10074722,93.18785278,Debris,Complex,2 July 2024,2024-07-02,1,1
MIZ/AZL/2024/764,Mizoram,Aizawl,Aizawl Slope Failure (MIZ/AZL/2024/764),,23.09954722,93.18600278,Debris,Complex,2 July 2024,2024-07-02,1,1
MIZ/AZL/2024/767,Mizoram,Aizawl,Aizawl Slope Failure (MIZ/AZL/2024/767),,23.0983,93.17597222,Debris,Slide,2 July 2024,2024-07-02,1,1
MIZ/AZL/2024/768,Mizoram,Aizawl,Aizawl Slope Failure (MIZ/AZL/2024/768),,23.110975,93.21260278,Debris,Slide,28 May 2024,2024-05-28,1,1
MIZ/AZL/2024/769,Mizoram,Aizawl,Aizawl Slope Failure (MIZ/AZL/2024/769),,23.25986389,93.16155278,Debris,Slide,28 October 2024,2024-10-28,1,1
MIZ/AZL/2024/770,Mizoram,Aizawl,Aizawl Slope Failure (MIZ/AZL/2024/770),,23.25828611,93.15288333,Debris,Slide,28 November 2024,2024-11-28,1,1
MIZ/AZL/2024/771,Mizoram,Aizawl,Aizawl Slope Failure (MIZ/AZL/2024/771),,23.26126111,93.15070556,Debris,Slide,28 November 2024,2024-11-28,1,1
MIZ/AZL/2024/772,Mizoram,Aizawl,Aizawl Slope Failure (MIZ/AZL/2024/772),,23.25951944,93.15917222,Debris,Complex,28 September 2024,2024-09-28,1,1
MIZ/AZL/2024/773,Mizoram,Aizawl,Aizawl Slope Failure (MIZ/AZL/2024/773),,23.27598056,93.14351667,Debris,Slide,2 July 2024,2024-07-02,1,1
MIZ/AZL/2024/774,Mizoram,Aizawl,Aizawl Slope Failure (MIZ/AZL/2024/774),,23.27663889,93.14375,Rock,Slide,2 July 2024,2024-07-02,1,1
MIZ/AZL/2024/775,Mizoram,Aizawl,Aizawl Slope Failure (MIZ/AZL/2024/775),,23.281075,93.144075,Debris,Slide,2 July 2024,2024-07-02,1,1
MIZ/AZL/2024/776,Mizoram,Aizawl,Aizawl Slope Failure (MIZ/AZL/2024/776),,23.32829167,93.12184167,Debris,Slide,28 September 2024,2024-09-28,1,1
MIZ/AZL/2024/777,Mizoram,Aizawl,Aizawl Slope Failure (MIZ/AZL/2024/777),,23.33529167,93.11214167,Debris,Slide,2 July 2024,2024-07-02,1,1
MIZ/KOL/2024/778,Mizoram,Kolasib,Kolasib Slope Failure (MIZ/KOL/2024/778),,23.41421944,93.10569167,Debris,Slide,13 August 2024,2024-08-13,1,1
MIZ/KOL/2024/780,Mizoram,Kolasib,Kolasib Slope Failure (MIZ/KOL/2024/780),,23.50882222,93.09170278,Earth/Soil,Slide,2 July 2024,2024-07-02,1,1
MIZ/KOL/2024/781,Mizoram,Kolasib,Kolasib Slope Failure (MIZ/KOL/2024/781),,23.54130278,93.10256944,Earth/Soil,Slide,12 September 2024,2024-09-12,1,1
MIZ/KOL/2024/782,Mizoram,Kolasib,Kolasib Slope Failure (MIZ/KOL/2024/782),,23.54600556,93.09247222,Earth/Soil,Slide,12 September 2024,2024-09-12,1,1
MIZ/KOL/2024/783,Mizoram,Kolasib,Kolasib Slope Failure (MIZ/KOL/2024/783),,23.54286944,93.08539722,Earth/Soil,Slide,12 September 2024,2024-09-12,1,1
MIZ/KOL/2024/784,Mizoram,Kolasib,Kolasib Slope Failure (MIZ/KOL/2024/784),,23.56332778,93.10553333,Earth/Soil,Slide,22 October 2024,2024-10-22,1,1
MIZ/KOL/2024/785,Mizoram,Kolasib,Kolasib Slope Failure (MIZ/KOL/2024/785),,23.56785,93.10472222,Debris,Slide,12 September 2024,2024-09-12,1,1
MIZ/KOL/2024/786,Mizoram,Kolasib,Kolasib Slope Failure (MIZ/KOL/2024/786),,23.56413333,93.11378889,Earth/Soil,Slide,12 September 2024,2024-09-12,1,1
MIZ/KOL/2024/787,Mizoram,Kolasib,Kolasib Slope Failure (MIZ/KOL/2024/787),,23.56233889,93.11890833,Debris,Slide,12 September 2024,2024-09-12,1,1
MIZ/KOL/2024/789,Mizoram,Kolasib,Kolasib Slope Failure (MIZ/KOL/2024/789),,23.56238611,93.12376667,Earth/Soil,Slide,12 September 2024,2024-09-12,1,1
MIZ/KOL/2024/790,Mizoram,Kolasib,Kolasib Slope Failure (MIZ/KOL/2024/790),,23.56404167,93.10752222,Earth/Soil,Slide,12 September 2024,2024-09-12,1,1
MIZ/KOL/2024/791,Mizoram,Kolasib,Kolasib Slope Failure (MIZ/KOL/2024/791),,23.56145278,93.10908889,Debris,Slide,12 September 2024,2024-09-12,1,1
MIZ/KOL/2024/792,Mizoram,Kolasib,Kolasib Slope Failure (MIZ/KOL/2024/792),,23.55881111,93.10900556,Earth/Soil,Slide,12 September 2024,2024-09-12,1,1
MIZ/KOL/2024/794,Mizoram,Kolasib,Kolasib Slope Failure (MIZ/KOL/2024/794),,23.5356,93.10656944,Debris,Slide,13 September 2024,2024-09-13,1,1
MIZ/AZL/2024/795,Mizoram,Aizawl,Aizawl Slope Failure (MIZ/AZL/2024/795),,23.34297778,93.057775,Debris,Slide,13 September 2024,2024-09-13,1,1
MIZ/AZL/2024/796,Mizoram,Aizawl,Aizawl Slope Failure (MIZ/AZL/2024/796),,23.35406111,93.04156111,Debris,Slide,28 September 2024,2024-09-28,1,1
MIZ/AZL/2024/797,Mizoram,Aizawl,Aizawl Slope Failure (MIZ/AZL/2024/797),,23.35958611,93.04477222,Debris,Slide,28 September 2024,2024-09-28,1,1
MIZ/KOL/2024/798,Mizoram,Kolasib,Kolasib Slope Failure (MIZ/KOL/2024/798),,23.36556111,93.05125278,Rock,Fall,9 July 2024,2024-07-09,1,1
MIZ/KOL/2024/799,Mizoram,Kolasib,Kolasib Slope Failure (MIZ/KOL/2024/799),,23.36966389,93.04609444,Debris,Slide,9 July 2024,2024-07-09,1,1
MIZ/KOL/2024/801,Mizoram,Kolasib,Kolasib Slope Failure (MIZ/KOL/2024/801),,23.03821667,93.12529444,Rock,Slide,17 September 2024,2024-09-17,1,1
MIZ/KOL/2024/802,Mizoram,Kolasib,Kolasib Slope Failure (MIZ/KOL/2024/802),,23.54294167,93.23821667,Debris,Slide,24 September 2024,2024-09-24,1,1
MIZ/KOL/2024/804,Mizoram,Kolasib,Kolasib Slope Failure (MIZ/KOL/2024/804),,24.55205833,93.25569167,Rock,Fall,9 July 2024,2024-07-09,1,1
MIZ/KOL/2024/809,Mizoram,Kolasib,Kolasib Slope Failure (MIZ/KOL/2024/809),,24.599425,93.30004722,Debris,Slide,24 August 2024,2024-08-24,1,1
MIZ/KOL/2024/810,Mizoram,Kolasib,Kolasib Slope Failure (MIZ/KOL/2024/810),,24.60921944,93.30050278,Debris,Slide,24 September 2024,2024-09-24,1,1
MIZ/KOL/2024/812,Mizoram,Kolasib,Kolasib Slope Failure (MIZ/KOL/2024/812),,24.64528611,93.28593611,Debris,Slide,24 September 2024,2024-09-24,1,1
MIZ/KOL/2024/813,Mizoram,Kolasib,Kolasib Slope Failure (MIZ/KOL/2024/813),,24.02205833,93.29369167,Debris,Slide,24 September 2024,2024-09-24,1,1
MIZ/KOL/2024/814,Mizoram,Kolasib,Kolasib Slope Failure (MIZ/KOL/2024/814),,23.01689167,93.283175,Debris,Slide,24 September 2024,2024-09-24,1,1
MIZ/KOL/2024/815,Mizoram,Kolasib,Kolasib Slope Failure (MIZ/KOL/2024/815),,24.02782222,93.28944444,Debris,Slide,2 July 2024,2024-07-02,1,1
MIZ/KOL/2024/816,Mizoram,Kolasib,Kolasib Slope Failure (MIZ/KOL/2024/816),,24.04014167,93.2915,Debris,Slide,2 July 2024,2024-07-02,1,1
MIZ/KOL/2024/817,Mizoram,Kolasib,Kolasib Slope Failure (MIZ/KOL/2024/817),,24.03980278,93.29373889,Debris,Slide,2 July 2024,2024-07-02,1,1
MIZ/KOL/2024/818,Mizoram,Kolasib,Kolasib Slope Failure (MIZ/KOL/2024/818),,24.05823611,93.28901944,Debris,Slide,2 July 2024,2024-07-02,1,1
MIZ/KOL/2024/819,Mizoram,Kolasib,Kolasib Slope Failure (MIZ/KOL/2024/819),,24.09210556,93.29866667,Rock,Slide,24 September 2024,2024-09-24,1,1
MIZ/KOL/2024/820,Mizoram,Kolasib,Kolasib Slope Failure (MIZ/KOL/2024/820),,24.12428889,93.318525,Earth/Soil,Slide,2 July 2024,2024-07-02,1,1
MIZ/KOL/2024/825,Mizoram,Kolasib,Kolasib Slope Failure (MIZ/KOL/2024/825),,24.297775,93.34159722,Debris,Slide,24 September 2024,2024-09-24,1,1
MIZ/KOL/2024/827,Mizoram,Kolasib,Kolasib Slope Failure (MIZ/KOL/2024/827),,24.35137778,93.34095556,Debris,Slide,24 September 2024,2024-09-24,1,1
MIZ/KOL/2024/830,Mizoram,Kolasib,Kolasib Slope Failure (MIZ/KOL/2024/830),,23.631219,93.118033,Debris,Slide,15 August 2024,2024-08-15,1,1
MIZ/KOL/2024/834,Mizoram,Kolasib,Kolasib Slope Failure (MIZ/KOL/2024/834),,23.62418333,93.14208611,Debris,Slide,15 August 2024,2024-08-15,1,1
MIZ/KOL/2024/836,Mizoram,Kolasib,Kolasib Slope Failure (MIZ/KOL/2024/836),,23.56672222,93.13764444,Debris,Slide,9 July 2024,2024-07-09,1,1
MIZ/KOL/2024/837,Mizoram,Kolasib,Kolasib Slope Failure (MIZ/KOL/2024/837),,24.04014167,93.2915,Debris,Slide,2 July 2024,2024-07-02,1,1
MIZ/KOL/2024/838,Mizoram,Kolasib,Kolasib Slope Failure (MIZ/KOL/2024/838),,24.56771111,93.14291667,Debris,Complex,9 July 2024,2024-07-09,1,1
MIZ/KOL/2024/839,Mizoram,Kolasib,Kolasib Slope Failure (MIZ/KOL/2024/839),,24.57467222,93.14389722,Debris,Slide,9 July 2024,2024-07-09,1,1
MIZ/KOL/2024/840,Mizoram,Kolasib,Kolasib Slope Failure (MIZ/KOL/2024/840),,24.57470833,93.13897222,Debris,Complex,9 July 2024,2024-07-09,1,1
MIZ/KOL/2024/841,Mizoram,Kolasib,Kolasib Slope Failure (MIZ/KOL/2024/841),,24.57151389,93.141725,Debris,Complex,2 July 2024,2024-07-02,1,1
MIZ/KOL/2024/842,Mizoram,Kolasib,Kolasib Slope Failure (MIZ/KOL/2024/842),,24.56917222,93.14073611,Debris,Slide,2 July 2024,2024-07-02,1,1
MIZ/KOL/2024/843,Mizoram,Kolasib,Kolasib Slope Failure (MIZ/KOL/2024/843),,24.5606,93.13071389,Debris,Slide,7 July 2024,2024-07-07,1,1
MIZ/KOL/2024/844,Mizoram,Kolasib,Kolasib Slope Failure (MIZ/KOL/2024/844),,24.55987778,93.12541667,Debris,Slide,7 July 2024,2024-07-07,1,1
MIZ/KOL/2024/845,Mizoram,Kolasib,Kolasib Slope Failure (MIZ/KOL/2024/845),,24.08927222,93.12408611,Debris,Slide,28 September 2024,2024-09-28,1,1
MIZ/KOL/2024/846,Mizoram,Kolasib,Kolasib Slope Failure (MIZ/KOL/2024/846),,24.10641389,93.12339944,Debris,Slide,28 September 2024,2024-09-28,1,1
MIZ/KOL/2024/847,Mizoram,Kolasib,Kolasib Slope Failure (MIZ/KOL/2024/847),,24.10710778,93.11535444,Debris,Slide,7 July 2024,2024-07-07,1,1
MIZ/KOL/2024/848,Mizoram,Kolasib,Kolasib Slope Failure (MIZ/KOL/2024/848),,24.10015917,93.10461389,Rock,Slide,24 September 2024,2024-09-24,1,1
MIZ/KOL/2024/849,Mizoram,Kolasib,Kolasib Slope Failure (MIZ/KOL/2024/849),,24.11104722,93.10374167,Earth/Soil,Slide,24 September 2024,2024-09-24,1,1
MIZ/KOL/2024/850,Mizoram,Kolasib,Kolasib Slope Failure (MIZ/KOL/2024/850),,24.10506389,93.09593611,Earth/Soil,Slide,24 September 2024,2024-09-24,1,1
MIZ/KOL/2024/851,Mizoram,Kolasib,Kolasib Slope Failure (MIZ/KOL/2024/851),,24.10743611,93.09532222,Debris,Slide,24 September 2024,2024-09-24,1,1
MIZ/KOL/2024/852,Mizoram,Kolasib,Kolasib Slope Failure (MIZ/KOL/2024/852),,24.10687222,93.08849722,Earth/Soil,Slide,24 September 2024,2024-09-24,1,1
MIZ/AZL/2024/853,Mizoram,Aizawl,Aizawl Slope Failure (MIZ/AZL/2024/853),,23.24231111,93.17726667,Debris,Slide,17 July 2024,2024-07-17,1,1
MIZ/AZL/2024/854,Mizoram,Aizawl,Aizawl Slope Failure (MIZ/AZL/2024/854),,23.24500833,93.17587222,Debris,Slide,24 September 2024,2024-09-24,1,1
MIZ/AZL/2024/855,Mizoram,Aizawl,Aizawl Slope Failure (MIZ/AZL/2024/855),,23.24454722,93.17027222,Debris,Slide,19 July 2024,2024-07-19,1,1
MIZ/AZL/2024/856,Mizoram,Aizawl,Aizawl Slope Failure (MIZ/AZL/2024/856),,23.20960722,93.13104722,Debris,Slide,2 July 2024,2024-07-02,1,1
MIZ/AZL/2024/857,Mizoram,Aizawl,Aizawl Slope Failure (MIZ/AZL/2024/857),,23.21068583,93.1212325,Debris,Slide,2 July 2024,2024-07-02,1,1
MIZ/KOL/2024/858,Mizoram,Kolasib,Kolasib Slope Failure (MIZ/KOL/2024/858),,23.49216111,93.23695,Rock,Slide,17 July 2024,2024-07-17,1,1
MIZ/KOL/2024/859,Mizoram,Kolasib,Kolasib Slope Failure (MIZ/KOL/2024/859),,23.504575,93.23805,Debris,Complex,17 July 2024,2024-07-17,1,1
MIZ/KOL/2024/860,Mizoram,Kolasib,Kolasib Slope Failure (MIZ/KOL/2024/860),,24.15364444,93.02183611,Debris,Slide,7 June 2024,2024-06-07,1,1
MIZ/KOL/2024/861,Mizoram,Kolasib,Kolasib Slope Failure (MIZ/KOL/2024/861),,24.15817222,93.02488611,Earth/Soil,Slide,28 September 2024,2024-09-28,1,1
MIZ/KOL/2024/862,Mizoram,Kolasib,Kolasib Slope Failure (MIZ/KOL/2024/862),,24.23419444,93.02469167,Earth/Soil,Slide,28 September 2024,2024-09-28,1,1
MIZ/KOL/2024/863,Mizoram,Kolasib,Kolasib Slope Failure (MIZ/KOL/2024/863),,24.32836667,93.00923056,Earth/Soil,Slide,28 September 2024,2024-09-28,1,1
MIZ/KOL/2024/865,Mizoram,Kolasib,Kolasib Slope Failure (MIZ/KOL/2024/865),,24.40520278,93.06672222,Debris,Slide,9 July 2024,2024-07-09,1,1
MIZ/KOL/2024/866,Mizoram,Kolasib,Kolasib Slope Failure (MIZ/KOL/2024/866),,24.4259,93.13580556,Earth/Soil,Slide,28 May 2024,2024-05-28,1,1
MIZ/KOL/2024/867,Mizoram,Kolasib,Kolasib Slope Failure (MIZ/KOL/2024/867),,24.44347778,93.15817778,Debris,Complex,7 July 2024,2024-07-07,1,1
MIZ/KOL/2024/869,Mizoram,Kolasib,Kolasib Slope Failure (MIZ/KOL/2024/869),,24.44857778,93.15738611,Debris,Complex,7 July 2024,2024-07-07,1,1
MIZ/KOL/2024/873,Mizoram,Kolasib,Kolasib Slope Failure (MIZ/KOL/2024/873),,24.65409167,93.204625,Debris,Slide,17 July 2024,2024-07-17,1,1
MIZ/KOL/2024/874,Mizoram,Kolasib,Kolasib Slope Failure (MIZ/KOL/2024/874),,24.65018056,93.20256667,Debris,Slide,17 July 2024,2024-07-17,1,1
MIZ/KOL/2024/875,Mizoram,Kolasib,Kolasib Slope Failure (MIZ/KOL/2024/875),,24.6273,93.20404444,Earth/Soil,Slide,17 July 2024,2024-07-17,1,1
MIZ/KOL/2024/876,Mizoram,Kolasib,Kolasib Slope Failure (MIZ/KOL/2024/876),,24.62604722,93.22583889,Debris,Complex,12 June 2024,2024-06-12,1,1
MIZ/KOL/2024/877,Mizoram,Kolasib,Kolasib Slope Failure (MIZ/KOL/2024/877),,24.58605,93.21056389,Debris,Slide,24 September 2024,2024-09-24,1,1
MIZ/KOL/2024/878,Mizoram,Kolasib,Kolasib Slope Failure (MIZ/KOL/2024/878),,24.577475,93.19105,Debris,Slide,22 October 2024,2024-10-22,1,1
MIZ/KOL/2024/879,Mizoram,Kolasib,Kolasib Slope Failure (MIZ/KOL/2024/879),,24.56062778,93.18938889,Earth/Soil,Slide,7 July 2024,2024-07-07,1,1
MIZ/KOL/2024/880,Mizoram,Kolasib,Kolasib Slope Failure (MIZ/KOL/2024/880),,24.5716,93.17273056,Debris,Slide,12 June 2024,2024-06-12,1,1
MIZ/KOL/2024/881,Mizoram,Kolasib,Kolasib Slope Failure (MIZ/KOL/2024/881),,24.56925833,93.177275,Debris,Slide,28 May 2024,2024-05-28,1,1
MIZ/KOL/2024/882,Mizoram,Kolasib,Kolasib Slope Failure (MIZ/KOL/2024/882),,24.57296389,93.17700556,Debris,Slide,7 July 2024,2024-07-07,1,1
MIZ/KOL/2024/883,Mizoram,Kolasib,Kolasib Slope Failure (MIZ/KOL/2024/883),,24.5768,93.106075,Debris,Slide,12 June 2024,2024-06-12,1,1
MIZ/KOL/2024/884,Mizoram,Kolasib,Kolasib Slope Failure (MIZ/KOL/2024/884),,24.526075,93.05379167,Debris,Slide,28 May 2024,2024-05-28,1,1
MIZ/KOL/2024/885,Mizoram,Kolasib,Kolasib Slope Failure (MIZ/KOL/2024/885),,24.458325,93.09439167,Debris,Slide,24 September 2024,2024-09-24,1,1
MZ/AZL/84A10/2024/120,Mizoram,Aizawl,Aizawl Slope Failure (MZ/AZL/84A10/2024/120),Tachhip,23.57722222,92.71222222,Earth/Soil,Complex,28 May 2024,2024-05-28,1,1
MIZ/AZL/84A10/2025/002,Mizoram,Aizawl,Aizawl Slope Failure (MIZ/AZL/84A10/2025/002),Kulikawn East,23.6868033,92.7251987,Rock,Slide,29 May 2025,2025-05-29,1,1
MIZ/AZL/84A10/2025/003,Mizoram,Aizawl,Aizawl Slope Failure (MIZ/AZL/84A10/2025/003),"Ngaizel, Kulikawn",23.7002691,92.7181685,Rock,Fall,13 May 2025,2025-05-13,1,1
MIZ/AZL/84A10/2025/004,Mizoram,Aizawl,Aizawl Slope Failure (MIZ/AZL/84A10/2025/004),"Zohnuai, Vaivakawn, Aizawl",23.74247,92.705587,Debris,Subsidence,31 May 2025,2025-05-31,1,1
MIZ/AZL/84A09/2025/009,Mizoram,Aizawl,Aizawl Slope Failure (MIZ/AZL/84A09/2025/009),"Zuangtui, Aizawl",23.75024,92.736662,Debris,Flow,01 June 2025,2025-06-01,1,1
MIZ/AZL/84A09/2025/011,Mizoram,Aizawl,Aizawl Slope Failure (MIZ/AZL/84A09/2025/011),Chaltlang Lily Veng,23.755925,92.726753,Rock,Fall,24 May 2025,2025-05-24,1,1
MIZ/AZL/84A10/2025/012,Mizoram,Aizawl,Aizawl Slope Failure (MIZ/AZL/84A10/2025/012),"Chanmari West, Aizawl",23.745802,92.717053,Earth/Soil,Slide,01 June 2025,2025-06-01,1,1
MIZ/AZL/84A11/2025/015,Mizoram,Aizawl,Aizawl Slope Failure (MIZ/AZL/84A11/2025/015),Sumsuih,23.469247,92.744068,Earth/Soil,Slide,01 June 2025,2025-06-01,1,1
MIZ/AZL/84A15/2025/016,Mizoram,Aizawl,Aizawl Slope Failure (MIZ/AZL/84A15/2025/016),Sialsuk,23.410771,92.753123,Debris,Slide,28 May 2024,2024-05-28,1,1
MIZ/AZL/84A15/2025/017,Mizoram,Aizawl,Aizawl Slope Failure (MIZ/AZL/84A15/2025/017),Aizawl-Thenzawl-Lunglei Highway,23.367366,92.767304,Rock,Slide,01 June 2025,2025-06-01,1,1
MIZ/AZL/84A15/2025/018,Mizoram,Aizawl,Aizawl Slope Failure (MIZ/AZL/84A15/2025/018),Aizawl-Thenzawl-Lunglei Highway,23.353485,92.780193,Debris,Slide,31 May 2025,2025-05-31,1,1
MIZ/AZL/84A15/2025/019,Mizoram,Aizawl,Aizawl Slope Failure (MIZ/AZL/84A15/2025/019),Aizawl-Thenzawl-Lunglei Highway,23.350187,92.778852,Debris,Slide,30 May 2025,2025-05-30,1,1
MIZ/AZL/84A15/2025/020,Mizoram,Aizawl,Aizawl Slope Failure (MIZ/AZL/84A15/2025/020),Aizawl-Thenzawl-Lunglei Highway,23.341022,92.776761,Debris,Slide,30 May 2025,2025-05-30,1,1
MIZ/AZL/84A15/2025/021,Mizoram,Aizawl,Aizawl Slope Failure (MIZ/AZL/84A15/2025/021),Aizawl-Thenzawl-Lunglei Highway,23.339144,92.786128,Debris,Slide,30 May 2025,2025-05-30,1,1
MIZ/AZL/84A15/2025/022,Mizoram,Aizawl,Aizawl Slope Failure (MIZ/AZL/84A15/2025/022),Thenzawl Quarry,23.336229,92.787113,Debris,Flow,30 May 2025,2025-05-30,1,1
MIZ/AZL/84A15/2025/023,Mizoram,Aizawl,Aizawl Slope Failure (MIZ/AZL/84A15/2025/023),Aizawl-Thenzawl-Lunglei Highway,23.313871,92.792739,Debris,Slide,01 June 2025,2025-06-01,1,1
MIZ/SER/84A15/2025/024,Mizoram,Serchhip,Serchhip Slope Failure (MIZ/SER/84A15/2025/024),Aizawl-Thenzawl-Lunglei Highway,23.315355,92.790619,Debris,Slide,31 May 2025,2025-05-31,1,1
MIZ/SER/84A15/2025/025,Mizoram,Serchhip,Serchhip Slope Failure (MIZ/SER/84A15/2025/025),Outside Thenzawl,23.316491,92.788798,Debris,Slide,31 May 2025,2025-05-31,1,1
MIZ/SER/84A12/2025/026,Mizoram,Serchhip,Serchhip Slope Failure (MIZ/SER/84A12/2025/026),Aizawl-Thenzawl-Lunglei Highway,23.239637,92.748175,Debris,Slide,30 May 2025,2025-05-30,1,1
MIZ/SER/84A12/2025/027,Mizoram,Serchhip,Serchhip Slope Failure (MIZ/SER/84A12/2025/027),Buangpui,23.239077,92.745631,Earth/Soil,Slide,31 May 2025,2025-05-31,1,1
MIZ/SER/84A12/2025/028,Mizoram,Serchhip,Serchhip Slope Failure (MIZ/SER/84A12/2025/028),Buangpui,23.239137,92.744468,Debris,Slide,01 June 2025,2025-06-01,1,1
MIZ/SER/84A12/2025/029,Mizoram,Serchhip,Serchhip Slope Failure (MIZ/SER/84A12/2025/029),Buangpui,23.239797,92.744214,Debris,Slide,31 May 2025,2025-05-31,1,1
MIZ/SER/84A12/2025/030,Mizoram,Serchhip,Serchhip Slope Failure (MIZ/SER/84A12/2025/030),Buangpui,23.238785,92.744224,Debris,Slide,31 May 2025,2025-05-31,1,1
MIZ/LUNG/84A12/2025/032,Mizoram,Lunglei,Lunglei Slope Failure (MIZ/LUNG/84A12/2025/032),Kanghmun,23.214239,92.740856,Debris,Slide,31 May 2025,2025-05-31,1,1
MIZ/LUNG/84A12/2025/033,Mizoram,Lunglei,Lunglei Slope Failure (MIZ/LUNG/84A12/2025/033),Aizawl-Thenzawl-Lunglei Highway,23.203253,92.735838,Earth/Soil,Slide,31 May 2025,2025-05-31,1,1
MIZ/LUNG/84A12/2025/034,Mizoram,Lunglei,Lunglei Slope Failure (MIZ/LUNG/84A12/2025/034),Aizawl-Thenzawl-Lunglei Highway,23.200475,92.735007,Debris,Slide,01 June 2025,2025-06-01,1,1
MIZ/LUNG/84A12/2025/035,Mizoram,Lunglei,Lunglei Slope Failure (MIZ/LUNG/84A12/2025/035),Aizawl-Thenzawl-Lunglei Highway,23.195661,92.73562,Rock,Slide,01 June 2025,2025-06-01,1,1
MIZ/LUNG/84A12/2025/036,Mizoram,Lunglei,Lunglei Slope Failure (MIZ/LUNG/84A12/2025/036),Aizawl-Thenzawl-Lunglei Highway,23.194007,92.734654,Rock,Slide,30 May 2025,2025-05-30,1,1
MIZ/LUNG/84A12/2025/037,Mizoram,Lunglei,Lunglei Slope Failure (MIZ/LUNG/84A12/2025/037),Aizawl-Thenzawl-Lunglei Highway,23.193468,92.734849,Debris,Slide,30 May 2025,2025-05-30,1,1
MIZ/LUNG/84A12/2025/038,Mizoram,Lunglei,Lunglei Slope Failure (MIZ/LUNG/84A12/2025/038),Ramlaitui,23.183856,92.735346,Debris,Slide,30 May 2025,2025-05-30,1,1
MIZ/LUNG/84A12/2025/040,Mizoram,Lunglei,Lunglei Slope Failure (MIZ/LUNG/84A12/2025/040),Ramlaitui,23.181806,92.736868,Earth/Soil,Slide,30 May 2025,2025-05-30,1,1
MIZ/LUNG/84A12/2025/041,Mizoram,Lunglei,Lunglei Slope Failure (MIZ/LUNG/84A12/2025/041),Ramlaitui,23.18077,92.735789,Debris,Flow,31 May 2025,2025-05-31,1,1
MIZ/LUNG/84A12/2025/042,Mizoram,Lunglei,Lunglei Slope Failure (MIZ/LUNG/84A12/2025/042),Ramlaitui,23.173606,92.739793,Debris,Slide,31 May 2025,2025-05-31,1,1
MIZ/LUNG/84A12/2025/043,Mizoram,Lunglei,Lunglei Slope Failure (MIZ/LUNG/84A12/2025/043),Aizawl-Thenzawl-Lunglei Highway,23.150939,92.748258,Debris,Slide,31 May 2025,2025-05-31,1,1
MIZ/LUNG/84A16/2025/044,Mizoram,Lunglei,Lunglei Slope Failure (MIZ/LUNG/84A16/2025/044),Sekhum,23.140846,92.751229,Debris,Slide,31 May 2025,2025-05-31,1,1
MIZ/LUNG/84A12/2025/045,Mizoram,Lunglei,Lunglei Slope Failure (MIZ/LUNG/84A12/2025/045),Aizawl-Thenzawl-Lunglei Highway,23.1351,92.748694,Debris,Slide,31 May 2025,2025-05-31,1,1
MIZ/LUNG/84A12/2025/046,Mizoram,Lunglei,Lunglei Slope Failure (MIZ/LUNG/84A12/2025/046),Aizawl-Thenzawl-Lunglei Highway,23.134009,92.746247,Earth/Soil,Slide,31 May 2025,2025-05-31,1,1
MIZ/LUNG/84A12/2025/047,Mizoram,Lunglei,Lunglei Slope Failure (MIZ/LUNG/84A12/2025/047),Aizawl-Thenzawl-Lunglei Highway,23.132082,92.746268,Debris,Slide,31 May 2025,2025-05-31,1,1
MIZ/LUNG/84A12/2025/048,Mizoram,Lunglei,Lunglei Slope Failure (MIZ/LUNG/84A12/2025/048),N. Mualthuam,23.114694,92.743931,Debris,Slide,01 June 2025,2025-06-01,1,1
MIZ/LUNG/84A12/2025/049,Mizoram,Lunglei,Lunglei Slope Failure (MIZ/LUNG/84A12/2025/049),N. Mualthuam,23.114225,92.746024,Debris,Slide,31 May 2025,2025-05-31,1,1
MIZ/LUNG/84A12/2025/050,Mizoram,Lunglei,Lunglei Slope Failure (MIZ/LUNG/84A12/2025/050),N. Mualthuam,23.111824,92.745097,Debris,Slide,31 May 2025,2025-05-31,1,1
MIZ/LUNG/84A16/2025/051,Mizoram,Lunglei,Lunglei Slope Failure (MIZ/LUNG/84A16/2025/051),Aizawl-Thenzawl-Lunglei Highway,23.015005,92.765065,Rock,Slide,30 May 2025,2025-05-30,1,1
MIZ/LUNG/84A16/2025/052,Mizoram,Lunglei,Lunglei Slope Failure (MIZ/LUNG/84A16/2025/052),Aizawl-Thenzawl-Lunglei Highway,23.022804,92.755698,Debris,Slide,31 May 2025,2025-05-31,1,1
MIZ/LUNG/84B09/2025/053,Mizoram,Lunglei,Lunglei Slope Failure (MIZ/LUNG/84B09/2025/053),Aizawl-Thenzawl-Lunglei Highway,22.973735,92.725975,Debris,Slide,30 May 2025,2025-05-30,1,1
MIZ/LAW/84B14/2025/055,Mizoram,Lawngtlai,Lawngtlai Slope Failure (MIZ/LAW/84B14/2025/055),"College Veng, Lawngtlai",22.519716,92.891037,Debris,Slide,31 May 2025,2025-05-31,1,1
MIZ/LAW/84B15/2025/056,Mizoram,Lawngtlai,Lawngtlai Slope Failure (MIZ/LAW/84B15/2025/056),NH 54,22.48765,92.886806,Rock,Fall,31 May 2025,2025-05-31,1,1
MIZ/SIA/84B15/2025/057,Mizoram,Siaha,Siaha Slope Failure (MIZ/SIA/84B15/2025/057),Kawchaw W,22.404215,92.951647,Debris,Slide,31 May 2025,2025-05-31,1,1
MIZ/SIA/84B15/2025/058,Mizoram,Siaha,Siaha Slope Failure (MIZ/SIA/84B15/2025/058),NH 54,22.444376,92.947323,Debris,Slide,30 May 2025,2025-05-30,1,1
MIZ/SIA/84B15/2025/059,Mizoram,Siaha,Siaha Slope Failure (MIZ/SIA/84B15/2025/059),"Meiseviah, Siaha",22.491822,92.970252,Earth/Soil,Slide,31 May 2025,2025-05-31,1,1
MIZ/SIA/84B15/2025/060,Mizoram,Siaha,Siaha Slope Failure (MIZ/SIA/84B15/2025/060),"Meiseviah, Siaha",22.491,92.97076,Debris,Slide,31 May 2025,2025-05-31,1,1
MIZ/SIA/84F03/2025/061,Mizoram,Siaha,Siaha Slope Failure (MIZ/SIA/84F03/2025/061),Lobo,22.469737,93.100868,Debris,Slide,01 June 2025,2025-06-01,1,1
MIZ/SIA/84B15/2025/061,Mizoram,Siaha,Siaha Slope Failure (MIZ/SIA/84B15/2025/061),Siaha to Kawlchaw,22.437107,92.946912,Debris,Slide,31 May 2025,2025-05-31,1,1
MIZ/LAW/84B14/2025/061,Mizoram,Lawngtlai,Lawngtlai Slope Failure (MIZ/LAW/84B14/2025/061),Thingkah,22.54735,92.882032,Debris,Slide,31 May 2025,2025-05-31,1,1
MIZ/LUNG/84B14/2025/062,Mizoram,Lunglei,Lunglei Slope Failure (MIZ/LUNG/84B14/2025/062),NH 54,22.641087,92.867635,Debris,Slide,31 May 2025,2025-05-31,1,1
MIZ/LUNG/84B14/2025/063,Mizoram,Lunglei,Lunglei Slope Failure (MIZ/LUNG/84B14/2025/063),NH 54,22.660692,92.855602,Debris,Slide,31 May 2025,2025-05-31,1,1
MIZ/LUNG/84B14/2025/064,Mizoram,Lunglei,Lunglei Slope Failure (MIZ/LUNG/84B14/2025/064),NH 54,22.688472,92.842907,Debris,Slide,31 May 2025,2025-05-31,1,1
MIZ/LUNG/84B14/2025/065,Mizoram,Lunglei,Lunglei Slope Failure (MIZ/LUNG/84B14/2025/065),NH 54,22.702165,92.836523,Debris,Slide,31 May 2025,2025-05-31,1,1
MIZ/LUNG/84B14/2025/066,Mizoram,Lunglei,Lunglei Slope Failure (MIZ/LUNG/84B14/2025/066),NH 54,22.706999,92.841597,Debris,Slide,31 May 2025,2025-05-31,1,1
MIZ/LUNG/84B14/2025/067,Mizoram,Lunglei,Lunglei Slope Failure (MIZ/LUNG/84B14/2025/067),NH 54,22.745387,92.841543,Debris,Slide,31 May 2025,2025-05-31,1,1
MIZ/LUNG/84B13/2025/070,Mizoram,Lunglei,Lunglei Slope Failure (MIZ/LUNG/84B13/2025/070),NH 54,22.788323,92.833817,Debris,Slide,31 May 2025,2025-05-31,1,1
MIZ/LUNG/84B13/2025/071,Mizoram,Lunglei,Lunglei Slope Failure (MIZ/LUNG/84B13/2025/071),NH 54,22.793307,92.819831,Debris,Slide,31 May 2025,2025-05-31,1,1
MIZ/LUNG/84B13/2025/072,Mizoram,Lunglei,Lunglei Slope Failure (MIZ/LUNG/84B13/2025/072),Theiriat,22.866131,92.772713,Debris,Slide,01 June 2025,2025-06-01,1,1
MIZ/LUNG/84B13/2025/073,Mizoram,Lunglei,Lunglei Slope Failure (MIZ/LUNG/84B13/2025/073),Serkawn PHE Complex,22.903567,92.758702,Debris,Flow,01 June 2025,2025-06-01,1,1
MIZ/LUNG/84B13/2025/074,Mizoram,Lunglei,Lunglei Slope Failure (MIZ/LUNG/84B13/2025/074),"Zohnuai, Lunglei",22.903454,92.760096,Debris,Slide,01 June 2025,2025-06-01,1,1
MIZ/LUNG/84B13/2025/075,Mizoram,Lunglei,Lunglei Slope Failure (MIZ/LUNG/84B13/2025/075),"Serkawn, Lunglei",22.904615,92.75705,Debris,Slide,01 June 2025,2025-06-01,1,1
MIZ/LUNG/84B13/2025/076,Mizoram,Lunglei,Lunglei Slope Failure (MIZ/LUNG/84B13/2025/076),"Zohnuai, Lunglei",22.922528,92.752404,Debris,Slide,01 June 2025,2025-06-01,1,1
MIZ/LUNG/84B09/2025/077,Mizoram,Lunglei,Lunglei Slope Failure (MIZ/LUNG/84B09/2025/077),"Bazar Veng, Lunglei",22.895235,92.747812,Debris,Slide,02 June 2025,2025-06-02,1,1
MIZ/LUNG/84B13/2025/078,Mizoram,Lunglei,Lunglei Slope Failure (MIZ/LUNG/84B13/2025/078),NH 54,22.88042,92.821692,Debris,Slide,01 June 2025,2025-06-01,1,1
MIZ/LUNG/84B13/2025/079,Mizoram,Lunglei,Lunglei Slope Failure (MIZ/LUNG/84B13/2025/079),NH 54,22.892426,92.822937,Debris,Slide,31 May 2025,2025-05-31,1,1
MIZ/HNAH/84B13/2025/080,Mizoram,Hnahthial,Hnahthial Slope Failure (MIZ/HNAH/84B13/2025/080),NH 54,22.902089,92.879909,Debris,Slide,31 May 2025,2025-05-31,1,1
MIZ/HNAH/84B13/2025/081,Mizoram,Hnahthial,Hnahthial Slope Failure (MIZ/HNAH/84B13/2025/081),Hnahthial Kanaan Veng,22.967715,92.925677,Debris,Slide,31 May 2025,2025-05-31,1,1
MIZ/HNAH/84B13/2025/082,Mizoram,Hnahthial,Hnahthial Slope Failure (MIZ/HNAH/84B13/2025/082),"Electric Veng, Hnahthial",22.971217,92.925544,Earth/Soil,Slide,31 May 2025,2025-05-31,1,1
MIZ/HNAH/84B13/2025/083,Mizoram,Hnahthial,Hnahthial Slope Failure (MIZ/HNAH/84B13/2025/083),"Electric Veng, Hnahthial",22.969582,92.925917,Earth/Soil,Slide,31 May 2025,2025-05-31,1,1
MIZ/HNAH/84A16/2025/084,Mizoram,Hnahthial,Hnahthial Slope Failure (MIZ/HNAH/84A16/2025/084),Pangzawl,23.077813,92.89844,Debris,Slide,31 May 2025,2025-05-31,1,1
MIZ/HNAH/84A16/2025/085,Mizoram,Hnahthial,Hnahthial Slope Failure (MIZ/HNAH/84A16/2025/085),Pangzawl,23.081023,92.897247,Debris,Slide,31 May 2025,2025-05-31,1,1
MIZ/HNAH/84A16/2025/086,Mizoram,Hnahthial,Hnahthial Slope Failure (MIZ/HNAH/84A16/2025/086),Pangzawl,23.084343,92.898597,Debris,Slide,31 May 2025,2025-05-31,1,1
MIZ/HNAH/84A16/2025/087,Mizoram,Hnahthial,Hnahthial Slope Failure (MIZ/HNAH/84A16/2025/087),Pangzawl,23.170678,92.899334,Rock,Slide,01 June 2025,2025-06-01,1,1
MIZ/SER/84A16/2025/088,Mizoram,Serchhip,Serchhip Slope Failure (MIZ/SER/84A16/2025/088),Bungtlang,23.180345,92.900082,Debris,Slide,01 June 2025,2025-06-01,1,1
MIZ/SER/84A16/2025/089,Mizoram,Serchhip,Serchhip Slope Failure (MIZ/SER/84A16/2025/089),Bungtlang Vengsang,23.187383,92.89826,Earth/Soil,Slide,01 June 2025,2025-06-01,1,1
MIZ/SER/84A16/2025/090,Mizoram,Serchhip,Serchhip Slope Failure (MIZ/SER/84A16/2025/090),Bungtlang,23.187762,92.898034,Earth/Soil,Slide,01 June 2025,2025-06-01,1,1
MIZ/SER/84A16/2025/091,Mizoram,Serchhip,Serchhip Slope Failure (MIZ/SER/84A16/2025/091),Bungtlang,23.188273,92.898879,Earth/Soil,Slide,31 May 2025,2025-05-31,1,1
MIZ/SER/84A16/2025/092,Mizoram,Serchhip,Serchhip Slope Failure (MIZ/SER/84A16/2025/092),Bungtlang,23.193401,92.900218,Debris,Flow,29 May 2025,2025-05-29,1,1
MIZ/SER/84A16/2025/093,Mizoram,Serchhip,Serchhip Slope Failure (MIZ/SER/84A16/2025/093),Bungtlang,23.198119,92.899566,Debris,Slide,31 May 2025,2025-05-31,1,1
MIZ/SER/84A16/2025/094,Mizoram,Serchhip,Serchhip Slope Failure (MIZ/SER/84A16/2025/094),NH 54,23.223594,92.914767,Debris,Slide,31 May 2025,2025-05-31,1,1
MIZ/SER/84A16/2025/095,Mizoram,Serchhip,Serchhip Slope Failure (MIZ/SER/84A16/2025/095),NH 54,23.225227,92.912496,Debris,Slide,31 May 2025,2025-05-31,1,1
MIZ/SER/84A15/2025/097,Mizoram,Serchhip,Serchhip Slope Failure (MIZ/SER/84A15/2025/097),"P&E Veng, Serchhip",23.322039,92.859147,Debris,Slide,31 May 2025,2025-05-31,1,1
MIZ/SER/84A15/2025/098,Mizoram,Serchhip,Serchhip Slope Failure (MIZ/SER/84A15/2025/098),"P&E Veng, Serchhip",23.319156,92.857722,Debris,Slide,31 May 2025,2025-05-31,1,1
MIZ/SER/84A15/2025/099,Mizoram,Serchhip,Serchhip Slope Failure (MIZ/SER/84A15/2025/099),"P&E Veng, Serchhip",23.317543,92.858683,Debris,Slide,31 May 2025,2025-05-31,1,1
MIZ/SER/84A15/2025/100,Mizoram,Serchhip,Serchhip Slope Failure (MIZ/SER/84A15/2025/100),"P&E Veng, Serchhip",23.318568,92.852294,Debris,Slide,31 May 2025,2025-05-31,1,1
MIZ/SER/84A15/2025/101,Mizoram,Serchhip,Serchhip Slope Failure (MIZ/SER/84A15/2025/101),"P&E Veng, Serchhip",23.323423,92.860926,Earth/Soil,Slide,31 May 2025,2025-05-31,1,1
MIZ/SER/84A15/2025/102,Mizoram,Serchhip,Serchhip Slope Failure (MIZ/SER/84A15/2025/102),"P&E Veng, Serchhip",23.319412,92.855415,Debris,Slide,31 May 2025,2025-05-31,1,1
MIZ/SER/84A15/2025/103,Mizoram,Serchhip,Serchhip Slope Failure (MIZ/SER/84A15/2025/103),"P&E Veng, Serchhip",23.319184,92.856725,Debris,Flow,31 May 2025,2025-05-31,1,1
MIZ/SER/84A15/2025/104,Mizoram,Serchhip,Serchhip Slope Failure (MIZ/SER/84A15/2025/104),"Field Veng, Serchhip",23.309286,92.850807,Debris,Flow,31 May 2025,2025-05-31,1,1
MIZ/SER/84A15/2025/105,Mizoram,Serchhip,Serchhip Slope Failure (MIZ/SER/84A15/2025/105),"Field Veng, Serchhip",23.10112,92.852784,Earth/Soil,Slide,31 May 2025,2025-05-31,1,1
MIZ/SER/84A15/2025/106,Mizoram,Serchhip,Serchhip Slope Failure (MIZ/SER/84A15/2025/106),"Ramthlun Veng, Serchhip",23.309914,92.853522,Earth/Soil,Slide,31 May 2025,2025-05-31,1,1
MIZ/SER/84A15/2025/107,Mizoram,Serchhip,Serchhip Slope Failure (MIZ/SER/84A15/2025/107),"AOC, Serchhip",23.315273,92.856524,Debris,Slide,31 May 2025,2025-05-31,1,1
MIZ/SER/84A15/2025/108,Mizoram,Serchhip,Serchhip Slope Failure (MIZ/SER/84A15/2025/108),Serchhip,23.311529,92.85443,Debris,Slide,31 May 2025,2025-05-31,1,1
MIZ/SER/84A15/2025/109,Mizoram,Serchhip,Serchhip Slope Failure (MIZ/SER/84A15/2025/109),Serchhip,23.31637,92.854172,Debris,Slide,31 May 2025,2025-05-31,1,1
MIZ/SER/84A15/2025/110,Mizoram,Serchhip,Serchhip Slope Failure (MIZ/SER/84A15/2025/110),"Chandmari, Serchhip",23.310074,92.858498,Debris,Slide,31 May 2025,2025-05-31,1,1
MIZ/SER/84A15/2025/111,Mizoram,Serchhip,Serchhip Slope Failure (MIZ/SER/84A15/2025/111),"Chandmari, Serchhip",23.309295,92.860017,Debris,Slide,31 May 2025,2025-05-31,1,1
MIZ/SER/84A15/2025/112,Mizoram,Serchhip,Serchhip Slope Failure (MIZ/SER/84A15/2025/112),"Chandmari, Serchhip",23.308629,92.860039,Earth/Soil,Slide,31 May 2025,2025-05-31,1,1
MIZ/SER/84A15/2025/113,Mizoram,Serchhip,Serchhip Slope Failure (MIZ/SER/84A15/2025/113),Serchhip,23.308778,92.858357,Debris,Slide,31 May 2025,2025-05-31,1,1
MIZ/SER/84A15/2025/114,Mizoram,Serchhip,Serchhip Slope Failure (MIZ/SER/84A15/2025/114),Serchhip,23.300837,92.855693,Debris,Slide,31 May 2025,2025-05-31,1,1
MIZ/SER/84A15/2025/115,Mizoram,Serchhip,Serchhip Slope Failure (MIZ/SER/84A15/2025/115),Serchhip,23.300787,92.853572,Debris,Slide,31 May 2025,2025-05-31,1,1
MIZ/SER/84A15/2025/116,Mizoram,Serchhip,Serchhip Slope Failure (MIZ/SER/84A15/2025/116),Serchhip,23.305323,92.852358,Debris,Slide,31 May 2025,2025-05-31,1,1
MIZ/SER/84A15/2025/118,Mizoram,Serchhip,Serchhip Slope Failure (MIZ/SER/84A15/2025/118),"Chandmari, Serchhip",23.304746,92.862109,Debris,Slide,08 June 2025,2025-06-08,1,1
MIZ/SER/84A15/2025/119,Mizoram,Serchhip,Serchhip Slope Failure (MIZ/SER/84A15/2025/119),Serchhip,23.298928,92.857435,Debris,Slide,31 May 2025,2025-05-31,1,1
MIZ/SER/84A15/2025/120,Mizoram,Serchhip,Serchhip Slope Failure (MIZ/SER/84A15/2025/120),"Chandmari, Serchhip",23.310846,92.858915,Debris,Flow,31 May 2025,2025-05-31,1,1
MIZ/SER/84A15/2025/121,Mizoram,Serchhip,Serchhip Slope Failure (MIZ/SER/84A15/2025/121),"Chandmari, Serchhip",23.311335,92.858026,Debris,Slide,31 May 2025,2025-05-31,1,1
MIZ/SER/84A15/2025/123,Mizoram,Serchhip,Serchhip Slope Failure (MIZ/SER/84A15/2025/123),"Saron, Serchhip",23.3057,92.852802,Debris,Slide,31 May 2025,2025-05-31,1,1
MIZ/SER/84A15/2025/124,Mizoram,Serchhip,Serchhip Slope Failure (MIZ/SER/84A15/2025/124),"Chhim Veng, Serchhip",23.307093,92.856289,Debris,Slide,01 June 2025,2025-06-01,1,1
MIZ/SER/84A15/2025/125,Mizoram,Serchhip,Serchhip Slope Failure (MIZ/SER/84A15/2025/125),"Chhim Veng, Serchhip",23.307524,92.857678,Debris,Subsidence,01 June 2025,2025-06-01,1,1
MIZ/SER/84A15/2025/126,Mizoram,Serchhip,Serchhip Slope Failure (MIZ/SER/84A15/2025/126),"Chhim Veng, Serchhip",23.305939,92.857538,Debris,Flow,01 June 2025,2025-06-01,1,1
MIZ/SER/84A15/2025/127,Mizoram,Serchhip,Serchhip Slope Failure (MIZ/SER/84A15/2025/127),"Dinthar, Serchhip",23.303906,92.853173,Debris,Flow,01 June 2025,2025-06-01,1,1
MIZ/SER/84A15/2025/128,Mizoram,Serchhip,Serchhip Slope Failure (MIZ/SER/84A15/2025/128),"Dinthar, Serchhip",23.301381,92.853078,Debris,Flow,31 May 2025,2025-05-31,1,1
MIZ/SER/84A15/2025/129,Mizoram,Serchhip,Serchhip Slope Failure (MIZ/SER/84A15/2025/129),"Dinthar, Serchhip",23.299628,92.855609,Debris,Slide,31 May 2025,2025-05-31,1,1
MIZ/SER/84A15/2025/130,Mizoram,Serchhip,Serchhip Slope Failure (MIZ/SER/84A15/2025/130),"Dinthar, Serchhip",23.298137,92.857412,Earth/Soil,Slide,29 May 2025,2025-05-29,1,1
MIZ/SER/84A15/2025/131,Mizoram,Serchhip,Serchhip Slope Failure (MIZ/SER/84A15/2025/131),Serchhip,23.293453,92.858089,Debris,Slide,30 May 2025,2025-05-30,1,1
MIZ/SER/84A15/2025/133,Mizoram,Serchhip,Serchhip Slope Failure (MIZ/SER/84A15/2025/133),"Dinthar, Serchhip",23.298166,92.858694,Earth/Soil,Slide,31 May 2025,2025-05-31,1,1
MIZ/SER/84A15/2025/134,Mizoram,Serchhip,Serchhip Slope Failure (MIZ/SER/84A15/2025/134),New Serchhip,23.346456,92.851511,Debris,Slide,01 June 2025,2025-06-01,1,1
MIZ/SER/84A15/2025/135,Mizoram,Serchhip,Serchhip Slope Failure (MIZ/SER/84A15/2025/135),New Serchhip,23.3466,92.854847,Debris,Slide,01 June 2025,2025-06-01,1,1
MIZ/SER/84A15/2025/137,Mizoram,Serchhip,Serchhip Slope Failure (MIZ/SER/84A15/2025/137),Serchhip Bypass road,23.301587,92.868485,Debris,Slide,31 May 2025,2025-05-31,1,1
MIZ/SER/84A15/2025/138,Mizoram,Serchhip,Serchhip Slope Failure (MIZ/SER/84A15/2025/138),Serchhip Bypass road,23.313996,92.863984,Debris,Flow,31 May 2025,2025-05-31,1,1
MIZ/SER/84A15/2025/140,Mizoram,Serchhip,Serchhip Slope Failure (MIZ/SER/84A15/2025/140),Serchhip Bypass road,23.3228,92.862406,Debris,Slide,31 May 2025,2025-05-31,1,1
MIZ/SER/84A15/2025/141,Mizoram,Serchhip,Serchhip Slope Failure (MIZ/SER/84A15/2025/141),NH 54,23.286141,92.868152,Debris,Slide,31 May 2025,2025-05-31,1,1
MIZ/SER/84A15/2025/142,Mizoram,Serchhip,Serchhip Slope Failure (MIZ/SER/84A15/2025/142),NH 54,23.281219,92.869608,Debris,Flow,31 May 2025,2025-05-31,1,1
MIZ/SER/84A15/2025/143,Mizoram,Serchhip,Serchhip Slope Failure (MIZ/SER/84A15/2025/143),NH 54,23.274148,92.871011,Debris,Flow,31 May 2025,2025-05-31,1,1
MIZ/SER/84A15/2025/144,Mizoram,Serchhip,Serchhip Slope Failure (MIZ/SER/84A15/2025/144),NH 54,23.272548,92.874296,Earth/Soil,Slide,31 May 2025,2025-05-31,1,1
MIZ/SER/84A15/2025/145,Mizoram,Serchhip,Serchhip Slope Failure (MIZ/SER/84A15/2025/145),NH 54,23.271227,92.874544,Debris,Slide,01 June 2025,2025-06-01,1,1
MIZ/SER/84A15/2025/146,Mizoram,Serchhip,Serchhip Slope Failure (MIZ/SER/84A15/2025/146),NH 54,23.270548,92.877577,Debris,Flow,01 June 2025,2025-06-01,1,1
MIZ/SER/84A15/2025/147,Mizoram,Serchhip,Serchhip Slope Failure (MIZ/SER/84A15/2025/147),NH 54,23.67701,92.87895,Debris,Flow,01 June 2025,2025-06-01,1,1
MIZ/SER/84A16/2025/148,Mizoram,Serchhip,Serchhip Slope Failure (MIZ/SER/84A16/2025/148),Keitum,23.243855,92.905242,Debris,Slide,31 May 2025,2025-05-31,1,1
MIZ/SER/84A15/2025/149,Mizoram,Serchhip,Serchhip Slope Failure (MIZ/SER/84A15/2025/149),Serchhip - Thenzawl road,23.286735,92.85703,Debris,Slide,31 May 2025,2025-05-31,1,1
MIZ/SER/84A15/2025/150,Mizoram,Serchhip,Serchhip Slope Failure (MIZ/SER/84A15/2025/150),Serchhip - Thenzawl road,23.284565,92.857096,Debris,Slide,31 May 2025,2025-05-31,1,1
MIZ/SER/84A15/2025/151,Mizoram,Serchhip,Serchhip Slope Failure (MIZ/SER/84A15/2025/151),Serchhip - Thenzawl road,23.281443,92.840145,Debris,Slide,01 June 2025,2025-06-01,1,1
MIZ/SER/84A15/2025/152,Mizoram,Serchhip,Serchhip Slope Failure (MIZ/SER/84A15/2025/152),Serchhip - Thenzawl road,23.280947,92.8367,Rock,Slide,01 June 2025,2025-06-01,1,1
MIZ/SER/84A15/2025/153,Mizoram,Serchhip,Serchhip Slope Failure (MIZ/SER/84A15/2025/153),Serchhip - Thenzawl road,23.288276,92.830821,Debris,Slide,31 May 2025,2025-05-31,1,1
MIZ/SER/84A11/2025/154,Mizoram,Serchhip,Serchhip Slope Failure (MIZ/SER/84A11/2025/154),Thenzawl - Buarpui road,23.293863,92.741368,Debris,Slide,01 June 2025,2025-06-01,1,1
MIZ/SER/84A11/2025/155,Mizoram,Serchhip,Serchhip Slope Failure (MIZ/SER/84A11/2025/155),Thenzawl - Buarpui road,23.295774,92.740012,Debris,Slide,01 June 2025,2025-06-01,1,1
MIZ/SER/84A11/2025/156,Mizoram,Serchhip,Serchhip Slope Failure (MIZ/SER/84A11/2025/156),Thenzawl - Buarpui road,23.30265,92.742945,Debris,Slide,01 June 2025,2025-06-01,1,1
MIZ/SER/84A11/2025/157,Mizoram,Serchhip,Serchhip Slope Failure (MIZ/SER/84A11/2025/157),Thenzawl - Buarpui road,23.307135,92.707624,Debris,Flow,31 May 2025,2025-05-31,1,1
MIZ/SER/84A11/2025/158,Mizoram,Serchhip,Serchhip Slope Failure (MIZ/SER/84A11/2025/158),Thenzawl - Buarpui road,23.306409,92.706083,Debris,Slide,31 May 2025,2025-05-31,1,1
MIZ/SER/84A11/2025/159,Mizoram,Serchhip,Serchhip Slope Failure (MIZ/SER/84A11/2025/159),Thenzawl - Buarpui road,23.306012,92.704212,Debris,Flow,31 May 2025,2025-05-31,1,1
MIZ/SER/84A11/2025/160,Mizoram,Serchhip,Serchhip Slope Failure (MIZ/SER/84A11/2025/160),Thenzawl - Buarpui road,23.300291,92.69577,Debris,Flow,01 June 2025,2025-06-01,1,1
MIZ/SER/84A11/2025/161,Mizoram,Serchhip,Serchhip Slope Failure (MIZ/SER/84A11/2025/161),Thenzawl - Buarpui road,23.299806,92.694901,Debris,Flow,01 June 2025,2025-06-01,1,1
MIZ/SER/84A11/2025/162,Mizoram,Serchhip,Serchhip Slope Failure (MIZ/SER/84A11/2025/162),Thenzawl - Buarpui road,23.299312,92.692614,Debris,Flow,01 June 2025,2025-06-01,1,1
MIZ/LUNG/84A11/2025/163,Mizoram,Lunglei,Lunglei Slope Failure (MIZ/LUNG/84A11/2025/163),Thenzawl - Buarpui road,23.297521,92.689449,Debris,Flow,01 June 2025,2025-06-01,1,1
MIZ/LUNG/84A11/2025/164,Mizoram,Lunglei,Lunglei Slope Failure (MIZ/LUNG/84A11/2025/164),Thenzawl - Buarpui road,23.30374,92.672816,Debris,Slide,01 June 2025,2025-06-01,1,1
MIZ/LUNG/84A11/2025/165,Mizoram,Lunglei,Lunglei Slope Failure (MIZ/LUNG/84A11/2025/165),Thenzawl - Buarpui road,23.304123,92.671521,Debris,Flow,01 June 2025,2025-06-01,1,1
MIZ/LUNG/84A11/2025/166,Mizoram,Lunglei,Lunglei Slope Failure (MIZ/LUNG/84A11/2025/166),Thenzawl - Buarpui road,23.306105,92.671296,Debris,Flow,01 June 2025,2025-06-01,1,1
MIZ/LUNG/84A11/2025/167,Mizoram,Lunglei,Lunglei Slope Failure (MIZ/LUNG/84A11/2025/167),Thenzawl - Buarpui road,23.306338,92.666573,Debris,Flow,01 June 2025,2025-06-01,1,1
MIZ/LUNG/84A11/2025/168,Mizoram,Lunglei,Lunglei Slope Failure (MIZ/LUNG/84A11/2025/168),New Khawlek,23.32044,92.643229,Debris,Slide,01 June 2025,2025-06-01,1,1
MIZ/LUNG/84A11/2025/169,Mizoram,Lunglei,Lunglei Slope Failure (MIZ/LUNG/84A11/2025/169),Thenzawl - Buarpui road,23.301901,92.649401,Debris,Slide,01 June 2025,2025-06-01,1,1
MIZ/LUNG/84A12/2025/170,Mizoram,Lunglei,Lunglei Slope Failure (MIZ/LUNG/84A12/2025/170),Buarpui,23.246611,92.655112,Debris,Slide,01 June 2025,2025-06-01,1,1
MIZ/LUNG/84A12/2025/171,Mizoram,Lunglei,Lunglei Slope Failure (MIZ/LUNG/84A12/2025/171),West Bungtlang to Changpui road,23.2388,92.636923,Earth/Soil,Slide,01 June 2025,2025-06-01,1,1
MIZ/LUNG/84A12/2025/172,Mizoram,Lunglei,Lunglei Slope Failure (MIZ/LUNG/84A12/2025/172),West Bungtlang to Changpui road,23.234538,92.637234,Debris,Slide,01 June 2025,2025-06-01,1,1
MIZ/LUNG/84A12/2025/173,Mizoram,Lunglei,Lunglei Slope Failure (MIZ/LUNG/84A12/2025/173),West Bungtlang to Changpui road,23.206413,92.632701,Debris,Slide,01 June 2025,2025-06-01,1,1
MIZ/LUNG/84A12/2025/174,Mizoram,Lunglei,Lunglei Slope Failure (MIZ/LUNG/84A12/2025/174),West Bungtlang to Changpui road,23.197283,92.632661,Earth/Soil,Slide,01 June 2025,2025-06-01,1,1
MIZ/LUNG/84A12/2025/175,Mizoram,Lunglei,Lunglei Slope Failure (MIZ/LUNG/84A12/2025/175),Changpui,23.174558,92.612556,Earth/Soil,Slide,01 June 2025,2025-06-01,1,1
MIZ/LUNG/84A12/2025/176,Mizoram,Lunglei,Lunglei Slope Failure (MIZ/LUNG/84A12/2025/176),Changpui,23.1739,92.611378,Debris,Slide,01 June 2025,2025-06-01,1,1
MIZ/LUNG/84A12/2025/177,Mizoram,Lunglei,Lunglei Slope Failure (MIZ/LUNG/84A12/2025/177),Changpui,23.173258,92.611929,Debris,Flow,01 June 2025,2025-06-01,1,1
MIZ/LUNG/84A12/2025/178,Mizoram,Lunglei,Lunglei Slope Failure (MIZ/LUNG/84A12/2025/178),Changpui,23.17252,92.611434,Debris,Flow,01 June 2025,2025-06-01,1,1
MIZ/LUNG/84A12/2025/179,Mizoram,Lunglei,Lunglei Slope Failure (MIZ/LUNG/84A12/2025/179),Changpui,23.172659,92.611828,Earth/Soil,Slide,01 June 2025,2025-06-01,1,1
MIZ/LUNG/84A12/2025/180,Mizoram,Lunglei,Lunglei Slope Failure (MIZ/LUNG/84A12/2025/180),Thenhlum,23.198272,92.589291,Earth/Soil,Slide,01 June 2025,2025-06-01,1,1
MIZ/LUNG/84A12/2025/181,Mizoram,Lunglei,Lunglei Slope Failure (MIZ/LUNG/84A12/2025/181),Thenhlum,23.198961,92.590043,Earth/Soil,Slide,01 June 2025,2025-06-01,1,1
MIZ/LUNG/84A12/2025/182,Mizoram,Lunglei,Lunglei Slope Failure (MIZ/LUNG/84A12/2025/182),Thenhlum,23.199095,92.586671,Earth/Soil,Flow,01 June 2025,2025-06-01,1,1
MIZ/LUNG/84A12/2025/183,Mizoram,Lunglei,Lunglei Slope Failure (MIZ/LUNG/84A12/2025/183),Thenhlum,23.199415,92.585883,Earth/Soil,Flow,01 June 2025,2025-06-01,1,1
MIZ/LUNG/84A12/2025/184,Mizoram,Lunglei,Lunglei Slope Failure (MIZ/LUNG/84A12/2025/184),Thenhlum,23.200105,92.584517,Debris,Flow,01 June 2025,2025-06-01,1,1
MIZ/LUNG/84A12/2025/185,Mizoram,Lunglei,Lunglei Slope Failure (MIZ/LUNG/84A12/2025/185),Thenhlum to West Bunghmun road,23.200655,92.5813,Debris,Flow,01 June 2025,2025-06-01,1,1
MIZ/LUNG/84A12/2025/186,Mizoram,Lunglei,Lunglei Slope Failure (MIZ/LUNG/84A12/2025/186),Thenhlum to West Bunghmun road,23.201843,92.579666,Debris,Flow,01 June 2025,2025-06-01,1,1
MIZ/LUNG/84A12/2025/187,Mizoram,Lunglei,Lunglei Slope Failure (MIZ/LUNG/84A12/2025/187),Thenhlum to West Bunghmun road,23.202247,92.57903,Debris,Flow,01 June 2025,2025-06-01,1,1
MIZ/LUNG/84A12/2025/188,Mizoram,Lunglei,Lunglei Slope Failure (MIZ/LUNG/84A12/2025/188),Thenhlum to West Bunghmun road,23.203107,92.577972,Debris,Flow,01 June 2025,2025-06-01,1,1
MIZ/LUNG/84A12/2025/189,Mizoram,Lunglei,Lunglei Slope Failure (MIZ/LUNG/84A12/2025/189),Thenhlum to West Bunghmun road,23.203903,92.576807,Debris,Flow,01 June 2025,2025-06-01,1,1
MIZ/LUNG/84A12/2025/190,Mizoram,Lunglei,Lunglei Slope Failure (MIZ/LUNG/84A12/2025/190),Thenhlum to West Bunghmun road,23.204282,92.576174,Debris,Flow,01 June 2025,2025-06-01,1,1
MIZ/LUNG/84A12/2025/191,Mizoram,Lunglei,Lunglei Slope Failure (MIZ/LUNG/84A12/2025/191),Thenhlum to West Bunghmun road,23.204481,92.575792,Earth/Soil,Slide,01 June 2025,2025-06-01,1,1
MIZ/LUNG/84A12/2025/192,Mizoram,Lunglei,Lunglei Slope Failure (MIZ/LUNG/84A12/2025/192),Thenhlum to West Bunghmun road,23.205193,92.574684,Debris,Flow,01 June 2025,2025-06-01,1,1
MIZ/LUNG/84A12/2025/193,Mizoram,Lunglei,Lunglei Slope Failure (MIZ/LUNG/84A12/2025/193),Thenhlum to West Bunghmun road,23.214589,92.572672,Debris,Slide,01 June 2025,2025-06-01,1,1
MIZ/LUNG/84A12/2025/194,Mizoram,Lunglei,Lunglei Slope Failure (MIZ/LUNG/84A12/2025/194),Thenhlum to West Bunghmun road,23.212919,92.558022,Debris,Flow,01 June 2025,2025-06-01,1,1
MIZ/LUNG/84A12/2025/195,Mizoram,Lunglei,Lunglei Slope Failure (MIZ/LUNG/84A12/2025/195),Thenhlum to West Bunghmun road,23.207082,92.509726,Debris,Slide,01 June 2025,2025-06-01,1,1
MIZ/LUNG/84A12/2025/196,Mizoram,Lunglei,Lunglei Slope Failure (MIZ/LUNG/84A12/2025/196),Thenhlum to West Bunghmun road,23.195616,92.546251,Debris,Slide,01 June 2025,2025-06-01,1,1
MIZ/LUNG/84A12/2025/197,Mizoram,Lunglei,Lunglei Slope Failure (MIZ/LUNG/84A12/2025/197),Thenhlum to West Bunghmun road,23.19796,92.543304,Debris,Slide,01 June 2025,2025-06-01,1,1
MIZ/LUNG/84A12/2025/198,Mizoram,Lunglei,Lunglei Slope Failure (MIZ/LUNG/84A12/2025/198),Thenhlum to West Bunghmun road,23.190022,92.554302,Debris,Flow,01 June 2025,2025-06-01,1,1
MIZ/LUNG/84A12/2025/199,Mizoram,Lunglei,Lunglei Slope Failure (MIZ/LUNG/84A12/2025/199),Thenhlum to West Bunghmun road,23.21035,92.539589,Debris,Slide,01 June 2025,2025-06-01,1,1
MIZ/LUNG/84A12/2025/200,Mizoram,Lunglei,Lunglei Slope Failure (MIZ/LUNG/84A12/2025/200),Thenhlum to West Bunghmun road,23.208921,92.541174,Earth/Soil,Slide,01 June 2025,2025-06-01,1,1
MIZ/LUNG/84A12/2025/201,Mizoram,Lunglei,Lunglei Slope Failure (MIZ/LUNG/84A12/2025/201),Thenhlum to West Bunghmun road,23.208823,92.53749,Debris,Slide,01 June 2025,2025-06-01,1,1
MIZ/LUNG/84A12/2025/202,Mizoram,Lunglei,Lunglei Slope Failure (MIZ/LUNG/84A12/2025/202),Thenhlum to West Bunghmun road,23.206239,92.491221,Debris,Slide,01 June 2025,2025-06-01,1,1
MIZ/LUNG/84A12/2025/203,Mizoram,Lunglei,Lunglei Slope Failure (MIZ/LUNG/84A12/2025/203),Thenhlum to West Bunghmun road,23.20549,92.543278,Earth/Soil,Slide,01 June 2025,2025-06-01,1,1
MIZ/LUNG/84A12/2025/204,Mizoram,Lunglei,Lunglei Slope Failure (MIZ/LUNG/84A12/2025/204),Thenhlum to West Bunghmun road,23.219631,92.563324,Debris,Slide,01 June 2025,2025-06-01,1,1
MIZ/LUNG/84A12/2025/205,Mizoram,Lunglei,Lunglei Slope Failure (MIZ/LUNG/84A12/2025/205),Tleu,23.204981,92.534603,Debris,Slide,01 June 2025,2025-06-01,1,1
MIZ/LUNG/84A12/2025/206,Mizoram,Lunglei,Lunglei Slope Failure (MIZ/LUNG/84A12/2025/206),Tleu,23.206253,92.533605,Debris,Slide,01 June 2025,2025-06-01,1,1
MIZ/LUNG/84A12/2025/207,Mizoram,Lunglei,Lunglei Slope Failure (MIZ/LUNG/84A12/2025/207),Tleu to West Bunghmun,23.209857,92.500587,Debris,Slide,01 June 2025,2025-06-01,1,1
MIZ/LUNG/84A08/2025/208,Mizoram,Lunglei,Lunglei Slope Failure (MIZ/LUNG/84A08/2025/208),Tleu to West Bunghmun,23.206239,92.491221,Debris,Slide,01 June 2025,2025-06-01,1,1
MIZ/LUNG/84A08/2025/209,Mizoram,Lunglei,Lunglei Slope Failure (MIZ/LUNG/84A08/2025/209),Tleu to West Bunghmun,23.199961,92.488796,Debris,Slide,01 June 2025,2025-06-01,1,1
MIZ/LUNG/84A08/2025/210,Mizoram,Lunglei,Lunglei Slope Failure (MIZ/LUNG/84A08/2025/210),West Bunghmun,23.17824,92.491031,Debris,Slide,01 June 2025,2025-06-01,1,1
MIZ/LUNG/84A08/2025/211,Mizoram,Lunglei,Lunglei Slope Failure (MIZ/LUNG/84A08/2025/211),West Bunghmun,23.180969,92.488193,Debris,Slide,01 June 2025,2025-06-01,1,1
MIZ/LUNG/84A08/2025/212,Mizoram,Lunglei,Lunglei Slope Failure (MIZ/LUNG/84A08/2025/212),West Bunghmun cemetary,23.180354,92.486971,Debris,Slide,01 June 2025,2025-06-01,1,1
MIZ/LUNG/84A08/2025/213,Mizoram,Lunglei,Lunglei Slope Failure (MIZ/LUNG/84A08/2025/213),West Bunghmun,23.182466,92.487731,Debris,Flow,01 June 2025,2025-06-01,1,1
MIZ/LUNG/84A12/2025/214,Mizoram,Lunglei,Lunglei Slope Failure (MIZ/LUNG/84A12/2025/214),Tleu,23.204706,92.533825,Debris,Flow,01 June 2025,2025-06-01,1,1
MIZ/LUNG/84A11/2025/215,Mizoram,Lunglei,Lunglei Slope Failure (MIZ/LUNG/84A11/2025/215),West Bungtlang,23.251004,92.63667,Debris,Flow,01 June 2025,2025-06-01,1,1
MIZ/SER/84A16/2025/216,Mizoram,Serchhip,Serchhip Slope Failure (MIZ/SER/84A16/2025/216),Keitum,23.234898,92.911307,Earth/Soil,Slide,01 June 2025,2025-06-01,1,1
MIZ/SER/84A16/2025/217,Mizoram,Serchhip,Serchhip Slope Failure (MIZ/SER/84A16/2025/217),Serchhip to Khawbung S road,23.225619,92.924909,Earth/Soil,Slide,01 June 2025,2025-06-01,1,1
MIZ/SER/84A16/2025/218,Mizoram,Serchhip,Serchhip Slope Failure (MIZ/SER/84A16/2025/218),Serchhip to Khawbung S road,23.223807,92.944448,Debris,Flow,01 June 2025,2025-06-01,1,1
MIZ/SER/84A16/2025/219,Mizoram,Serchhip,Serchhip Slope Failure (MIZ/SER/84A16/2025/219),Khawlailung,23.21795,92.998007,Debris,Slide,01 June 2025,2025-06-01,1,1
MIZ/SER/84A16/2025/220,Mizoram,Serchhip,Serchhip Slope Failure (MIZ/SER/84A16/2025/220),Khawlailung,23.217324,92.99812,Debris,Flow,01 June 2025,2025-06-01,1,1
MIZ/SER/84E04/2025/221,Mizoram,Serchhip,Serchhip Slope Failure (MIZ/SER/84E04/2025/221),Serchhip to Khawbung S road,23.19917,93.000199,Debris,Flow,01 June 2025,2025-06-01,1,1
MIZ/SER/84E04/2025/222,Mizoram,Serchhip,Serchhip Slope Failure (MIZ/SER/84E04/2025/222),Serchhip to Khawbung S road,23.1915,93.011024,Debris,Slide,31 May 2025,2025-05-31,1,1
MIZ/SER/84E04/2025/223,Mizoram,Serchhip,Serchhip Slope Failure (MIZ/SER/84E04/2025/223),Serchhip to Khawbung S road,23.183361,93.066742,Debris,Slide,31 May 2025,2025-05-31,1,1
MIZ/KHAW/84E04/2025/225,Mizoram,Khawzawl,Khawzawl Slope Failure (MIZ/KHAW/84E04/2025/225),Serchhip to Khawbung S road,23.229765,93.127521,Earth/Soil,Slide,31 May 2025,2025-05-31,1,1
MIZ/KHAW/84E04/2025/226,Mizoram,Khawzawl,Khawzawl Slope Failure (MIZ/KHAW/84E04/2025/226),Serchhip to Khawbung S road,23.2066,93.148665,Debris,Slide,01 June 2025,2025-06-01,1,1
MIZ/KHAW/84E04/2025/227,Mizoram,Khawzawl,Khawzawl Slope Failure (MIZ/KHAW/84E04/2025/227),Serchhip to Khawbung S road,23.197704,93.163019,Debris,Slide,31 May 2025,2025-05-31,1,1
MIZ/CHAM/84E04/2025/228,Mizoram,Champhai,Champhai Slope Failure (MIZ/CHAM/84E04/2025/228),Serchhip to Vaphai road,23.198136,93.166988,Debris,Flow,01 June 2025,2025-06-01,1,1
MIZ/CHAM/84E04/2025/229,Mizoram,Champhai,Champhai Slope Failure (MIZ/CHAM/84E04/2025/229),Serchhip to Vaphai road,23.177311,93.198157,Debris,Flow,01 June 2025,2025-06-01,1,1
MIZ/KHAW/84E08/2025/231,Mizoram,Khawzawl,Khawzawl Slope Failure (MIZ/KHAW/84E08/2025/231),Vaphai,23.14788,93.323791,Debris,Slide,01 June 2025,2025-06-01,1,1
MIZ/KHAW/84E03/2025/232,Mizoram,Khawzawl,Khawzawl Slope Failure (MIZ/KHAW/84E03/2025/232),NH 6,23.486306,93.220639,Debris,Slide,12 June 2025,2025-06-12,1,1
MIZ/KHAW/84E02/2025/233,Mizoram,Khawzawl,Khawzawl Slope Failure (MIZ/KHAW/84E02/2025/233),NH 6,23.544052,93.155591,Debris,Slide,14 June 2025,2025-06-14,1,1
MIZ/KHAW/84E02/2025/234,Mizoram,Khawzawl,Khawzawl Slope Failure (MIZ/KHAW/84E02/2025/234),NH 6,23.545766,93.147931,Debris,Slide,14 June 2025,2025-06-14,1,1
MIZ/KHAW/84E02/2025/235,Mizoram,Khawzawl,Khawzawl Slope Failure (MIZ/KHAW/84E02/2025/235),NH 6,23.5266,93.192968,Debris,Slide,14 June 2025,2025-06-14,1,1
MIZ/SAI/84A14/2025/236,Mizoram,Saitual,Saitual Slope Failure (MIZ/SAI/84A14/2025/236),NH 6,23.667553,92.89259,Rock,Slide,15 June 2025,2025-06-15,1,1
MIZ/SAI/84A14/2025/237,Mizoram,Saitual,Saitual Slope Failure (MIZ/SAI/84A14/2025/237),outside Maite,23.527592,92.984969,Debris,Subsidence,31 May 2025,2025-05-31,1,1
MIZ/AIZ/84A14/2025/238,Mizoram,Aizawl,Aizawl Slope Failure (MIZ/AIZ/84A14/2025/238),NH 6,23.700835,92.877449,Debris,Slide,15 June 2025,2025-06-15,1,1
MIZ/AIZ/84A13/2025/239,Mizoram,Aizawl,Aizawl Slope Failure (MIZ/AIZ/84A13/2025/239),Sesawng,23.760466,92.848969,Debris,Flow,31 May 2025,2025-05-31,1,1
MIZ/AIZ/84A13/2025/240,Mizoram,Aizawl,Aizawl Slope Failure (MIZ/AIZ/84A13/2025/240),Mualmam,23.807952,92.834037,Earth/Soil,Slide,01 June 2025,2025-06-01,1,1
MIZ/AIZ/83D15/2025/241,Mizoram,Aizawl,Aizawl Slope Failure (MIZ/AIZ/83D15/2025/241),Zohmun,24.285871,92.94599,Debris,Slide,14 June 2025,2025-06-14,1,1
MIZ/AIZ/83D15/2025/242,Mizoram,Aizawl,Aizawl Slope Failure (MIZ/AIZ/83D15/2025/242),Zohmun,24.288014,92.946017,Earth/Soil,Slide,14 June 2025,2025-06-14,1,1
MIZ/AIZ/83D15/2025/243,Mizoram,Aizawl,Aizawl Slope Failure (MIZ/AIZ/83D15/2025/243),Mauchar,24.354658,92.925511,Debris,Slide,29 May 2025,2025-05-29,1,1
MIZ/AIZ/83D15/2025/244,Mizoram,Aizawl,Aizawl Slope Failure (MIZ/AIZ/83D15/2025/244),Mauchar,24.365715,92.930137,Debris,Slide,01 June 2025,2025-06-01,1,1
MIZ/AIZ/84A14/2025/245,Mizoram,Aizawl,Aizawl Slope Failure (MIZ/AIZ/84A14/2025/245),Sesawng,23.747519,92.853155,Debris,Slide,15 June 2025,2025-06-15,1,1
MZ/LUN/84B09/2017/0001,Mizoram,Lunglei,Phairuangkai Slide,"Phairuangkai-West Rotlang road, ChangpuiVeng, Phairuangkai.",22.82104167,92.63873333,Earth/Soil,Flow,12 June 2017,2017-06-12,1,1
Mizoram/Aizawl/84A09/2018/0 02,Mizoram,Aizawl,Selesih Slide,"Near the Auditorium of Central Agricultural University (College of Veterinary Science and Animal Husbandry), Selesih village, Aizawl District, Mizoram",24.80375556,92.733375,Rock,Creep,28 April 2018,2018-04-28,1,1
Mizoram/Aizawl/84A14/2020/0 01,Mizoram,Aizawl,Zemabawk landslide,"Zemabawk area near Bharat Petroleum, Zemabawk, along NH6/306A Aizawl-Seling- Champhai road",24.73197222,92.75988889,Rock,Slide,2 February 2020,2020-02-02,1,1
MZ/AZL/84A/10/2023/01,Mizoram,Aizawl,Vaivakawn landslide,"Vaivakawn, Aizawl",23.74150833,92.70785833,Rock,Slide,04 June 2023,2023-06-04,1,1
MZ-31/2011,Mizoram,Aizawl,Naizawl rock fall,,23.70213889,92.71822222,Debris,Slide,22 May 2011,2011-05-22,1,1
MZ/AZL/84A10/2016/01,Mizoram,Aizawl,Tlungvel slide,Tlungvel-Seling main road,23.60830556,92.85058333,Earth/Soil,Slide,17 September 2016,2016-09-17,1,1
MZ/AZL/84A10/2016/02,Mizoram,Aizawl,Tlungvel Presbyterian church slide,Tlungvel village (near the Presbyterian church),23.61372222,92.85188889,Earth/Soil,Flow,17 September 2016,2016-09-17,1,1
MIZ/AZL/84A11/2025/010,Mizoram,Aizawl,Aizawl Slope Failure (MIZ/AZL/84A11/2025/010),Thiak road,23.4688,92.7208,Debris,Slide,02 January 2025,2025-01-02,1,1
MIZ/AZL/84A11/2025/020,Mizoram,Aizawl,Aizawl Slope Failure (MIZ/AZL/84A11/2025/020),Thiak to N. Lungsai (Aizawl- Thenzawl-Lunglei SH),23.4807,92.7025,Debris,Slide,13 September 2025,2025-09-13,1,1
MIZ/AZL/84A11/2025/021,Mizoram,Aizawl,Aizawl Slope Failure (MIZ/AZL/84A11/2025/021),Thiak to N. Lungsai (Aizawl- Thenzawl-Lunglei SH),23.4855,92.7033,Debris,Slide,02 July 2024,2024-07-02,1,1
MIZ/AZL/84A11/2025/023,Mizoram,Aizawl,Aizawl Slope Failure (MIZ/AZL/84A11/2025/023),Aizawl-Thenzawl-Lunglei SH,23.4946,92.7044,Debris,Slide,25 August 2024,2024-08-25,1,1
MIZ/SER/84A12/2025/027,Mizoram,Serchhip,Serchhip Slope Failure (MIZ/SER/84A12/2025/027),Aizawl-Thenzawl-Lunglei SH,23.239287,92.74818,Debris,Slide,02 June 2025,2025-06-02,1,1
MIZ/SER/84A12/2025/028,Mizoram,Serchhip,Serchhip Slope Failure (MIZ/SER/84A12/2025/028),Buangpui,23.237356,92.744978,Earth/Soil,Slide,05 June 2025,2025-06-05,1,1
MIZ/LUN/84A12/2025/030,Mizoram,Lunglei,Lunglei Slope Failure (MIZ/LUN/84A12/2025/030),Aizawl-Thenzawl-Lunglei SH,23.230114,92.740067,Earth/Soil,Slide,02 June 2025,2025-06-02,1,1
MIZ/LUN/84A12/2025/031,Mizoram,Lunglei,Lunglei Slope Failure (MIZ/LUN/84A12/2025/031),2 kms north of Kanghmun S,23.229731,92.73968,Earth/Soil,Slide,24 May 2025,2025-05-24,1,1
MIZ/LUN/84A12/2025/032,Mizoram,Lunglei,Lunglei Slope Failure (MIZ/LUN/84A12/2025/032),Outside Kanghmun S,23.226843,92.740266,Earth/Soil,Slide,02 June 2025,2025-06-02,1,1
MIZ/LUN/84A12/2025/033,Mizoram,Lunglei,Lunglei Slope Failure (MIZ/LUN/84A12/2025/033),Kanghmun S,23.225357,92.74039,Earth/Soil,Slide,06 June 2025,2025-06-06,1,1
MIZ/LUN/84A12/2025/037,Mizoram,Lunglei,Lunglei Slope Failure (MIZ/LUN/84A12/2025/037),Outside Kanghmun S Aizawl- Thenzawl-Lunglei SH,23.204595,92.73861,Debris,Slide,3 June 2025,2025-06-03,1,1
MIZ/LUN/84A12/2025/044,Mizoram,Lunglei,Lunglei Slope Failure (MIZ/LUN/84A12/2025/044),South of Kanghmun S,23.201335,92.734857,Rock,Slide,02 June 2025,2025-06-02,1,1
MIZ/LUN/84A12/2025/045,Mizoram,Lunglei,Lunglei Slope Failure (MIZ/LUN/84A12/2025/045),South of Kanghmun S,23.201614,92.734453,Rock,Slide,02 June 2025,2025-06-02,1,1
MIZ/LUN/84A12/2025/046,Mizoram,Lunglei,Lunglei Slope Failure (MIZ/LUN/84A12/2025/046),South of Kanghmun S,23.201759,92.734328,Rock,Slide,02 June 2025,2025-06-02,1,1
MIZ/LUN/84A12/2025/048,Mizoram,Lunglei,Lunglei Slope Failure (MIZ/LUN/84A12/2025/048),"Between Kanghmun S to Ramlaitui, Aizawl-Thenzawl- Lunglei SH",23.199924,92.73481,Earth/Soil,Slide,02 June 2025,2025-06-02,1,1
MIZ/LUN/84A12/2025/052,Mizoram,Lunglei,Lunglei Slope Failure (MIZ/LUN/84A12/2025/052),"North of Ramlaitui, Aizawl- Thenzawl-Lunglei SH",23.197825,92.73502,Debris,Slide,15 June 2025,2025-06-15,1,1
MIZ/LUN/84A12/2025/055,Mizoram,Lunglei,Lunglei Slope Failure (MIZ/LUN/84A12/2025/055),"North of Ramlaitui, Aizawl- Thenzawl-Lunglei SH",23.193237,92.734819,Debris,Slide,02 June 2025,2025-06-02,1,1
MIZ/LUN/84A12/2025/056,Mizoram,Lunglei,Lunglei Slope Failure (MIZ/LUN/84A12/2025/056),"North of Ramlaitui, Aizawl- Thenzawl-Lunglei SH",23.191775,92.734778,Debris,Slide,06 June 2025,2025-06-06,1,1
MIZ/LUN/84A12/2025/057,Mizoram,Lunglei,Lunglei Slope Failure (MIZ/LUN/84A12/2025/057),"North of Ramlaitui, Aizawl- Thenzawl-Lunglei SH",23.191747,92.73459,Debris,Slide,02 June 2025,2025-06-02,1,1
MIZ/LUN/84A12/2025/064,Mizoram,Lunglei,Lunglei Slope Failure (MIZ/LUN/84A12/2025/064),"Outside Ramlaitui, Aizawl- Thenzawl-Lunglei SH",23.188245,92.734327,Rock,Slide,02 June 2025,2025-06-02,1,1
MIZ/LUN/84A12/2025/066,Mizoram,Lunglei,Lunglei Slope Failure (MIZ/LUN/84A12/2025/066),"Outside Ramlaitui, Aizawl- Thenzawl-Lunglei SH",23.18675,92.735178,Debris,Slide,02 June 2025,2025-06-02,1,1
MIZ/LUN/84A12/2025/067,Mizoram,Lunglei,Lunglei Slope Failure (MIZ/LUN/84A12/2025/067),"Outside Ramlaitui, Aizawl- Thenzawl-Lunglei SH",23.186501,92.735632,Rock,Slide,13 September 2025,2025-09-13,1,1
MIZ/LUN/84A12/2025/068,Mizoram,Lunglei,Lunglei Slope Failure (MIZ/LUN/84A12/2025/068),"Outside Ramlaitui, Aizawl- Thenzawl-Lunglei SH",23.186296,92.7356,Debris,Slide,13 September 2025,2025-09-13,1,1
MIZ/LUN/84A12/2025/069,Mizoram,Lunglei,Lunglei Slope Failure (MIZ/LUN/84A12/2025/069),"Outside Ramlaitui, Aizawl- Thenzawl-Lunglei SH",23.186133,92.735682,Debris,Slide,13 September 2025,2025-09-13,1,1
MIZ/LUN/84A12/2025/070,Mizoram,Lunglei,Lunglei Slope Failure (MIZ/LUN/84A12/2025/070),Outside Ramlaitui,23.184091,92.738895,Debris,Slide,01 June 2025,2025-06-01,1,1
MIZ/LUN/84A12/2025/084,Mizoram,Lunglei,Lunglei Slope Failure (MIZ/LUN/84A12/2025/084),Aizawl-Thenzawl-Lunglei SH outside Ramlaitui,23.174341,92.740855,Debris,Slide,13 September 2025,2025-09-13,1,1
MIZ/LUN/84A12/2025/093,Mizoram,Lunglei,Lunglei Slope Failure (MIZ/LUN/84A12/2025/093),South of Ramlaitui,23.164812,92.743396,Debris,Flow,02 June 2025,2025-06-02,1,1
MIZ/LUN/84A12/2025/105,Mizoram,Lunglei,Lunglei Slope Failure (MIZ/LUN/84A12/2025/105),"Aizawl-Thenzawl-Lunglei SH, Ramlaitui to Sekhum",23.152289,92.746243,Debris,Slide,30 May 2025,2025-05-30,1,1
MIZ/LUN/84A12/2025/114,Mizoram,Lunglei,Lunglei Slope Failure (MIZ/LUN/84A12/2025/114),"Aizawl-Thenzawl-Lunglei SH, Ramlaitui to Sekhum",23.147798,92.749742,Debris,Slide,13 September 2025,2025-09-13,1,1
MIZ/LUN/84A16/2025/115,Mizoram,Lunglei,Lunglei Slope Failure (MIZ/LUN/84A16/2025/115),"Aizawl-Thenzawl-Lunglei SH, Ramlaitui to Sekhum",23.144687,92.750609,Debris,Slide,06 June 2025,2025-06-06,1,1
MIZ/LUN/84A16/2025/119,Mizoram,Lunglei,Lunglei Slope Failure (MIZ/LUN/84A16/2025/119),Sekhum,23.141474,92.750577,Debris,Slide,29 May 2025,2025-05-29,1,1
MIZ/LUN/84A16/2025/121,Mizoram,Lunglei,Lunglei Slope Failure (MIZ/LUN/84A16/2025/121),Sekhum,23.139887,92.751646,Debris,Slide,30 May 2025,2025-05-30,1,1
MIZ/LUN/84A12/2025/128,Mizoram,Lunglei,Lunglei Slope Failure (MIZ/LUN/84A12/2025/128),Aizawl-Thenzawl-Lunglei SH Sekhum to N. Mualthuam,23.134961,92.747843,Debris,Flow,30 May 2025,2025-05-30,1,1
MIZ/LUN/84A12/2025/133,Mizoram,Lunglei,Lunglei Slope Failure (MIZ/LUN/84A12/2025/133),Aizawl-Thenzawl-Lunglei SH Sekhum to N. Mualthuam,23.131999,92.744413,Earth/Soil,Slide,13 September 2025,2025-09-13,1,1
MIZ/LUN/84A12/2025/150,Mizoram,Lunglei,Lunglei Slope Failure (MIZ/LUN/84A12/2025/150),Mualthuam N,23.11239,92.745417,Earth/Soil,Slide,01 June 2025,2025-06-01,1,1
MIZ/LUN/84A12/2025/152,Mizoram,Lunglei,Lunglei Slope Failure (MIZ/LUN/84A12/2025/152),"Aizawl-Thenzawl-Lunglei SH, Mualthuam N Venghnuai",23.113126,92.74564,Earth/Soil,Slide,02 June 2025,2025-06-02,1,1
MIZ/LUN/84A12/2025/154,Mizoram,Lunglei,Lunglei Slope Failure (MIZ/LUN/84A12/2025/154),"Aizawl-Thenzawl-Lunglei SH, Mualthuam N Venghnuai",23.108018,92.746279,Earth/Soil,Slide,30 May 2025,2025-05-30,1,1
MIZ/LUN/84A12/2025/155,Mizoram,Lunglei,Lunglei Slope Failure (MIZ/LUN/84A12/2025/155),Mualthuam N,23.10565,92.745979,Debris,Slide,30 May 2025,2025-05-30,1,1
MIZ/LUN/84A12/2025/157,Mizoram,Lunglei,Lunglei Slope Failure (MIZ/LUN/84A12/2025/157),Mualthuam N,23.104623,92.747711,Debris,Flow,1 June 2025,2025-06-01,1,1
MIZ/LUN/84A16/2025/161,Mizoram,Lunglei,Lunglei Slope Failure (MIZ/LUN/84A16/2025/161),"Aizawl-Thenzawl-Lunglei SH, south of Mualthuam N",23.100785,92.751508,Earth/Soil,Slide,30 May 2025,2025-05-30,1,1
MIZ/LUN/84A16/2025/162,Mizoram,Lunglei,Lunglei Slope Failure (MIZ/LUN/84A16/2025/162),"Aizawl-Thenzawl-Lunglei SH, south of Mualthuam N",23.099615,92.752199,Earth/Soil,Slide,06 June 2025,2025-06-06,1,1
MIZ/LUN/84A16/2025/164,Mizoram,Lunglei,Lunglei Slope Failure (MIZ/LUN/84A16/2025/164),"Aizawl-Thenzawl-Lunglei SH, Near MPWD milestone 6kms to Haulawng",23.09459,92.753733,Earth/Soil,Flow,13 September 2025,2025-09-13,1,1
MIZ/LUN/84A16/2025/165,Mizoram,Lunglei,Lunglei Slope Failure (MIZ/LUN/84A16/2025/165),"Below Aizawl-Thenzawl-Lunglei SH, Mualthuam N to Saichhoh",23.092076,92.752286,Earth/Soil,Slide,13 September 2025,2025-09-13,1,1
MIZ/LUN/84A16/2025/175,Mizoram,Lunglei,Lunglei Slope Failure (MIZ/LUN/84A16/2025/175),"Aizawl-Thenzawl-Lunglei SH, Saichhoh",23.074255,92.76222,Debris,Slide,01 June 2025,2025-06-01,1,1
MIZ/LUN/84A16/2025/177,Mizoram,Lunglei,Lunglei Slope Failure (MIZ/LUN/84A16/2025/177),"Aizawl-Thenzawl-Lunglei SH, Saichhoh to Haulawng",23.069585,92.765797,Debris,Slide,31 May 2025,2025-05-31,1,1
MIZ/LUN/84A16/2025/178,Mizoram,Lunglei,Lunglei Slope Failure (MIZ/LUN/84A16/2025/178),"Aizawl-Thenzawl-Lunglei SH, Saichhoh to Haulawng",23.067473,92.767201,Earth/Soil,Slide,30 May 2025,2025-05-30,1,1
MIZ/LUN/84A16/2025/181,Mizoram,Lunglei,Lunglei Slope Failure (MIZ/LUN/84A16/2025/181),"Aizawl-Thenzawl-Lunglei SH, Saichhoh to Haulawng",23.063838,92.769004,Debris,Slide,15 June 2025,2025-06-15,1,1
MIZ/LUN/84A16/2025/182,Mizoram,Lunglei,Lunglei Slope Failure (MIZ/LUN/84A16/2025/182),"Aizawl-Thenzawl-Lunglei SH, Saichhoh to Haulawng",23.061745,92.770105,Debris,Slide,30 May 2025,2025-05-30,1,1
NAG/KOH/83K02/2008/F-3A,Nagaland,Kohima,PR Hills slide,,25.66083,94.10278,Debris,Fall,02 August 2008,2008-08-02,1,1
NAG/KOH/83K02/2008/F-3B,Nagaland,Kohima,Officer Hill/ Naga Hospital Colony slide,,25.66667,94.10972,Debris,Slide,12 August 2007,2007-08-12,1,1
NAG/KOH/83K02/2008/F-4(A),Nagaland,Kohima,New Market slide,,25.66917,94.10722,Debris,Slide,16 August 2008,2008-08-16,1,1
NL/KOH/83K02/2014/04,Nagaland,Kohima,Meriema,National Highway (NH)- 61,25.71611,94.08883,Debris,Flow,03 July 2013,2013-07-03,1,1
NL/KOH/83G14/2014/15,Nagaland,Kohima,Piphema Peducha,NH-29,25.74697,93.98167,Rock-cum-Debris,Slide,08 September 2013,2013-09-08,1,1
NL/DIM/83G13/2014/02,Nagaland,Dimapur,Kukidolong-2,NH 29,25.76939,93.80278,Earth/Soil,Slide,16 July 2013,2013-07-16,1,1
NL/DIM/83G13/2014/01,Nagaland,Dimapur,Kukidolong-1,NH 29,25.78417,93.80028,Earth/Soil,Slide,16 July 2013,2013-07-16,1,1
NAG/KIPH/83K13/2009/F-8,Nagaland,Tuensang,Mission compound slide,,25.88667,94.78639,Debris,Flow,21 June 2009,2009-06-21,1,1
NAG/KIPH/83K13/2009/F-7,Nagaland,Tuensang,Kesunisiki slide,,25.9,94.78917,Debris,Slide,21 June 2009,2009-06-21,1,1
NL/WKH/83J04/2021/01,Nagaland,Wokha,E-Khel slide,,26.10694722,94.25328889,Earth/Soil,Slide,18 September 2021,2021-09-18,1,1
NAG/TUE/83J15/2009/F-14,Nagaland,Tuensang,Ajang (Bhumbak Village),,26.34417,94.83333,Debris,Slide,20 June 2009,2009-06-20,1,1
NAG/TUE/83J15/2009/F-13,Nagaland,Tuensang,Ajang (Bhumbak Village),,26.36083,94.84,Rock,Fall,04 June 2009,2009-06-04,1,1
NAG/TUE/83J15/2009/F-12,Nagaland,Tuensang,Washomung (Bhumbak Village) slide,,26.37639,94.84056,Debris,Slide,20 June 2009,2009-06-20,1,1
NAG/TUE/83J15/2009/F-10,Nagaland,Tuensang,Yangpi Village slide,,26.38778,94.82583,Rock,Slide,27 July 2009,2009-07-27,1,1
NAG/TUE/83J15/2009/F-11,Nagaland,Tuensang,Noksen-Tuengsang road slide,,26.38778,94.82583,Debris,Slide,20 August 2009,2009-08-20,1,1
NL/MON/83J15/2014/08,Nagaland,Mon,Shamnyu slide,State Highway (Tobu to Mon road),26.39094,94.94406,Rock-cum-Debris,Flow,16 August 2013,2013-08-16,1,1
NL/MON/83J15/2014/09,Nagaland,Mon,Shense slide,State Highway (Tobu to Mon road),26.39936,94.94553,Debris,Flow,17 August 2023,2023-08-17,1,1
NL/MON/83J15/2014/11,Nagaland,Mon,Chaklangsho-2,State Highway (Tobu to Mon road),26.40908,94.96308,Rock-cum-Debris,Slide,17 August 2013,2013-08-17,1,1
NL/MON/83J15/2014/12,Nagaland,Mon,Telangsao slide,State Highway (Tobu to Mon road),26.41931,94.97369,Debris,Slide,18 August 2013,2013-08-18,1,1
3211,Nagaland,Chumoukedima,Chumoukedima Slope Failure (3211),,25.7802266,93.936165,Debris,Flow,03 September 2024,2024-09-03,1,1
3212,Nagaland,Chumoukedima,Chumoukedima Slope Failure (3212),,25.7746019,93.9148756,Debris,Slide,03 September 2024,2024-09-03,1,1
3310,Nagaland,Tseminyu,Tseminyu Slope Failure (3310),,25.8816564,94.1902346,Rock,Fall,19 January 2025,2025-01-19,1,1
3380,Nagaland,Mokokchung,Mokokchung Slope Failure (3380),,26.4231373,94.3822611,Earth/Soil,Slide,07 July 2025,2025-07-07,1,1
3375,Nagaland,Kohima,Kohima Slope Failure (3375),,25.623067,94.114196,Debris,Slide,07 July 2025,2025-07-07,1,1
3379,Nagaland,Mokokchung,Mokokchung Slope Failure (3379),,26.4527822,94.375268,Earth/Soil,Slide,08 July 2025,2025-07-08,1,1
3381,Nagaland,Mokokchung,Mokokchung Slope Failure (3381),,26.4219453,94.3854377,Rock,Fall,07 July 2025,2025-07-07,1,1
3382,Nagaland,Mokokchung,Mokokchung Slope Failure (3382),,26.4242282,94.3924136,Rock,Fall,05 July 2025,2025-07-05,1,1
3383,Nagaland,Mokokchung,Mokokchung Slope Failure (3383),,26.42608,94.398916,Rock,Slide,07 July 2025,2025-07-07,1,1
NA/KOH/83K02/2024/02,Nagaland,Kohima,Kigwema Village,Kigwema-Meluri road,25.6125,94.1272,Debris,Slide,06 July 2024,2024-07-06,1,1
NA/CHU/83G13/2024/01,Nagaland,Chumoukedima,Pagala Pahar landslide,NH-29,25.7853,93.8014,Debris,Slide,03 September 2024,2024-09-03,1,1
NA/WKH/83J8/2024/02,Nagaland,Wokha,Tchuyiro landslide,Tchuyiro colony,26.08945,94.264217,Earth/Soil,Slide,23 July 2024,2024-07-23,1,1
NL/KOH/83K02/2022/001,Nagaland,Kohima,Meriema landslide,NH-2/ Kohima-Wokha Highway,25.71711111,94.08561111,Earth/Soil,Slide,29 October 2017,2017-10-29,1,1
NL/KOH/83K02/2022/002,Nagaland,Kohima,Meriema village landslide,Inside Meriema village,25.712031,94.089791,Rock,Slide,12 September 2022,2022-09-12,1,1
NL/KOH/83K02/2022/003,Nagaland,Kohima,Chiesema,Chiesema,25.7491204,94.0804548,Debris,Slide,25 September 2022,2022-09-25,1,1
NL/KOH/83K02/2022/004,Nagaland,Kohima,New secretariat-Meriema road,New secretariat-Meriema road,25.7179491,94.0917724,Rock,Slide,28 September 2022,2022-09-28,1,1
NL/KOH/83G13/2022/005,Nagaland,Kohima,Piphema,NH29/Piphema,25.770055,93.937873,Debris,Slide,15 October 2022,2022-10-15,1,1
NL/KOH/83G13/2022/006,Nagaland,Kohima,Piphema,NH29/Piphema,25.771451,93.907041,Debris,Slide,30 September 2022,2022-09-30,1,1
NL/KOH/83K02/2022/010,Nagaland,Kohima,Piphema,Piphema,25.770064,93.937891,Debris,Slide,12 November 2022,2022-11-12,1,1
NL/KOH/83G13/2023/03,Nagaland,Kohima,Piphema,NH-29,25.76618333,93.94043611,Debris,Slide,08 September 2023,2023-09-08,1,1
NL/KOH/83K02/2023/19,Nagaland,Kohima,Khonoma,Jotsoma-Padi-Benreu road,25.66754722,94.08075278,Debris,Slide,02 October 2023,2023-10-02,1,1
NL/KOH/83K02/2023/58,Nagaland,Kohima,Kohima-Nuiland road,Kohima-Nuiland road,25.85442778,94.15844444,Debris,Slide,23 August 2018,2018-08-23,1,1
NL/KOH/83K02/2023/59,Nagaland,Kohima,Kohima-Nuiland road,Kohima-Nuiland road,25.857991,94.159346,Debris,Slide,23 August 2018,2018-08-23,1,1
NL/KOH/83K02/2024/003,Nagaland,Kohima,Kohima Slope Failure (NL/KOH/83K02/2024/003),NH-2/Tadubi,25.52036,94.1311201,Debris,Slide,01 June 2024,2024-06-01,1,1
NL/KOH/83K02/2024/004,Nagaland,Kohima,Kohima Slope Failure (NL/KOH/83K02/2024/004),NH-2/Khuzama,25.52164,94.13426,Debris,Slide,01 June 2024,2024-06-01,1,1
NL/KOH/83K02/2024/006,Nagaland,Kohima,Kohima Slope Failure (NL/KOH/83K02/2024/006),NH-2/Khuzama,25.525094,94.135798,Debris,Subsidence,01 June 2024,2024-06-01,1,1
NL/KOH/83K02/2024/007,Nagaland,Kohima,Kohima Slope Failure (NL/KOH/83K02/2024/007),NH-2/Khuzama,25.538422,94.136039,Debris,Slide,01 June 2024,2024-06-01,1,1
NL/KOH/83K02/2024/008,Nagaland,Kohima,Kohima Slope Failure (NL/KOH/83K02/2024/008),NH-2/Viswema,25.5651,94.1390034,Debris,Slide,01 June 2024,2024-06-01,1,1
NL/KOH/83K02/2024/009,Nagaland,Kohima,Kohima Slope Failure (NL/KOH/83K02/2024/009),NH-2/Viswema,25.6032619,94.1122188,Rock,Slide,01 June 2024,2024-06-01,1,1
NL/KOH/83K02/2024/010,Nagaland,Kohima,Kohima Slope Failure (NL/KOH/83K02/2024/010),NH-2/Phesema,25.62154,94.1122,Debris,Slide,01 June 2024,2024-06-01,1,1
NL/KOH/83K02/2024/011,Nagaland,Kohima,Kohima Slope Failure (NL/KOH/83K02/2024/011),NH-2/Phesema,25.6291966,94.10177,Debris,Slide,01 June 2024,2024-06-01,1,1
NL/KOH/83K02/2024/012,Nagaland,Kohima,Kohima Slope Failure (NL/KOH/83K02/2024/012),NH-2/Phesema,25.6387,94.10979,Debris,Slide,01 June 2024,2024-06-01,1,1
NL/KOH/83K02/2024/013,Nagaland,Kohima,Kohima Slope Failure (NL/KOH/83K02/2024/013),NH-2/Lerie,25.648759,94.10616,Debris,Slide,01 June 2024,2024-06-01,1,1
NL/MOK/83J07/2025/01,Nagaland,Mokokchung,Longnak landslide,NH-702D,26.45278,94.37526,Earth/Soil,Slide,08 July 2025,2025-07-08,1,1
NL/MOK/83J07/2025/02,Nagaland,Mokokchung,Merayim landslide,NH-702D,26.423137,94.382261,Earth/Soil,Slide,07 July 2025,2025-07-07,1,1
NL/MOK/83J07/2025/03,Nagaland,Mokokchung,Changki slide_1,NH-702D,26.42186,94.3852,Rock,Slide,07 July 2025,2025-07-07,1,1
NL/MOK/83J07/2025/04,Nagaland,Mokokchung,Changki slide_2,NH-702D,26.425346,94.387013,Rock,Slide,07 July 2025,2025-07-07,1,1
NL/MOK/83J07/2025/05,Nagaland,Mokokchung,Yimkum Slide,"NH-702D, Yimkum sector, Chungtia Village",26.383648,94.440751,Debris,Slide,29 July 2025,2025-07-29,1,1
NL/MOK/83J07/2025/06,Nagaland,Mokokchung,Razu slide,"NH-702D, Razu sector, Chungtia village",26.384347,94.443397,Debris,Slide,01 July 2024,2024-07-01,1,1
NL/MOK/83J07/2025/07,Nagaland,Mokokchung,Yimlang Slide,"NH-702D, Yimlang sector, Chungtia village",26.387181,94.444132,Rock,Slide,01 August 2025,2025-08-01,1,1
NL/MOK/83J07/2025/08,Nagaland,Mokokchung,Sabangya slide,"NH-702D, Sabangya sector, Chungtia village",26.379798,94.450751,Debris,Slide,07 July 2025,2025-07-07,1,1
NL/TSE/83K01/2025/01,Nagaland,Tseminyu,Terogvunyu Village,NH-2,25.88165,94.19023,Rock,Slide,19 January 2025,2025-01-19,1,1
NAG/ KOH/ 83K2/ 2015/02,Nagaland,Kohima,Near bridge,NH-29,25.73425,94.00119444,Debris,Subsidence,15 July 2015,2015-07-15,1,1
Nagaland/Kohima/83K- 02/2018/001,Nagaland,Kohima,Lower Para Medical Landslide,NH-29/ Lower Para Medical Colony,25.66772222,94.08908333,Debris,Subsidence,08 July 2018,2018-07-08,1,1
NL/DMR/83F-16/2019/01,Nagaland,Dimapur,Zhekhise Slide,Niuland,26.07256,93.928,Earth/Soil,Slide,09 May 2019,2019-05-09,1,1
SKM/EAS/78A12/2014/002,Sikkim,East Sikkim,6 km from Martam,0.5 km before Sikkim Supreme (On NH-31A),27.23772,88.51384,Debris,Slide,26 August 2014,2014-08-26,1,1
SK/ED/78A12/2017/01,Sikkim,East Sikkim,Pachey landslide near Pakyong Town,Pakyong-Machong Road near Pakyong,27.24144,88.60681,Debris,Fall,9 July 2017,2017-07-09,1,1
SK/EAS/78A11/2014/01,Sikkim,East Sikkim,Dhankutey dhara Slide,3km away from Rumtek on Rumtek - Martam road.,27.28408,88.54611,Earth/Soil,Slide,28 August 2013,2013-08-28,1,1
SKM/NOR/78A11/2014/007,Sikkim,North Sikkim,Tanek Rockslide,Tanek (On North-Sikkim High Way),27.4097,88.54371,Rock,Fall,24 June 2014,2014-06-24,1,1
SKM/NOR/78A11/2014/006,Sikkim,North Sikkim,Ambithang Landslide,Ambithang (On Rangrang- Mangan road ),27.48603,88.53269,Debris,Slide,8 July 2014,2014-07-08,1,1
SKM/NOR/78A10/2014/004,Sikkim,North Sikkim,Pakshek Landslide,Pakshek ( Mangan-Chungthang road on North highway),27.5091,88.53848,Rock,Slide,1 July 2014,2014-07-01,1,1
SKM/EAST/78A12/2015/002,Sikkim,East Sikkim,Kumrek landslide,Kumrek (On Rangpo-Kumrek road ),27.179,88.53313889,Rock,Slide,8 July 2015,2015-07-08,1,1
SKM/NORTH/78A11/2015/003,Sikkim,North Sikkim,Rangrang Landslide,Rangrang (On Mangan to Dikchu road ),27.46166,88.52341,Debris,Slide,1 June 2015,2015-06-01,1,1
SKM/EAST/78A11/2015/004,Sikkim,East Sikkim,Tumin Landslide,Tumin,27.33208,88.50902,Debris,Slide,11 July 2015,2015-07-11,1,1
State: Sikkim/District : West District/Toposheet: 78A/03/year: 2019,Sikkim,West District,Yuksom-Tsong Village landslide,"Yuksom in West Sikkim, local village road up to Tsong Village",27.36473056,88.23727778,Earth/Soil,Flow,16 September 2019,2019-09-16,1,1
SK/ES/78 A/07/2021/14,Sikkim,East Sikkim,Dikchu-Samdong road,Near Jurassic Park Sikkim,27.3699335,88.4859279,Rock-cum-Debris,Slide,23 August 2021,2021-08-23,1,1
SK/ES/78 A/11/2021/15,Sikkim,East Sikkim,Mangthang,Mangthang,27.2533846,88.5489504,Debris,Flow,22 August 2021,2021-08-22,1,1
SK/ES/78 A11/PB,Sikkim,East Sikkim,Pagla Bhir,Rumtek-Rice Valley road.,27.28666667,88.55347222,Rock-cum-Debris,Slide,27 August 2021,2021-08-27,1,1
SK/NS/78 A10/ Bop 1,Sikkim,North Sikkim,Bop Slide,Chungthang-Lachung Road,27.61936111,88.66131389,Rock,Slide,18 June 2021,2021-06-18,1,1
SK/ES/78 A11/IBP-I,Sikkim,East Sikkim,Indira Bye Pass -I,Indira Bye Pass Road,27.32888889,88.60777778,Rock,Slide,18 May 2021,2021-05-18,1,1
SK/ES/78 A11/2021/NPB-1,Sikkim,East Sikkim,Pagla Bhir slide,Rumtek-Sang Road through Martam Rice valley,27.28577778,88.5535,Debris,Slide,27 August 2021,2021-08-27,1,1
SKM/ Namchi/78 A07/2022/01,Sikkim,Namchi,Pathing Yang Yang Slide,Ravangla-Yang Yang Road via Pathing,27.30140833,88.3916,Rock-cum-Debris,Slide,18 November 2022,2022-11-18,1,1
SKM/ Soreng/78 A08/2022/01,Sikkim,Soreng,01/JR/Baiguney,Jorethang-Legship Road,27.14871944,88.28128889,Debris,Slide,20 November 2022,2022-11-20,1,1
SKM/ES/78 A11/2022/TVP-I1,Sikkim,East Sikkim,Tashi view point-II(TVP-II),"NH-10, Gangtok-Mangan highway",27.37211111,88.61671944,Debris,Slide,29 May 2022,2022-05-29,1,1
SKM/ES/78 A12/2022/Basnettgaon,Sikkim,Pakyong,Basnettgaon Landslide.,Old Pakyong Airport Road,27.24883333,88.60191667,Debris,Slide,10 October 2022,2022-10-10,1,1
SKM/ES/78 A12/2022/Kitgolai,Sikkim,Pakyong,Kitgolai Landslide,SH-717,27.21391667,88.60833333,Debris,Slide,25 August 2022,2022-08-25,1,1
SK/ES/78 A07/Sherwani 02,Sikkim,East Sikkim,Sherwani 02,Singtam-Sherwani road,27.24297222,88.47055556,Debris,Slide,15 June 2022,2022-06-15,1,1
SKM/MAN/78A11/11/2023,Sikkim,Mangan,South Dikchu,Dikchu-Makha Road,27.40251944,88.51868056,Debris,Slide,4 October 2023,2023-10-04,1,1
SI/GAN/78A07/2024/48,Sikkim,Gangtok District,Dipudara landslide,"NHPC Teesta-V, Singtam-Dikchu road",27.2525,88.4606,Rock,Slide,21 August 2024,2024-08-21,1,1
SI/MAN/78A11/2025/1,Sikkim,Mangan,Phensang Landslide,NH-310A,27.4432,88.6087,Debris,Slide,21 July 2024,2024-07-21,1,1
SI/GYA/78A03/2025/01,Sikkim,Gyalshing,Rimbi,"Upper Rimbi, Rimbi-Tingbrum Gram Panchayat",27.327977,88.152281,Debris,Slide,11 September 2025,2025-09-11,1,1
SI/GTK/78A11/2025/02,Sikkim,Gangtok District,Tintek Landslide,"SH, Tintek Village, Gangtok District, Sikkim",27.372611,88.541022,Debris,Slide,19 July 2025,2025-07-19,1,1
SKM-04/2012-13,Sikkim,East Sikkim,Rockse Slide 1,Panthang to Dikchu road,27.37441667,88.54505556,Rock,Slide,13 July 2012,2012-07-13,1,1
SKM-05/2012-13,Sikkim,East Sikkim,Rockse Slide 2,Panthang to Dikchu road,27.36977778,88.54466667,Rock,Slide,13 July 2012,2012-07-13,1,1
SKM-06/2012-13,Sikkim,North Sikkim,Pegong Slide,Mangan-Chungthang road,27.59027778,88.65394444,Debris,Slide,26 June 2012,2012-06-26,1,1
SKM-07/2012-13,Sikkim,North Sikkim,Theng Slide,On Mangan-Chungthang road,27.57502778,88.65402778,Debris,Slide,22 June 2012,2012-06-22,1,1
SKM-08/2012-13,Sikkim,North Sikkim,Tung Slide,On Mangan-Chungthang road,27.56111111,88.65452778,Debris,Slide,22 June 2012,2012-06-22,1,1
SKM-09/2012-13,Sikkim,North Sikkim,Rubom Slide,On Mangan-Chungthang road,27.52838889,88.59972222,Debris,Slide,22 June 2012,2012-06-22,1,1
SKM-10/2012-13,Sikkim,North Sikkim,Singik Slide,On Mangan-Chungthang road,27.56941667,88.65272222,Debris,Slide,22 June 2012,2012-06-22,1,1
SKM-11/2012-13,Sikkim,North Sikkim,Deodara Slide,On Mangan-Chungthang road,27.51491667,88.56313889,Debris,Slide,17 July 2012,2012-07-17,1,1
TR/GMT/79 M10/2018/006,Tripura,Gomati,Taidu landslide (opposite to Taidu Police Station),"Near Taidu Police Station, Ompi Block",23.793444,91.552056,Earth/Soil,Slide,20 May 2018,2018-05-20,1,1
TR/GMT/79M10/2018/007,Tripura,Gomati,Taidu Police Station landslide,"Taidu, Ompi",23.794253,91.553533,Earth/Soil,Slide,20 May 2018,2018-05-20,1,1
TRI/TRI-W/79M05/2009/G-1,Tripura,West Tripura,Kayerpur Landslide,,23.85417,91.34361,Debris,Slide,10 July 2009,2009-07-10,1,1
TR/GMT/79 M09/2018/008,Tripura,Gomati,Sontang no.3 landslide,"Palku, Ompi Block",23.980333,91.475278,Earth/Soil,Slide,18 May 2018,2018-05-18,1,1
TR/WTR/79 M09/2018/004,Tripura,West Tripura,Narengbari landslide,"Champabari, Belbari Block (formerly part of Jirania block)",24.003417,91.45425,Debris,Slide,18 May 2018,2018-05-18,1,1
TR/WTR/79M05/2018/003,Tripura,West Tripura,Belfung landslide,"Kumbukcherra area, Hezamara Block",24.325444,94.232583,Earth/Soil,Slide,18 May 2018,2018-05-18,1,1
TR/WTR/78P08/2018/001,Tripura,West Tripura,Birchandrapara landslide,"Subolsingh, Hezamara R.D. Block",24.781694,93.776056,Earth/Soil,Slide,18 May 2018,2018-05-18,1,1
TR-3/09-10,Tripura,Dhalai,Datarampara slide,,23.9,91.75622222,Debris,Slide,3 June 2010,2010-06-03,1,1
Tripura/Dhalai/78P16/2017/002,Tripura,Dhalai,Vidya Mohan Para landslide 2,West Lambuchhara (~4.5 km from Khowai-Kamalpur State Highway),24.16966667,91.76686111,Debris,Slide,3 June 2017,2017-06-03,1,1
7454,Tripura,West Tripura,Badharghat,Near hill slope behind residential area,23.802772,91.272189,Rock,Slide,30 May 2026,2026-05-30,1,1
