slide_no,state,district,slide_name,nh_sh_location,latitude,longitude,material,movement_type,history,event_date,landslide,label,lat_grid,lon_grid,historical_landslide_density,elevation_m,slope_deg,aspect_deg,rain_30min,rain_3h,rain_24h,rain_24h_mm,rain_72h_mm,rain_7d,rain_7d_mm,satellite_change_proxy,rainfall_1d,rainfall_available,year,month,day_of_year,monsoon_season
ASM/HLKD/83D10/2016/58,Assam,Hailakandi,Terracherra Slide,Terracherra area,24.478972,92.682861,Debris,Slide,17 May 2016,2016-05-17,1,1,24.4,92.6,0.83,56.0,7.44,204.5,0.3,5.5,23.0,23.0,36.6,81.8,81.8,0.45,23.0,1,2016,5,138,0
ASM/HLKD/83D10/2016/59,Assam,Hailakandi,Lalcherra Slide (Rabinala),Near Patakhouri Durga Mandir Under Bilaipur Forest Village; Lala Police Station,24.511306,92.693028,Debris,Slide,18 May 2016,2016-05-18,1,1,24.5,92.6,4.17,39.0,1.75,143.9,0.45,4.0,28.0,28.0,56.5,109.8,109.8,0.45,28.0,1,2016,5,139,0
ASM/HLKD/83D10/2016/60,Assam,Hailakandi,Ramchandi (Koyabasti),Ramchandi area,24.515944,92.540889,Earth/Soil,Slide,18 May 2016,2016-05-18,1,1,24.5,92.5,1.67,41.0,3.88,323.3,0.5,3.5,31.7,31.7,70.4,125.4,125.4,0.45,31.7,1,2016,5,139,0
AS/CAC/83D10/2009-10/AS-1,Assam,Cachar,Palgana slide,Paglagaon (near Mursabarti) under Baghbahar GP part 3,24.57025,92.685,Debris,Slide,02 April 2010,2010-04-02,1,1,24.5,92.6,4.17,43.0,6.74,15.5,0.0,0.0,8.6,8.6,200.0,314.8,314.8,0.45,8.6,1,2010,4,92,0
ASM/CCR/83H2/2016/66,Assam,Cachar,Khasiapunji slide,Khasiapunji village,24.645417,93.005361,Debris,Slide,31 August 2016,2016-08-31,1,1,24.6,93.0,0.83,359.0,22.85,149.1,0.25,1.0,8.7,8.7,18.2,48.2,48.2,0.45,8.7,1,2016,8,244,1
ASM/KRGJ/83D06/2016/61,Assam,Karimganj,Rakhalbasti,"Rakhalbasti, near Sonaicherra TG. Under Ram Krishna",24.659389,92.497361,Earth/Soil,Slide,18 May 2016,2016-05-18,1,1,24.6,92.4,0.83,24.0,2.57,174.2,0.35,4.3,55.8,55.8,119.8,190.8,190.8,0.45,55.8,1,2016,5,139,0
ASM/HLK/83D10/2020/004,Assam,Hailakandi,Mohanpur Grant Slide 2,"Mohanpur Grant, Hailakandi Circle.",24.70656,92.65008,Debris,Slide,02 June 2020,2020-06-02,1,1,24.7,92.6,2.5,47.0,5.77,78.7,0.35,1.5,15.8,15.8,35.2,228.4,228.4,0.45,15.8,1,2020,6,154,1
AS/KAR/83D06/2009-10/AS-2,Assam,Karimganj,Rongpur slide,Rongpur Village,24.710833,92.481167,Debris,Slide,03 June 2010,2010-06-03,1,1,24.7,92.4,2.5,34.0,11.5,228.8,0.0,0.1,5.7,5.7,36.4,203.3,203.3,0.45,5.7,1,2010,6,154,1
ASM/CHR/83D14/2020/0002,Assam,Cachar,Govindnagar Slide,"Govindnagar Pt. II, Sonai",24.72192,92.90381,Debris,Slide,05 June 2020,2020-06-05,1,1,24.7,92.9,0.83,35.0,6.84,214.3,0.05,0.1,3.5,3.5,35.3,85.0,85.0,0.45,3.5,1,2020,6,157,1
ASM/HLK/83D10/2020/005,Assam,Hailakandi,Mohanpur Grant Slide 3,"Mohanpur Grant, Hailakandi Circle.",24.73117,92.64739,Debris,Slide,02 June 2020,2020-06-02,1,1,24.7,92.6,2.5,24.0,1.65,290.2,0.35,1.5,15.8,15.8,35.2,228.4,228.4,0.45,15.8,1,2020,6,154,1
ASM/KGJ/83D05/2020/0008,Assam,Karimganj,Karimpur Slide 2,"Karimpur, Nilam Bazar",24.78002778,92.45372222,Earth/Soil,Slide,02 June 2020,2020-06-02,1,1,24.7,92.4,2.5,52.0,3.11,84.8,0.35,2.0,21.3,21.3,39.1,231.3,231.3,0.45,21.3,1,2020,6,154,1
ASM/KGJ/83D05/2020/007,Assam,Karimganj,Karimpur Slide 1,"Karimpur, Nilam Bazar",24.78380556,92.45563889,Earth/Soil,Slide,02 June 2020,2020-06-02,1,1,24.7,92.4,2.5,17.0,6.85,214.3,0.35,2.0,21.3,21.3,39.1,231.3,231.3,0.45,21.3,1,2020,6,154,1
ASM/HLK/83D09/2020/006,Assam,Hailakandi,Chandipur Grant Slide,"Bowarthar, Chandipur, Algapur Circle.",24.79489,92.55506,Debris,Slide,02 June 2020,2020-06-02,1,1,24.7,92.5,0.83,43.0,11.13,227.1,0.3,1.5,20.5,20.5,39.2,251.3,251.3,0.45,20.5,1,2020,6,154,1
ASM/CHR/83H01/2020/001,Assam,Cachar,Kanakpur Slide,"Kanakpur Pt. III, Lakhipur, Joypur",24.92097,93.07306,Earth/Soil,Slide,02 June 2020,2020-06-02,1,1,24.9,93.0,3.33,64.0,7.78,261.6,0.35,1.5,47.4,47.4,70.0,307.2,307.2,0.45,47.4,1,2020,6,154,1
AS/NC/83C16/2009-10/AS-4,Assam,Dima Hasao,Mailongdisa-Harangajao slide,Between Mailongdisa and Harangajao Railway stations. CHainage:128.400 km to 128.600 km,25.121,92.915028,Debris,Slide,20 June 2010,2010-06-20,1,1,25.1,92.9,17.5,319.0,12.23,93.9,3.7,23.8,69.4,69.4,100.0,177.2,177.2,0.45,69.4,1,2010,6,171,1
AS/NC/83C16/2009-10/AS-5,Assam,Dima Hasao,Mailongdisa-Harangajao-2 slide,Between Mailongdisa and Harangajao railway station (Chainage: 130.100 Km to 130.400 Km),25.124306,92.904278,Debris,Slide,02 April 2010,2010-04-02,1,1,25.1,92.9,17.5,301.0,23.67,58.5,0.15,0.4,11.5,11.5,168.4,287.1,287.1,0.45,11.5,1,2010,4,92,0
AS/NC/83C16/2009-10/AS-3,Assam,Dima Hasao,Jatinga-Longrangajao slide,Between Jatinga and Longrangajao Railway stations (Chainage:120.100 km to 120.400 km),25.124583,92.989111,Debris,Slide,16 June 2010,2010-06-16,1,1,25.1,92.9,17.5,545.0,24.29,81.1,0.1,0.2,9.6,9.6,50.0,111.5,111.5,0.45,9.6,1,2010,6,167,1
AS/DH/83C16/2018/002,Assam,Dima Hasao,Jatinga Lampur landslide.,Between Jatinga Lampur Railway Station and Harangajao Railway Station.,25.146306,93.942167,Debris,Slide,14 June 2018,2018-06-14,1,1,25.1,93.9,4.17,1287.0,16.12,86.1,0.45,2.3,29.8,29.8,233.0,346.6,346.6,0.45,29.8,1,2018,6,165,1
AS/DH/83G04/2018/003,Assam,Dima Hasao,Phiding slide,"Near Phiding Railway Station. Between Mahur and Phiding RS, NFR.",25.224278,93.222861,Debris,Slide,14 June 2018,2018-06-14,1,1,25.2,93.2,13.33,620.0,14.69,188.9,3.5,12.7,63.8,63.8,290.0,320.6,320.6,0.45,63.8,1,2018,6,165,1
AS/NC/83G04/2009-10/AS-6,Assam,Dima Hasao,Mahur-Wadringdisa slide,,25.229556,93.1556,Debris,Slide,02 April 2010,2010-04-02,1,1,25.2,93.1,13.33,477.0,13.66,60.6,0.0,0.0,2.7,2.7,16.2,90.5,90.5,0.45,2.7,1,2010,4,92,0
AS/DH/83G04/2018/004,Assam,Dima Hasao,Dautohaja Tunnel No. 3 slide.,"Between Phiding and Dautohaja Railway Station, NFR.",26.098167,91.881278,Debris,Slide,14 June 2018,2018-06-14,1,1,26.0,91.8,14.17,83.0,2.7,343.3,0.0,0.0,10.1,10.1,26.1,59.7,59.7,0.45,10.1,1,2018,6,165,1
AS/DH/83C16/2018/001,Assam,Dima Hasao,Bandarkhal landslide.,Between NFR Bridge No. 305 and Tunnel No. 19 (~2 km SW of Bandarkhal Railway Station).,26.11,94.76,Debris,Slide,14 June 2018,2018-06-14,1,1,26.1,94.7,0.83,1025.0,9.7,151.7,0.6,2.2,16.1,16.1,159.6,233.9,233.9,0.45,16.1,1,2018,6,165,1
AS/KRP/78N16/2018/001,Assam,Kamrup,Shankardev Nagar slide,NH37 towards Shillong.,26.112667,91.853889,Debris,Slide,24 August 2018,2018-08-24,1,1,26.1,91.8,17.5,190.0,12.43,61.5,0.05,0.3,17.2,17.2,41.4,97.3,97.3,0.45,17.2,1,2018,8,236,1
ASM/KMP/78N16/2017/03,Assam,Kamrup (Metro),Anandapur-Gangapur slide,Hengrabari,26.15428,91.79264,Debris,Slide,13 June 2017,2017-06-13,1,1,26.1,91.7,52.5,73.0,12.2,183.6,0.0,0.0,68.7,68.7,118.7,123.6,123.6,0.45,68.7,1,2017,6,164,1
ASM/KMP/78N16/2017/05,Assam,Kamrup (Metro),Dakshin Saraniya-1,Ganpat Mandir road,26.17672,91.76525,Debris,Slide,13 June 2017,2017-06-13,1,1,26.1,91.7,52.5,70.0,9.95,193.4,0.0,0.0,68.7,68.7,118.7,123.6,123.6,0.45,68.7,1,2017,6,164,1
ASM/KMP/78N16/2017/0004,Assam,Kamrup (Metro),Dakshin Saraniya-2,Ganpat Mandir road,26.17756,91.76589,Debris,Slide,13 June 2017,2017-06-13,1,1,26.1,91.7,52.5,98.0,19.07,219.7,0.0,0.0,68.7,68.7,118.7,123.6,123.6,0.45,68.7,1,2017,6,164,1
ASM/KMP/78N16/2017/06,Assam,Kamrup (Metro),Bonda-Hajongdisa slide,Tuinang colony,26.18842,91.85125,Earth/Soil,Slide,16 June 2017,2017-06-16,1,1,26.1,91.8,17.5,155.0,26.35,71.1,1.35,4.8,44.0,44.0,53.0,174.5,174.5,0.45,44.0,1,2017,6,167,1
ASM/KAM/78N16/2017/08,Assam,Kamrup (Metro),Bonda colony slide no. 2,"Babubasti–Panikhaiti road section/Bonda colony, Amgaon",26.19081,91.84528,Earth/Soil,Slide,04 July 2017,2017-07-04,1,1,26.1,91.8,17.5,59.0,9.02,191.5,0.3,2.1,36.8,36.8,130.6,253.1,253.1,0.45,36.8,1,2017,7,185,1
AS/KRP/78N16/2018/003,Assam,Kamrup,Hastinapur landslide,Hastinapur Near Jorabat opposite of Cow bazaar,26.195306,91.765639,Debris,Slide,24 August 2018,2018-08-24,1,1,26.1,91.7,52.5,94.0,3.53,347.4,0.0,0.0,31.6,31.6,74.5,118.5,118.5,0.45,31.6,1,2018,8,236,1
AS/KAM/78N16/2014/05,Assam,Kamrup (Metro),Karghuli,Chandmari Road,26.19622,91.76336,Earth/Soil,Flow,23 March 2011,2011-03-23,1,1,26.1,91.7,52.5,91.0,5.94,195.1,0.0,0.0,0.0,0.0,6.0,64.2,64.2,0.45,0.0,1,2011,3,82,0
AS/NC/83G04/2009/B-5,Assam,Dima Hasao,Phaiding Landslide,,26.20261,91.14528,Debris,Slide,20 August 2009,2009-08-20,1,1,26.2,91.1,0.83,37.0,0.86,0.0,0.1,0.6,5.1,5.1,34.4,125.8,125.8,0.45,5.1,1,2009,8,232,1
ASM/KAM/78N16/2017/09,Assam,Kamrup (Metro),Panikhaiti–Bongaon slide,"Panikhaiti, Bongaon, near railway line.",26.20536,91.86497,Debris,Slide,03 July 2017,2017-07-03,1,1,26.2,91.8,0.83,81.0,13.63,65.5,2.8,13.0,66.9,66.9,146.9,231.3,231.3,0.45,66.9,1,2017,7,184,1
ASM/KAM/78N16/2017/07,Assam,Kamrup (Metro),Bonda colony slide no. 1,"Babubasti–Panikhaiti road section/Bonda colony, Amgaon",26.37456,91.84561,Earth/Soil,Slide,04 July 2017,2017-07-04,1,1,26.3,91.8,0.83,54.0,3.54,215.6,0.4,6.3,41.6,41.6,116.3,269.3,269.3,0.45,41.6,1,2017,7,185,1
AS/UDA/83B01/2021/02,Assam,Udalguri,Udalguri Slope Failure (AS/UDA/83B01/2021/02),,26.88969,92.12266,Rock-cum-Debris,Fall,28 April 2021,2021-04-28,1,1,26.8,92.1,1.67,228.0,25.35,101.7,0.0,0.0,0.1,0.1,2.1,6.6,6.6,0.45,0.1,1,2021,4,118,0
AS/UDA/83B01/2021/01,Assam,Udalguri,Udalguri Slope Failure (AS/UDA/83B01/2021/01),,26.89074,92.12068,Rock-cum-Debris,Fall,28 April 2021,2021-04-28,1,1,26.8,92.1,1.67,211.0,22.98,154.9,0.0,0.0,0.1,0.1,2.1,6.6,6.6,0.45,0.1,1,2021,4,118,0
AS/KAM(M)/76N16/2024/2,Assam,Kamrup (Metro),Garo Basti Slide,"Garo Basti Slide, 8th Mile, Guwahati",26.11464,91.83886,Earth/Soil,Slide,05 July 2024,2024-07-05,1,1,26.1,91.8,17.5,165.0,8.55,216.8,0.55,3.6,17.4,17.4,63.7,274.8,274.8,0.45,17.4,1,2024,7,187,1
AS/K(M)/76N16/2024/01,Assam,Kamrup (Metro),Rudra Nagar Slide,"Rudra Nagar, Near Rajohuwa Namghar, Chandmari",26.19044,91.77502,Earth/Soil,Slide,24 May 2024,2024-05-24,1,1,26.1,91.7,52.5,111.0,9.0,104.7,0.0,0.1,2.5,2.5,3.7,49.2,49.2,0.45,2.5,1,2024,5,145,0
ASM/DH/83G04/2022-23/014,Assam,Dima Hasao,South Bagetar Slide 1,South Bagetar,25.16736,93.00953,Debris,Slide,15 May 2022,2022-05-15,1,1,25.1,93.0,118.33,636.0,25.05,105.4,0.25,0.6,12.2,12.2,61.3,119.3,119.3,0.45,12.2,1,2022,5,135,0
ASM/DH/83G04/2022-23/017,Assam,Dima Hasao,Kana Basti Slide 2,"Kana Basti, Haflong",25.16023,93.01084,Debris,Slide,14 May 2022,2022-05-14,1,1,25.1,93.0,118.33,590.0,22.49,166.8,0.05,0.5,30.9,30.9,67.9,121.4,121.4,0.45,30.9,1,2022,5,134,0
ASM/DH/83G04/2022-23/015,Assam,Dima Hasao,South Bagetar Slide 2,South Bagetar,25.16579,93.00948,Debris,Slide,14 May 2022,2022-05-14,1,1,25.1,93.0,118.33,577.0,17.17,97.4,0.05,0.5,30.9,30.9,67.9,121.4,121.4,0.45,30.9,1,2022,5,134,0
ASM/DH/83G04/2022-23/016,Assam,Dima Hasao,Kana Basti Slide 1,"Kana Basti, Haflong",25.15859,93.01292,Debris,Slide,14 May 2022,2022-05-14,1,1,25.1,93.0,118.33,581.0,15.87,122.9,0.05,0.5,30.9,30.9,67.9,121.4,121.4,0.45,30.9,1,2022,5,134,0
AS/KAMRUP(M)/78N16/2014- 15/0006,Assam,Kamrup (Metro),"Dakhingaon, slide.",Near Kahilipara-Ganesh mandir road.,26.13441667,91.74875,Debris,Flow,22 September 2014,2014-09-22,1,1,26.1,91.7,52.5,102.0,11.49,274.2,3.0,18.2,55.8,55.8,142.1,184.5,184.5,0.45,55.8,1,2014,9,265,1
AS/KAMRUP(M)/78N16/2014- 15/0007,Assam,Kamrup (Metro),Ganeshpur-Lalmati Slide,"About 500 m south of Game village, Lalmati, NH-37",26.10711111,91.78916667,Earth/Soil,Flow,23 September 2014,2014-09-23,1,1,26.1,91.7,52.5,71.0,5.91,337.0,2.35,11.3,37.9,37.9,104.6,209.7,209.7,0.45,37.9,1,2014,9,266,1
AS/KAMRUP/78N12/2015- 16/0004,Assam,Kamrup,Jorabat-Khanapara,"About 200 m North of NH-31, In front of IIT(G) approach",26.09961111,91.87811111,Earth/Soil,Slide,25 September 2014,2014-09-25,1,1,26.0,91.8,14.17,84.0,4.9,86.6,0.05,0.5,12.1,12.1,86.8,285.8,285.8,0.45,12.1,1,2014,9,268,1
ASM/DH/83G04/2022-23/027,Assam,Dima Hasao,Mahadev Tilla Slide 1,"Mahadev Tilla, Haflong",25.15556,93.021583,Debris,Slide,14 May 2022,2022-05-14,1,1,25.1,93.0,118.33,601.0,11.93,106.4,0.05,0.5,30.9,30.9,67.9,121.4,121.4,0.45,30.9,1,2022,5,134,0
ASM/DH/83G04/2022-23/026,Assam,Dima Hasao,Lower Songpijang Slide 1,"Lower Sonpijang, Haflong",25.158138,93.024778,Earth/Soil,Slide,15 May 2022,2022-05-15,1,1,25.1,93.0,118.33,554.0,9.11,353.5,0.25,0.6,12.2,12.2,61.3,119.3,119.3,0.45,12.2,1,2022,5,135,0
ASM/DH/83G4/ PD/2016/55,Assam,Dima Hasao (N.C. Hills),Nutan Lampur slide -1,"NH 54, near Nutan Lampur",25.24194444,93.14319444,Debris,Slide,22 May 2016,2016-05-22,1,1,25.2,93.1,13.33,628.0,8.18,313.9,0.0,0.0,23.1,23.1,90.8,176.0,176.0,0.45,23.1,1,2016,5,143,0
ASM/DH/83G4/ PD/2016/04,Assam,Dima Hasao (N.C. Hills),Mupa – Langting RF Rock slide,"NH 54, Mupa – Langting Reserved Forest,",25.41733333,93.12908333,Rock,Slide,22 May 2016,2016-05-22,1,1,25.4,93.1,4.17,369.0,14.62,229.5,0.0,0.0,18.7,18.7,79.9,165.8,165.8,0.45,18.7,1,2016,5,143,0
ASM/DH/83G04/2022-23/025,Assam,Dima Hasao,Tularam Raji Slide 2,"Tularam Raji, Haflong",25.16804,93.02503,Debris,Slide,14 May 2022,2022-05-14,1,1,25.1,93.0,118.33,479.0,19.24,356.3,0.05,0.5,30.9,30.9,67.9,121.4,121.4,0.45,30.9,1,2022,5,134,0
ASM/DH/83G04/2022-23/044,Assam,Dima Hasao,Tularam Raji Slide 3,"Tularam Raji, Haflong",25.168083,93.024922,Earth/Soil,Slide,14 May 2022,2022-05-14,1,1,25.1,93.0,118.33,502.0,19.39,351.9,0.05,0.5,30.9,30.9,67.9,121.4,121.4,0.45,30.9,1,2022,5,134,0
ASM/DH/83G4/ PD/2016/56,Assam,Dima Hasao (N.C. Hills),Nutan Lampur slide -2,"NH 54, near Nutan Lampur,",25.27480556,93.14555556,Rock,Slide,22 May 2016,2016-05-22,1,1,25.2,93.1,13.33,507.0,8.28,7.1,0.0,0.0,23.1,23.1,90.8,176.0,176.0,0.45,23.1,1,2016,5,143,0
ASM/DH/83G4/ PD/2016/53,Assam,Dima Hasao (N.C. Hills),Mahur railway station slide,"Mahur railway station, Haflong, Dima Hasao (NC Hills)",25.18955556,93.09641667,Debris,Slide,22 May 2016,2016-05-22,1,1,25.1,93.0,118.33,549.0,19.43,103.9,0.0,0.0,21.3,21.3,107.5,247.2,247.2,0.45,21.3,1,2016,5,143,0
ASM/KAMRUP(M)/78N16/2016- 17/62,Assam,Kamrup (Metro),Piyali Phukan Nagar Slide,"Njiura Par Path, Piyali Phukan Nagar, Guwahati.",26.19552778,91.78055556,Earth/Soil,Slide,22 June 2016,2016-06-22,1,1,26.1,91.7,52.5,180.0,6.15,32.9,0.1,0.8,11.7,11.7,18.7,151.3,151.3,0.45,11.7,1,2016,6,174,1
ASM/DH/83G04/2022-23/032,Assam,Dima Hasao,Moulhoi Slide 3,Moulhoi village,25.17483,93.019861,Debris,Slide,15 May 2022,2022-05-15,1,1,25.1,93.0,118.33,654.0,30.43,335.1,0.25,0.6,12.2,12.2,61.3,119.3,119.3,0.45,12.2,1,2022,5,135,0
ASM/DH/83G04/2022-23/033,Assam,Dima Hasao,Mahadev Tilla slide 2,Mahadev Tilla village,25.1568056,93.019722,Debris,Slide,13 May 2022,2022-05-13,1,1,25.1,93.0,118.33,673.0,23.57,70.0,0.35,1.6,18.2,18.2,64.3,91.0,91.0,0.45,18.2,1,2022,5,133,0
ASM/DH/83G04/2022-23/047,Assam,Dima Hasao,Natun Basti Slide 5,"Natun Basti, Haflong",25.162667,93.009806,Debris,Slide,14 May 2022,2022-05-14,1,1,25.1,93.0,118.33,538.0,12.1,176.4,0.05,0.5,30.9,30.9,67.9,121.4,121.4,0.45,30.9,1,2022,5,134,0
ASM/DH/83G4/ PD/2016 /01,Assam,Dima Hasao (N.C. Hills),Migrendisa slide,"Near Migrendisa Railway Station, Migrendisa.",25.17986111,93.07077778,Debris,Slide,17 May 2016,2016-05-17,1,1,25.1,93.0,118.33,507.0,15.0,43.6,0.6,3.3,12.4,12.4,46.0,121.6,121.6,0.45,12.4,1,2016,5,138,0
ASM/DH/83G4/PD/2016/02,Assam,Dima Hasao (N.C. Hills),New Haflong R. S slide(1),West slope of New Haflong Railway Station.,25.14677778,93.03097222,Debris,Slide,17 May 2016,2016-05-17,1,1,25.1,93.0,118.33,470.0,30.05,8.5,0.6,3.3,12.4,12.4,46.0,121.6,121.6,0.45,12.4,1,2016,5,138,0
ASM/DH/83G4/ PD/2016/25,Assam,Dima Hasao,Mahadev Tila slide-2,"Haflong town, Dima Hasao (NC Hills)",25.15561111,93.02222222,Debris,Slide,17 May 2016,2016-05-17,1,1,25.1,93.0,118.33,604.0,2.0,180.0,0.6,3.3,12.4,12.4,46.0,121.6,121.6,0.45,12.4,1,2016,5,138,0
ASM/DH/83G4/PD/2016/26,Assam,Dima Hasao,Haflong-Jatinga road section slide-01,"Haflong town, Dima Hasao (NC Hills)",25.15658333,93.01961111,Debris,Slide,22 May 2016,2016-05-22,1,1,25.1,93.0,118.33,622.0,22.36,94.9,0.0,0.0,21.3,21.3,107.5,247.2,247.2,0.45,21.3,1,2016,5,143,0
ASM/DH/83G4/ PD/2016/29,Assam,Dima Hasao (N.C. Hills),Haflong-Jatinga road section slide-04,"Haflong town,",25.15713889,93.01719444,Debris,Slide,27 May 2016,2016-05-27,1,1,25.1,93.0,118.33,658.0,20.35,106.4,0.0,0.0,5.2,5.2,18.1,141.3,141.3,0.45,5.2,1,2016,5,148,0
ASM/DH/83G4/ PD/2016/42,Assam,Dima Hasao (N.C. Hills),96 km Migrendisa slide,"96 km, Migrendisa – Haflong rail section, near Diyung bridge.",25.164,93.04019444,Debris,Slide,22 May 2016,2016-05-22,1,1,25.1,93.0,118.33,450.0,25.32,88.8,0.0,0.0,21.3,21.3,107.5,247.2,247.2,0.45,21.3,1,2016,5,143,0
ASM/DH/83G4/PD/2016/43,Assam,Dima Hasao (N.C. Hills),New Haflong R.S. slide - (2),New Haflong Railway Station,25.14872222,93.03191667,Debris,Creep,17 May 2016,2016-05-17,1,1,25.1,93.0,118.33,457.0,17.87,28.4,0.6,3.3,12.4,12.4,46.0,121.6,121.6,0.45,12.4,1,2016,5,138,0
ASM/DH/83G4/PD/2016/44,Assam,Dima Hasao (N.C. Hills),New Haflong R. S slide(3),"New Haflong Railway Station, Dima Hasao (NC Hills)",25.14525,93.02916667,Debris,Slide,17 May 2016,2016-05-17,1,1,25.1,93.0,118.33,536.0,25.98,20.0,0.6,3.3,12.4,12.4,46.0,121.6,121.6,0.45,12.4,1,2016,5,138,0
ASM/DH/83G4/ PD/2016/24,Assam,Dima Hasao,Mahadev Tilla-1,"Mahadev Tilla, Haflong,Dima Hasao (NC Hills)",25.15572222,93.02277778,Earth/Soil,Slide,22 May 2016,2016-05-22,1,1,25.1,93.0,118.33,608.0,12.98,275.0,0.0,0.0,21.3,21.3,107.5,247.2,247.2,0.45,21.3,1,2016,5,143,0
ASM/DH/83G4/ PD/2016 /35,Assam,Dima Hasao,Haflong – Gunjung road section soil creep-6,Haflong – Gunjung road section,25.23230556,93.03333333,Earth/Soil,Creep,17 May 2016,2016-05-17,1,1,25.2,93.0,18.33,551.0,24.65,167.5,0.6,3.3,12.4,12.4,46.0,121.6,121.6,0.45,12.4,1,2016,5,138,0
ASM/DH/83G4/ PD/2016/07,Assam,Dima Hasao (N.C. Hills),Haflong – Gunjung slide-1,Near Gunjung village road section,25.20552778,93.02013889,Debris,Slide,22 May 2016,2016-05-22,1,1,25.2,93.0,18.33,352.0,14.73,112.3,0.0,0.0,21.3,21.3,107.5,247.2,247.2,0.45,21.3,1,2016,5,143,0
ASM/DH/83G4/ PD/2016/31,Assam,Dima Hasao,Haflong – Gunjung road section slide- 02,Haflong – Gunjung road section,25.24597222,93.02827778,Debris,Slide,22 May 2016,2016-05-22,1,1,25.2,93.0,18.33,603.0,20.48,147.1,0.0,0.0,21.3,21.3,107.5,247.2,247.2,0.45,21.3,1,2016,5,143,0
AS/K(M)/76N16/2024/01,Assam,Kamrup (Metro),Rudra Nagar Slide,"Rudra Nagar, Near Rajohuwa Namghar, Chandmari",26.19052,91.77499,Earth/Soil,Slide,24 May 2024,2024-05-24,1,1,26.1,91.7,52.5,111.0,9.0,104.7,0.0,0.1,2.5,2.5,3.7,49.2,49.2,0.45,2.5,1,2024,5,145,0
ASM/DH/83G4/ PD/2016/30,Assam,Dima Hasao,Gadhi Rojai Slide,"Haflong town, Dima Hasao (NC Hills)",25.15933333,93.017,Earth/Soil,Slide,22 May 2016,2016-05-22,1,1,25.1,93.0,118.33,679.0,4.21,281.7,0.0,0.0,21.3,21.3,107.5,247.2,247.2,0.45,21.3,1,2016,5,143,0
ASM/DH/83G4/ PD/2016/28,Assam,Dima Hasao,Haflong-Jatinga road section slide-03,"Haflong town, Dima Hasao (NC Hills)",25.15736111,93.01608333,Rock,Slide,22 May 2016,2016-05-22,1,1,25.1,93.0,118.33,647.0,21.01,117.0,0.0,0.0,21.3,21.3,107.5,247.2,247.2,0.45,21.3,1,2016,5,143,0
ASM/DH/83G4/ PD/2016/33,Assam,Dima Hasao,Haflong – Gunjung road section slide- 04,Haflong – Gunjung road section,25.23880556,93.03219444,Rock,Slide,22 May 2016,2016-05-22,1,1,25.2,93.0,18.33,550.0,17.2,150.3,0.0,0.0,21.3,21.3,107.5,247.2,247.2,0.45,21.3,1,2016,5,143,0
ASM/DH/83G4/ PD/2016/40,Assam,Dima Hasao (N.C. Hills),Lungkok slide (Haflong – Gunjung road 11),"-Haflong – Gunjung road section, Lungkok village, Lower Haflong",25.19669444,93.01858333,Rock,Slide,22 May 2016,2016-05-22,1,1,25.1,93.0,118.33,433.0,17.5,306.9,0.0,0.0,21.3,21.3,107.5,247.2,247.2,0.45,21.3,1,2016,5,143,0
ASM/DH/83G4/ PD/2016/41,Assam,Dima Hasao (N.C. Hills),Lower Haflong slide (Haflong – Gunjung road-12),"Haflong – Gunjung road section, Lower Haflong",25.18844444,93.01966667,Rock,Slide,22 May 2016,2016-05-22,1,1,25.1,93.0,118.33,506.0,9.32,316.7,0.0,0.0,21.3,21.3,107.5,247.2,247.2,0.45,21.3,1,2016,5,143,0
ASM/DH/83G4/ PD /2016/03,Assam,Dima Hasao (N.C. Hills),Heuwangberam subsidence zone-1,"NH 54, Heuwangberam,",25.20738889,93.12277778,Debris,Subsidence,20 August 2014,2014-08-20,1,1,25.2,93.1,13.33,673.0,12.08,146.8,0.0,0.0,1.4,1.4,8.2,85.8,85.8,0.45,1.4,1,2014,8,232,1
ASM/DH/83G4/ PD/2016/10,Assam,Dima Hasao,N.D Raji.-1,"N.D Raji village, Haflong, Dima Hasao (NC Hills)",25.17597222,93.02016667,Debris,Slide,22 May 2016,2016-05-22,1,1,25.1,93.0,118.33,577.0,11.38,336.2,0.0,0.0,21.3,21.3,107.5,247.2,247.2,0.45,21.3,1,2016,5,143,0
ASM/DH/83G4/ PD/2016/11,Assam,Dima Hasao,N.D Raji (Hamar)-2,"N.D Raji (Hamar)village, Haflong, Dima Hasao (NC Hills)",25.17505556,93.02041667,Debris,Slide,22 May 2016,2016-05-22,1,1,25.1,93.0,118.33,593.0,20.43,337.2,0.0,0.0,21.3,21.3,107.5,247.2,247.2,0.45,21.3,1,2016,5,143,0
ASM/DH/83G4/ PD/2016/12,Assam,Dima Hasao,"Huonveng, N.D Raji-3","N.D Raji (Hmar)village, Haflong, Dima Hasao (NC Hills)",25.17188889,93.02061111,Debris,Slide,22 May 2016,2016-05-22,1,1,25.1,93.0,118.33,616.0,26.06,334.9,0.0,0.0,21.3,21.3,107.5,247.2,247.2,0.45,21.3,1,2016,5,143,0
ASM/DH/83G4/ PD/2016/13,Assam,Dima Hasao,Songpiang-1,"Songpiang village, Haflong, Dima Hasao (NC Hills)",25.16563889,93.02544444,Debris,Fall,22 May 2016,2016-05-22,1,1,25.1,93.0,118.33,515.0,11.96,318.8,0.0,0.0,21.3,21.3,107.5,247.2,247.2,0.45,21.3,1,2016,5,143,0
ASM/DH/83G4/ PD/2016/14,Assam,Dima Hasao,Songpiang-2,"Songpiang village, Haflong, Dima Hasao (NC Hills)",25.16344444,93.02316667,Debris,Slide,22 May 2016,2016-05-22,1,1,25.1,93.0,118.33,601.0,31.46,10.2,0.0,0.0,21.3,21.3,107.5,247.2,247.2,0.45,21.3,1,2016,5,143,0
ASM/DH/83G4/ PD/2016/15,Assam,Dima Hasao,Boro Haflong-1,"Near Boro Haflong village, Haflong, Dima Hasao (NC Hills)",25.15069444,93.02583333,Debris,Slide,22 May 2016,2016-05-22,1,1,25.1,93.0,118.33,667.0,13.81,324.1,0.0,0.0,21.3,21.3,107.5,247.2,247.2,0.45,21.3,1,2016,5,143,0
ASM/DH/83G4/ PD/2016/16,Assam,Dima Hasao,"Vidya Mandir, Boro Haflong-2","Boro Haflong, Haflong, Dima Hasao (NC Hills)",25.14586111,93.02419444,Debris,Slide,22 May 2016,2016-05-22,1,1,25.1,93.0,118.33,702.0,13.18,176.7,0.0,0.0,21.3,21.3,107.5,247.2,247.2,0.45,21.3,1,2016,5,143,0
ASM/DH/83G4/ PD/2016/17,Assam,Dima Hasao,"Near and below Assam rifles camp, Boro Haflong-3.","Boro Haflong, Haflong, Dima Hasao (NC Hills)",25.14041667,93.02038889,Debris,Slide,22 May 2016,2016-05-22,1,1,25.1,93.0,118.33,750.0,13.06,54.6,0.0,0.0,21.3,21.3,107.5,247.2,247.2,0.45,21.3,1,2016,5,143,0
ASM/DH/83G4/ PD/2016/18,Assam,Dima Hasao,Jatinga-Haflong Road section-1.,"Jatinga-Haflong Road section, Haflong, Dima Hasao (NC Hills)",25.13961111,93.01955556,Debris,Slide,22 May 2016,2016-05-22,1,1,25.1,93.0,118.33,754.0,4.39,49.6,0.0,0.0,21.3,21.3,107.5,247.2,247.2,0.45,21.3,1,2016,5,143,0
ASM/DH/83G4/ PD/2016/23,Assam,Dima Hasao,Mahur,"Mahur, Dima Hasao (NC Hills)",25.17638889,93.11613889,Debris,Slide,22 May 2016,2016-05-22,1,1,25.1,93.1,13.33,558.0,10.12,294.7,0.0,0.0,21.3,21.3,107.5,247.2,247.2,0.45,21.3,1,2016,5,143,0
ASM/DH/83G4/ PD/2016/05,Assam,Dima Hasao (N.C. Hills),Khongsai slide-1,"Khongsai village, Haflong,",25.1775,93.02622222,Earth/Soil,Slide,22 May 2016,2016-05-22,1,1,25.1,93.0,118.33,495.0,10.24,67.3,0.0,0.0,21.3,21.3,107.5,247.2,247.2,0.45,21.3,1,2016,5,143,0
ASM/DH/83G4/ PD/2016/08,Assam,Dima Hasao,Khongsai slide- 2,"Khongsai village, Haflong, Dima Hasao (NC Hills)",25.17691667,93.02655556,Earth/Soil,Slide,22 May 2016,2016-05-22,1,1,25.1,93.0,118.33,475.0,10.6,69.8,0.0,0.0,21.3,21.3,107.5,247.2,247.2,0.45,21.3,1,2016,5,143,0
ASM/DH/83G4/ PD/2016/09,Assam,Dima Hasao,Muolhoi /Gilgal,"Muolhoi /Gilgal village, Haflong, Dima Hasao (NC Hills)",25.17702778,93.02088889,Earth/Soil,Slide,22 May 2016,2016-05-22,1,1,25.1,93.0,118.33,571.0,12.75,8.0,0.0,0.0,21.3,21.3,107.5,247.2,247.2,0.45,21.3,1,2016,5,143,0
ASM/DH/83G4/ PD/2016/19,Assam,Dima Hasao,Jatinga-2,"Jatinga, Haflong, Dima Hasao (NC Hills)",25.13447222,93.01897222,Rock,Slide,22 May 2016,2016-05-22,1,1,25.1,93.0,118.33,758.0,12.12,346.7,0.0,0.0,21.3,21.3,107.5,247.2,247.2,0.45,21.3,1,2016,5,143,0
ASM/KAM (M)/78N16/2017/0006,Assam,Kamrup (Metro),"Bonda, Hajongdisa slide",Tuinang colony,26.18841667,91.85125,Earth/Soil,Slide,16 June 2017,2017-06-16,1,1,26.1,91.8,17.5,155.0,26.35,71.1,1.35,4.8,44.0,44.0,53.0,174.5,174.5,0.45,44.0,1,2017,6,167,1
ASM/KAM(M)/78N16/2016/63,Assam,Kamrup (Metro),Mandakini slide,"Mandakini path, Kharghuli",26.19244444,91.76422222,Earth/Soil,Slide,20 July 2016,2016-07-20,1,1,26.1,91.7,52.5,97.0,7.74,263.6,0.85,2.2,19.0,19.0,48.3,163.3,163.3,0.45,19.0,1,2016,7,202,1
ASM/KAM/78N16/2019/03,Assam,Kamrup (Metro),Amiya Nagar Slide,Chandmari,26.19236111,91.78080556,Debris,Subsidence,10 July 2019,2019-07-10,1,1,26.1,91.7,52.5,94.0,22.46,67.9,0.55,4.2,34.9,34.9,128.8,243.8,243.8,0.45,34.9,1,2019,7,191,1
ASM/KAM/78N12/2019/04,Assam,Kamrup (Metro),Bezbaruah Nagar slide,"Nilachalpur, Bezbaruah Nagar",26.15805556,91.71258333,Debris,Slide,16 July 2019,2019-07-16,1,1,26.1,91.7,52.5,77.0,12.12,230.9,0.1,0.2,18.0,18.0,94.4,226.8,226.8,0.45,18.0,1,2019,7,197,1
ASM/West Sarania/78N16/2016- 17/65,Assam,Kamrup (Metro),West Sarania slide (Guwahati),"Pub Sarania hill, Guwahati.",26.1755,91.76175,Debris,Slide,14 July 2016,2016-07-14,1,1,26.1,91.7,52.5,69.0,3.11,95.3,0.75,3.5,10.0,10.0,34.4,145.9,145.9,0.45,10.0,1,2016,7,196,1
ASM/ Nijabara/78N16/2016- 17/64,Assam,Kamrup (Metro),Nijabara slide (Guwahati),"Noonmati, Guwahati.",26.19038889,91.80994444,Earth/Soil,Slide,14 July 2016,2016-07-14,1,1,26.1,91.8,17.5,78.0,1.01,149.1,0.75,3.5,10.0,10.0,34.4,145.9,145.9,0.45,10.0,1,2016,7,196,1
AS/KAMRUP(M)/78N16/2014- 15/0004,Assam,Kamrup (Metro),"Nabragraha Slide, Bapuji Nagar Housing Complex.","SH: Chandmari Road. Localtiy: Bapuji Nagar Housing Complex, Guwahati.",26.18866667,91.76694444,Earth/Soil,Flow,27 June 2014,2014-06-27,1,1,26.1,91.7,52.5,107.0,7.65,166.4,0.2,2.2,7.1,7.1,38.6,223.1,223.1,0.45,7.1,1,2014,6,178,1
AS/KAMRUP(M)/78N16/2014- 15/0005,Assam,Kamrup (Metro),"Karghuli Landslide, Bankuwar Nagar, Guwahati.(Twin Slide in same road)","SH: Chandmari Road. Localtiy: Bankuwar Nagar, Karghuli Pahar, Guwahati.",26.19622222,91.76336111,Earth/Soil,Flow,27 June 2014,2014-06-27,1,1,26.1,91.7,52.5,91.0,5.94,195.1,0.2,2.2,7.1,7.1,38.6,223.1,223.1,0.45,7.1,1,2014,6,178,1
AS/KAM/76N16/2024/1,Assam,Kamrup (Metro),Garo Basti Slide,"Garo Basti Slide, 8th Mile, Guwahati",26.11464,91.83886,Earth/Soil,Slide,05 July 2024,2024-07-05,1,1,26.1,91.8,17.5,165.0,8.55,216.8,0.55,3.6,17.4,17.4,63.7,274.8,274.8,0.45,17.4,1,2024,7,187,1
ASM/KAM (M)/78N16/2017/0004,Assam,Kamrup (Metro),Dakshin Saraniya-2,Ganpat Mandir road,26.17755556,91.76588889,Debris,Slide,13 June 2017,2017-06-13,1,1,26.1,91.7,52.5,98.0,19.07,219.7,0.0,0.0,68.7,68.7,118.7,123.6,123.6,0.45,68.7,1,2017,6,164,1
ASM/KAM (M)/78N16/2017/04,Assam,Kamrup (Metro),Dakshin Saraniya-1,Ganpat Mandir road,26.17672222,91.76525,Debris,Slide,13 June 2017,2017-06-13,1,1,26.1,91.7,52.5,70.0,9.95,193.4,0.0,0.0,68.7,68.7,118.7,123.6,123.6,0.45,68.7,1,2017,6,164,1
ASM/KAM (M)/78N16/2017/0003,Assam,Kamrup (Metro),Anandapur-Gangapur slide,Hengrabari,26.15427778,91.79263889,Debris,Slide,13 June 2017,2017-06-13,1,1,26.1,91.7,52.5,73.0,12.2,183.6,0.0,0.0,68.7,68.7,118.7,123.6,123.6,0.45,68.7,1,2017,6,164,1
AS/KAMRUP (M)/78N16/2014- 15/0002,Assam,Kamrup (Metro),Udayachal Slide.,"Guwahati-Shillong Road (Merges with NH-37), Udayachal pahar, Near Guwahati Medical College.",26.15477778,91.77411111,Earth/Soil,Flow,27 june 2014,2014-06-27,1,1,26.1,91.7,52.5,127.0,14.27,332.6,0.2,2.2,7.1,7.1,38.6,223.1,223.1,0.45,7.1,1,2014,6,178,1
AS/KAMRUP(M)/78N16/2014- 15/0003,Assam,Kamrup (Metro),"Bamunimaidan, South Railway Colony slide.","SH: Zoo Tiniali-Narengi Road. Localtiy: Bamunimaidan, South Railway Colony (Near Hatigar), Guwahati.",26.17672222,91.78672222,Earth/Soil,Flow,27 june 2014,2014-06-27,1,1,26.1,91.7,52.5,60.0,13.97,247.5,0.2,2.2,7.1,7.1,38.6,223.1,223.1,0.45,7.1,1,2014,6,178,1
ASM/KAMRUP(M)/78N16/2016- 17/057,Assam,Kamrup (Metro),Jyotinagar Slide,"Akashi Nagar, Jyoti Nagar, Guwahati.",26.1895,91.78716667,Earth/Soil,Slide,18 April 2016,2016-04-18,1,1,26.1,91.7,52.5,67.0,1.93,41.9,0.2,1.3,15.9,15.9,31.0,45.4,45.4,0.45,15.9,1,2016,4,109,0
ASM/DH/83G3/ PD/2017 /02,Assam,Dima Hasao (N.C. Hills),Mupa slide,"Between Mupa and Dinhaku Railway Station,",25.40586111,93.11097222,Debris,Slide,20 May 2017,2017-05-20,1,1,25.4,93.1,4.17,255.0,7.83,136.5,0.0,0.0,2.0,2.0,13.4,61.2,61.2,0.45,2.0,1,2017,5,140,0
ASM/DH/83G3/ PD/2017 /01,Assam,Dima Hasao (N.C. Hills),Boila bridge slide,"Between Mupa and Dinhaku Bridge approach no102, at km 51/9 as 52/1",25.39155556,93.11316667,Earth/Soil,Subsidence,03 June 2017,2017-06-03,1,1,25.3,93.1,7.5,216.0,0.52,90.0,2.65,5.6,32.2,32.2,163.6,292.0,292.0,0.45,32.2,1,2017,6,154,1
AS/KRP/78N/16/2018/003,Assam,Kamrup,Hastinapur landslide,Hastinapur Near Jorabat opposite of cow bazaar.,26.11266667,91.85388889,Debris,Slide,24 August 2018,2018-08-24,1,1,26.1,91.8,17.5,190.0,12.43,61.5,0.05,0.3,17.2,17.2,41.4,97.3,97.3,0.45,17.2,1,2018,8,236,1
AS/KRP/78N16/2018/002,Assam,Kamrup,Kharghuli slide,"Kharghuli area, near Kharghuli post office in Guwahati.",26.19530556,91.76563889,Debris,Slide,31 August 2018,2018-08-31,1,1,26.1,91.7,52.5,94.0,3.53,347.4,0.05,5.2,18.1,18.1,34.8,178.9,178.9,0.45,18.1,1,2018,8,243,1
AS/KAMRUP/78N12/2015- 16/0001,Assam,Kamrup,Jayguru Kalipahar Slide,"About 200 m North of NH-31, In north of IIT(G) approach",26.21111111,91.68416667,Debris,Fall,01 September 2015,2015-09-01,1,1,26.2,91.6,4.17,59.0,8.3,176.5,0.8,5.4,35.3,35.3,132.0,251.3,251.3,0.45,35.3,1,2015,9,244,1
ASM/KAM/78N16/2020/001,Assam,Kamrup (Metro),Hirimbapur landslide,Kharghuli,26.19330556,91.77725,Debris,Slide,28 June 2020,2020-06-28,1,1,26.1,91.7,52.5,170.0,14.54,76.6,0.15,0.6,29.0,29.0,172.4,219.4,219.4,0.45,29.0,1,2020,6,180,1
ASM/KAM/78N16/2020/002,Assam,Kamrup (Metro),Ambher landslide,12th mile near Jorabat,26.09150556,91.87898611,Earth/Soil,Slide,12 July 2020,2020-07-12,1,1,26.0,91.8,14.17,76.0,9.35,127.5,0.05,0.1,15.5,15.5,70.7,168.3,168.3,0.45,15.5,1,2020,7,194,1
ASM/KAM/78N12/2020/003,Assam,Kamrup (Metro),Gauripur landslide,NH-31,26.21305556,91.6925,Rock,Fall,26 June 2020,2020-06-26,1,1,26.2,91.6,4.17,78.0,18.36,48.3,0.9,4.0,129.1,129.1,173.5,207.7,207.7,0.45,129.1,1,2020,6,178,1
ASM/K(M)/78N16/2022-23/003,Assam,Kamrup (Metro),Salbari,Near Noonmati bazaar road,26.1916,91.80361,Debris,Slide,16 June 2022,2022-06-16,1,1,26.1,91.8,17.5,93.0,8.36,27.4,0.4,5.5,37.6,37.6,96.2,185.2,185.2,0.45,37.6,1,2022,6,167,1
ASM/K(M)/78N16/2022-23/001,Assam,Kamrup (Metro),Upper Luitpur,Upper Luitpur,26.19322,91.77033,Earth/Soil,Slide,16 June 2022,2022-06-16,1,1,26.1,91.7,52.5,159.0,15.29,247.3,0.4,5.5,37.6,37.6,96.2,185.2,185.2,0.45,37.6,1,2022,6,167,1
ASM/K(M)/78N16/2022-23/002,Assam,Kamrup (Metro),Anandanagar,Anandanagar,26.18789,91.79493,Earth/Soil,Slide,17 June 2022,2022-06-17,1,1,26.1,91.7,52.5,102.0,10.96,270.0,0.0,0.2,71.9,71.9,146.0,248.5,248.5,0.45,71.9,1,2022,6,168,1
ASM/DH/83G04/2022-23/023,Assam,Dima Hasao,Disgao Raji Slide,"Disgao Raji, Haflong",25.17136,93.01102,Debris,Slide,14 May 2022,2022-05-14,1,1,25.1,93.0,118.33,704.0,8.34,23.5,0.05,0.5,30.9,30.9,67.9,121.4,121.4,0.45,30.9,1,2022,5,134,0
ASM/DH/83G04/2022-23/030,Assam,Dima Hasao,Merryland Slide,Merryland colony,25.177416,93.00975,Debris,Slide,16 May 2022,2022-05-16,1,1,25.1,93.0,118.33,687.0,8.64,293.2,0.2,1.4,34.7,34.7,77.8,151.0,151.0,0.45,34.7,1,2022,5,136,0
ASM/DH/83G04/2022-23/022,Assam,Dima Hasao,Lower Haflong Slide 2,Lower Haflong,25.18919,93.02118,Debris,Slide,15 May 2022,2022-05-15,1,1,25.1,93.0,118.33,483.0,8.8,344.8,0.25,0.6,12.2,12.2,61.3,119.3,119.3,0.45,12.2,1,2022,5,135,0
AS/KRM/83D06/2014-15/0001,Assam,Karimganj,"Satkaragul (Pathariya Hills RF),","NH-44. Satkaragul Village near Nilambazar, Nilambazar Circle, Karimganj.",24.70619444,92.28997222,Earth/Soil,Flow,10 May 2014,2014-05-10,1,1,24.7,92.2,1.67,44.0,1.99,148.8,1.65,9.0,41.1,41.1,160.9,265.2,265.2,0.45,41.1,1,2014,5,130,0
ASM/DH/83G04/2022-23/021,Assam,Dima Hasao,Moulhoi Slide 1,"Gilgal Veng, Moulhoi, Haflong",25.17623,93.01326,Debris,Slide,14 May 2022,2022-05-14,1,1,25.1,93.0,118.33,680.0,14.17,272.3,0.05,0.5,30.9,30.9,67.9,121.4,121.4,0.45,30.9,1,2022,5,134,0
AS/KAM(M)/78N16/2025/006,Assam,Kamrup,"Doimuguri, Bonda","Doimuguri,",26.19113889,91.82961111,Earth/Soil,Slide,31 May 2025,2025-05-31,1,1,26.1,91.8,17.5,137.0,10.04,7.3,0.7,5.9,8.4,8.4,199.4,288.4,288.4,0.45,8.4,1,2025,5,151,0
AS/KAM(M)/78N16/2025/05,Assam,Kamrup,Rupnagar,,26.158193,91.755807,Debris,Slide,06 June 2025,2025-06-06,1,1,26.1,91.7,52.5,57.0,9.72,271.7,0.0,0.0,2.5,2.5,63.3,238.3,238.3,0.45,2.5,1,2025,6,157,1
AS/KAM(M)/78N12/2025/01,Assam,Kamrup,Kamakhya Main Road,Kamakhya Road,26.166185,91.7147,Earth/Soil,Slide,04 June 2025,2025-06-04,1,1,26.1,91.7,52.5,136.0,17.71,52.2,1.8,8.0,13.3,13.3,15.7,200.4,200.4,0.45,13.3,1,2025,6,155,1
AS/KAM(M)/78N12/2025/04,Assam,Kamrup,Pandu,Pandu,26.17027,91.698,Debris,Slide,31 May 2025,2025-05-31,1,1,26.1,91.6,3.33,121.0,27.06,287.7,0.9,4.2,5.1,5.1,171.9,265.1,265.1,0.45,5.1,1,2025,5,151,0
ASM/DH/83C16/2023-24/001,Assam,Dima Hasao,Lower Boulsol slide,Lower Boulsol,25.117665,92.847709,Debris,Slide,14 May 2022,2022-05-14,1,1,25.1,92.8,8.33,173.0,12.26,44.8,0.45,1.7,109.8,109.8,201.2,231.6,231.6,0.45,109.8,1,2022,5,134,0
ASM/DH/83C15/2023-24/001,Assam,Dima Hasao,Old Sangbar playground slide,Old Sangbar,25.366255,92.823037,Debris,Slide,14 May 2022,2022-05-14,1,1,25.3,92.8,3.33,961.0,8.93,311.8,0.3,0.7,25.1,25.1,75.7,134.1,134.1,0.45,25.1,1,2022,5,134,0
ASM/DH/83G03/2023-24/004,Assam,Dima Hasao,Gunjung subsidence,Gunjung,25.316197,93.006158,Earth/Soil,Subsidence,16 June 2022,2022-06-16,1,1,25.3,93.0,2.5,692.0,12.65,70.6,0.65,3.4,24.0,24.0,53.7,106.4,106.4,0.45,24.0,1,2022,6,167,1
6986,Assam,Kamrup,Sundarpur village,,25.757752,91.252285,Debris,Flow,17 July 2014,2014-07-17,1,1,25.7,91.2,2.5,786.0,5.92,15.1,0.45,3.2,23.1,23.1,70.0,169.7,169.7,0.45,23.1,1,2014,7,198,1
7077,Assam,Kamrup (Metro),708,,26.238016,91.945953,Earth/Soil,Slide,2 November 2025,2025-11-02,1,1,26.2,91.9,3.33,83.0,8.48,331.1,0.0,0.0,6.0,6.0,38.2,45.2,45.2,0.45,6.0,1,2025,11,306,0
7115,Assam,Kamrup,lepgaon,,25.872268,91.213965,Debris,Flow,23 September 2014,2014-09-23,1,1,25.8,91.2,0.83,188.0,31.29,218.5,0.3,0.9,16.4,16.4,88.3,147.7,147.7,0.45,16.4,1,2014,9,266,1
7192,Assam,Kamrup,Kamrup Slope Failure (7192),,26.2272613,91.6922458,Debris,Slide,26 December 2008,2008-12-26,1,1,26.2,91.6,4.17,68.0,12.23,319.9,0.0,1.3,4.8,4.8,5.9,6.1,6.1,0.45,4.8,1,2008,12,361,0
7193,Assam,Kamrup (Metro),Birkuchi,,26.184324,91.855395,Earth/Soil,Slide,31 May 2025,2025-05-31,1,1,26.1,91.8,17.5,76.0,10.8,180.0,0.7,5.9,8.4,8.4,199.4,288.4,288.4,0.45,8.4,1,2025,5,151,0
7194,Assam,Kamrup,Kamrup Slope Failure (7194),,26.24698,91.964383,Debris,Slide,05 July 2025,2025-07-05,1,1,26.2,91.9,3.33,54.0,2.24,247.3,0.05,3.7,28.4,28.4,99.8,259.8,259.8,0.45,28.4,1,2025,7,186,1
7195,Assam,Kamrup (Metro),Nalgedra,,26.11956,92.052125,Earth/Soil,Slide,05 June 2025,2025-06-05,1,1,26.1,92.0,4.17,77.0,3.86,138.1,0.0,0.0,12.1,12.1,18.2,170.1,170.1,0.45,12.1,1,2025,6,156,1
7196,Assam,Dima Hasao,Dima Hasao Slope Failure (7196),,25.69814,93.129423,Earth/Soil,Slide,05 June 2025,2025-06-05,1,1,25.6,93.1,5.83,308.0,13.03,346.5,0.0,0.1,8.6,8.6,16.3,189.1,189.1,0.45,8.6,1,2025,6,156,1
7197,Assam,Dima Hasao,Dima Hasao Slope Failure (7197),,25.648512,93.121528,Debris,Slide,05 June 2025,2025-06-05,1,1,25.6,93.1,5.83,344.0,18.85,133.5,0.0,0.1,3.7,3.7,18.4,174.8,174.8,0.45,3.7,1,2025,6,156,1
7201,Assam,West Khasi Hills,Harsanagar,,25.740148,91.224044,Earth/Soil,Slide,18 July 2014,2014-07-18,1,1,25.7,91.2,2.5,887.0,5.45,5.4,0.5,1.4,17.3,17.3,73.3,173.1,173.1,0.45,17.3,1,2014,7,199,1
7241,Assam,Kamrup (Metro),Amchong tea estate,,26.156633,91.938576,Earth/Soil,Slide,8 August 2024,2024-08-08,1,1,26.1,91.9,5.83,109.0,8.7,349.8,0.5,1.2,17.5,17.5,131.6,214.5,214.5,0.45,17.5,1,2024,8,221,1
ARN/Papumpare/83E12/2020/0 1,Arunachal Pradesh,Papum Pare,Papum Pare Slope Failure (ARN/Papumpare/83E12/2020/0 1),,27.08130556,93.61283333,Rock-cum-Debris,Flow,25 June 2020,2020-06-25,1,1,27.0,93.6,8.33,247.0,15.58,155.2,3.4,9.8,32.9,32.9,62.2,174.1,174.1,0.45,32.9,1,2020,6,177,1
ARN/LS/83E15/2016/04,Arunachal Pradesh,Lower Subansiri,Hoj-Potin slide,National Highway 713-A,27.193425,93.780983,Debris,Slide,16 July 2016,2016-07-16,1,1,27.1,93.7,22.5,204.0,13.65,328.7,0.05,0.2,27.1,27.1,68.1,106.9,106.9,0.45,27.1,1,2016,7,198,1
ARN/LS/83E15/2016/08,Arunachal Pradesh,Lower Subansiri,Hoj-Potin slide,National Highway 713-A,27.23995,93.806589,Debris,Slide,17 July 2016,2016-07-17,1,1,27.2,93.8,17.5,276.0,8.23,36.3,0.05,0.3,6.0,6.0,57.2,105.7,105.7,0.45,6.0,1,2016,7,199,1
ARN/LS/83E15/2016/07,Arunachal Pradesh,Lower Subansiri,Hoj-Potin slide,National Highway 713-A,27.246131,93.804711,Debris,Slide,17 July 2016,2016-07-17,1,1,27.2,93.8,17.5,285.0,21.58,2.0,0.05,0.3,6.0,6.0,57.2,105.7,105.7,0.45,6.0,1,2016,7,199,1
ARN/LS/83E15/2016/06,Arunachal Pradesh,Lower Subansiri,Hoj-Potin slide,National Highway 713-A,27.254756,93.801303,Debris,Slide,17 July 2016,2016-07-17,1,1,27.2,93.8,17.5,273.0,26.16,268.2,0.05,0.3,6.0,6.0,57.2,105.7,105.7,0.45,6.0,1,2016,7,199,1
ARN/LS/83E15/2016/05,Arunachal Pradesh,Lower Subansiri,Hoj-Potin slide,National Highway 713-A,27.294886,93.803328,Debris,Slide,17 July 2016,2016-07-17,1,1,27.2,93.8,17.5,654.0,24.09,4.0,0.05,0.3,6.0,6.0,57.2,105.7,105.7,0.45,6.0,1,2016,7,199,1
ARN/LS/83E15/2016/03,Arunachal Pradesh,Lower Subansiri,Possa-Potin slide,National Highway 713-A,27.307072,93.806008,Debris,Slide,17 July 2016,2016-07-17,1,1,27.3,93.8,9.17,749.0,35.42,42.2,0.05,0.3,6.0,6.0,57.2,105.7,105.7,0.45,6.0,1,2016,7,199,1
ARN/LS/83E15/2016/02,Arunachal Pradesh,Lower Subansiri,Possa-Potin slide,National Highway 713-A,27.339267,93.802581,Debris,Slide,16 July 2016,2016-07-16,1,1,27.3,93.8,9.17,719.0,31.96,278.4,0.05,0.2,27.1,27.1,68.1,106.9,106.9,0.45,27.1,1,2016,7,198,1
ARN/TWG/FM/2016-17/01,Arunachal Pradesh,Tawang,Famla Slide,,27.58741667,91.88694444,Debris,Slide,22 April 2016,2016-04-22,1,1,27.5,91.8,26.67,2596.0,5.45,334.9,0.55,2.4,24.1,24.1,66.5,96.8,96.8,0.45,24.1,1,2016,4,113,0
ARN/TWG/FM/2016-17/02,Arunachal Pradesh,Tawang,Famla Slide,,27.58741667,91.88694444,Earth/Soil,Slide,22 April 2016,2016-04-22,1,1,27.5,91.8,26.67,2596.0,5.45,334.9,0.55,2.4,24.1,24.1,66.5,96.8,96.8,0.45,24.1,1,2016,4,113,0
ARN/TWG/NYD/2016-17/06,Arunachal Pradesh,Tawang,Nyungmadung Slide,,27.59152778,91.88044444,Earth/Soil,Flow,23 April 2016,2016-04-23,1,1,27.5,91.8,26.67,2790.0,15.81,9.2,0.1,0.4,24.6,24.6,70.3,121.4,121.4,0.45,24.6,1,2016,4,114,0
ARN/TWNG/78M14/2016/0001,Arunachal Pradesh,Tawang,Famla Slide,,27.587417,91.886944,Debris,Slide,22 April 2016,2016-04-22,1,1,27.5,91.8,26.67,2596.0,5.45,334.9,0.55,2.4,24.1,24.1,66.5,96.8,96.8,0.45,24.1,1,2016,4,113,0
ARN/TWNG/78M14/2016/0002,Arunachal Pradesh,Tawang,Famla Slide,,27.587417,91.886944,Debris,Slide,22 April 2016,2016-04-22,1,1,27.5,91.8,26.67,2596.0,5.45,334.9,0.55,2.4,24.1,24.1,66.5,96.8,96.8,0.45,24.1,1,2016,4,113,0
ARN/TWNG/78M14/2016/0022,Arunachal Pradesh,Tawang,New Lebrang slide,,27.589417,91.861444,Debris,Slide,23 April 2016,2016-04-23,1,1,27.5,91.8,26.67,2916.0,18.72,27.7,0.6,1.7,26.3,26.3,84.0,133.3,133.3,0.45,26.3,1,2016,4,114,0
ARN/TWNG/78M14/2016/0004,Arunachal Pradesh,Tawang,Namet Slide,,27.591389,91.9025,Rock-cum-Debris,Slide,23 April 2016,2016-04-23,1,1,27.5,91.9,5.0,2544.0,26.39,148.2,0.1,0.4,24.6,24.6,70.3,121.4,121.4,0.45,24.6,1,2016,4,114,0
ARN/TWNG/78M14/2016/0008,Arunachal Pradesh,Tawang,All India Radio Colony Slide,,27.591806,91.865028,Debris,Fall,22 April 2016,2016-04-22,1,1,27.5,91.8,26.67,2942.0,15.57,124.4,0.7,3.6,29.8,29.8,80.0,107.0,107.0,0.45,29.8,1,2016,4,113,0
ARN/TWNG/78M14/2016/0010,Arunachal Pradesh,Tawang,D.C. & S. P. Bungalows Slide,,27.593139,91.873889,Debris,Slide,22 April 2016,2016-04-22,1,1,27.5,91.8,26.67,2945.0,8.46,92.0,0.7,3.6,29.8,29.8,80.0,107.0,107.0,0.45,29.8,1,2016,4,113,0
ARN/TWNG/78M14/2016/0023,Arunachal Pradesh,Tawang,Changpu sinking zone,,27.593361,91.879444,Debris,Subsidence,23 April 2016,2016-04-23,1,1,27.5,91.8,26.67,2836.0,18.21,24.3,0.1,0.4,24.6,24.6,70.3,121.4,121.4,0.45,24.6,1,2016,4,114,0
ARN/TWNG/78M14/2016/0013,Arunachal Pradesh,Tawang,Duda Slide (District Urban Development Authority Colony),,27.594833,91.866417,Debris,Slide,22 April 2016,2016-04-22,1,1,27.5,91.8,26.67,2971.0,10.17,148.2,0.7,3.6,29.8,29.8,80.0,107.0,107.0,0.45,29.8,1,2016,4,113,0
ARN/TWNG/78M14/2016/0024,Arunachal Pradesh,Tawang,SSB Colony slide,,27.596639,91.878972,Debris,Slide,23 April 2016,2016-04-23,1,1,27.5,91.8,26.67,2913.0,12.26,10.8,0.1,0.4,24.6,24.6,70.3,121.4,121.4,0.45,24.6,1,2016,4,114,0
ARN/TWNG/78M14/2016/0025,Arunachal Pradesh,Tawang,Q.M. Store slide,,27.596639,91.878972,Debris,Slide,23 April 2016,2016-04-23,1,1,27.5,91.8,26.67,2913.0,12.26,10.8,0.1,0.4,24.6,24.6,70.3,121.4,121.4,0.45,24.6,1,2016,4,114,0
ARA/DIB/82P15/2024/01,Arunachal Pradesh,Lower Dibang Valley,Lower Dibang Valley Slope Failure (ARA/DIB/82P15/2024/01),,28.38919722,95.92776111,Rock,Flow,24 April 2024,2024-04-24,1,1,28.3,95.9,13.33,649.0,37.28,90.0,0.1,0.5,66.9,66.9,204.7,282.9,282.9,0.45,66.9,1,2024,4,115,0
7386,Arunachal Pradesh,Papum Pare,Niti Vihar,,27.099285,93.614766,Earth/Soil,Subsidence,16 March 2026,2026-03-16,1,1,27.0,93.6,8.33,407.0,12.03,42.6,0.3,1.0,13.4,13.4,83.0,156.0,156.0,0.45,13.4,1,2026,3,75,0
7583,Arunachal Pradesh,Lower Siang,Magi basti,Roadside landslide near Magi basti,27.715081,94.692035,Debris,Slide,28 June 2026,2026-06-28,1,1,27.7,94.6,2.5,245.0,12.46,267.4,0.05,0.6,48.8,48.8,113.5,191.9,191.9,0.45,48.8,1,2026,6,179,1
MN/UKH/83L05/2018/001,Manipur,Ukhrul,Landslide at 1.5 km South of Leiting Village,NH102A.(Near Leiting Village),22.873558,92.755953,Debris,Slide,14 June 2018,2018-06-14,1,1,22.8,92.7,45.83,1051.0,18.28,326.0,0.3,0.8,33.7,33.7,251.5,674.8,674.8,0.45,33.7,1,2018,6,165,1
MAN/CHAN/83L03/2007/C-10,Manipur,Chandel,Bongyang slide,,24.40639,94.06583,Debris,Slide,7 September 2007,2007-09-07,1,1,24.4,94.0,0.83,1184.0,16.4,264.2,0.0,0.0,28.6,28.6,109.3,150.5,150.5,0.45,28.6,1,2007,9,250,1
MAN/TAM/83H09/2009-10/MN- 1,Manipur,Tamenglong,Tupul Slide,"Tupul (Along NH-53, Juncture of Tupul & Ijai Rivers)",24.792333,93.658222,Debris,Slide,10 June 2010,2010-06-10,1,1,24.7,93.6,15.83,456.0,28.25,303.0,0.1,0.4,3.3,3.3,44.1,72.2,72.2,0.45,3.3,1,2010,6,161,1
MN/TGPL/83L03/2018/009,Manipur,Tengnoupal,Lokchao Landslide,Lokchao village,24.813306,93.243417,Rock,Slide,2 August 2018,2018-08-02,1,1,24.8,93.2,6.67,117.0,30.09,42.6,0.0,0.2,7.1,7.1,44.4,107.8,107.8,0.45,7.1,1,2018,8,214,1
MAN/TAM/83H09/2007/C-1,Manipur,Tamenglong,Khongsong slide,,24.81722,93.51722,Debris,Slide,16 June 2007,2007-06-16,1,1,24.8,93.5,22.5,444.0,29.27,305.8,0.35,3.3,34.6,34.6,65.1,180.8,180.8,0.45,34.6,1,2007,6,167,1
MAN/TAM/83H09/2007/C-13,Manipur,Tamenglong,Taobam landslide,,24.81778,93.51583,Debris,Slide,10 September 2007,2007-09-10,1,1,24.8,93.5,22.5,436.0,28.41,305.3,0.1,1.3,7.1,7.1,51.0,174.7,174.7,0.45,7.1,1,2007,9,253,1
MAN/TAM/83H05/2008/C-19,Manipur,Tamenglong,Tamenglong-Khongsang road-2 slide,,24.83278,93.46333,Debris,Slide,1 July 2008,2008-07-01,1,1,24.8,93.4,38.33,787.0,31.86,323.0,0.0,0.0,12.4,12.4,68.0,220.0,220.0,0.45,12.4,1,2008,7,183,1
MAN/TAM/83H05/2007/C-14,Manipur,Tamenglong,Lamkaolong slide,,24.84833,93.45917,Rock,Fall,12 September 2007,2007-09-12,1,1,24.8,93.4,38.33,1034.0,34.72,105.8,0.75,1.9,15.6,15.6,28.8,170.0,170.0,0.45,15.6,1,2007,9,255,1
MAN/TAM/83H05/2008/C-17,Manipur,Tamenglong,Tamenglong - Khongsang road slide,,24.84833,93.45917,Debris,Slide,19 June 2008,2008-06-19,1,1,24.8,93.4,38.33,1034.0,34.72,105.8,0.15,1.2,21.9,21.9,53.7,96.0,96.0,0.45,21.9,1,2008,6,171,1
MAN/TAM/83H09/2009-10/MN- 2,Manipur,Tamenglong,Lukhambi slide,"NH-53(Imphal-Jiribam, 3km from None towards Nungba)",24.862444,93.610639,Debris,Slide,05 June 2010,2010-06-05,1,1,24.8,93.6,22.5,390.0,14.27,64.6,0.1,0.9,9.5,9.5,24.9,113.5,113.5,0.45,9.5,1,2010,6,156,1
MAN/TAM/83H05/2008/C-18,Manipur,Tamenglong,Tamenglong-Khongsang road (near Tabanglong) slide,,24.90139,93.45389,Debris,Slide,19 June 2008,2008-06-19,1,1,24.9,93.4,18.33,945.0,15.84,226.9,0.15,0.6,18.0,18.0,42.3,69.7,69.7,0.45,18.0,1,2008,6,171,1
MN/NON/83H13/2018/001,Manipur,Noney,Kotlen landslide,NH37/Kotlen,24.9252,94.3371,Rock,Slide,06 June 2018,2018-06-06,1,1,24.9,94.3,8.33,1540.0,27.29,73.8,0.0,0.0,5.7,5.7,16.9,93.9,93.9,0.45,5.7,1,2018,6,157,1
MN/UKH/83L01/2018/48,Manipur,Ukhrul,Ukhrul Slope Failure (MN/UKH/83L01/2018/48),Mayophung,24.983528,94.158333,Earth/Soil,Slide,12 June 2018,2018-06-12,1,1,24.9,94.1,20.83,1105.0,19.41,193.3,3.6,15.2,65.9,65.9,105.4,154.5,154.5,0.45,65.9,1,2018,6,163,1
MN/TAM/83H05/2018/1,Manipur,Tamenglong,Tamenglong Slope Failure (MN/TAM/83H05/2018/1),New Kanan Tamenglong,24.983806,93.497528,Debris,Slide,22 June 2018,2018-06-22,1,1,24.9,93.4,18.33,1155.0,15.82,178.2,0.05,0.2,16.8,16.8,32.1,112.2,112.2,0.45,16.8,1,2018,6,173,1
MN/TMG/83H01/2018/001,Manipur,Tamenglong,Makru Bridge Landslide,NH37/ ImphalJiribam Highway/ Makru Bridge,24.985167,93.508306,Debris,Slide,3 May 2018,2018-05-03,1,1,24.9,93.5,20.83,1236.0,10.21,323.1,0.0,0.1,6.6,6.6,31.6,58.1,58.1,0.45,6.6,1,2018,5,123,0
MAN/TAM/83H09/2007/C-2,Manipur,Tamenglong,Tamenglong slide,,24.98611,93.50583,Debris,Slide,24 August 2007,2007-08-24,1,1,24.9,93.5,20.83,1244.0,18.69,24.4,0.1,0.2,10.9,10.9,22.6,33.7,33.7,0.45,10.9,1,2007,8,236,1
MAN/TAM/83H09/2007/C-7A,Manipur,Tamenglong,Capentry area slide,,24.99083,93.50583,Debris,Slide,28 August 2007,2007-08-28,1,1,24.9,93.5,20.83,1185.0,14.73,263.5,0.0,0.0,0.4,0.4,75.6,117.8,117.8,0.45,0.4,1,2007,8,240,1
MAN/TAM/83H09/2007/C-7B,Manipur,Tamenglong,Capentary area-2 slide,,24.99083,93.50583,Debris,Slide,28 August 2007,2007-08-28,1,1,24.9,93.5,20.83,1185.0,14.73,263.5,0.0,0.0,0.4,0.4,75.6,117.8,117.8,0.45,0.4,1,2007,8,240,1
MAN/TAM/83H05/2007/C-5,Manipur,Tamenglong,Guigailuang-2 slide,,24.99306,93.4975,Debris,Slide,28 August 2007,2007-08-28,1,1,24.9,93.4,18.33,1188.0,17.41,176.7,0.0,0.0,0.4,0.4,75.6,117.8,117.8,0.45,0.4,1,2007,8,240,1
MN/UKH/83L01/2018/14,Manipur,Ukhrul,Ukhrul Slope Failure (MN/UKH/83L01/2018/14),Lamlai Chingphei,24.994278,94.205917,Rock-cum-Debris,Slide,28 August 2007,2007-08-28,1,1,24.9,94.2,10.83,1572.0,32.06,1.2,0.0,0.2,6.8,6.8,41.2,80.1,80.1,0.45,6.8,1,2007,8,240,1
MAN/TAM/83H09/2007/C-6,Manipur,Tamenglong,Tamenglong-2 slide,,24.99694,93.50222,Debris,Slide,28 August 2007,2007-08-28,1,1,24.9,93.5,20.83,1199.0,4.05,304.2,0.0,0.0,0.4,0.4,75.6,117.8,117.8,0.45,0.4,1,2007,8,240,1
MN/KAN/83L01/2018/47,Manipur,Kangpokpi,Kangpokpi Slope Failure (MN/KAN/83L01/2018/47),Khonkon village,24.997972,94.020444,Rock-cum-Debris,Slide,28 August 2007,2007-08-28,1,1,24.9,94.0,4.17,835.0,19.9,347.1,0.0,0.0,4.2,4.2,72.9,100.2,100.2,0.45,4.2,1,2007,8,240,1
MN/TMG/83H09/2018/001,Manipur,Tamenglong,New Salem Slide,New Salem (Along TamenglongTamei State Highway),25.047833,92.789306,Earth/Soil,Slide,11 July 2018,2018-07-11,1,1,25.0,92.7,19.17,119.0,22.26,42.2,1.85,4.7,8.0,8.0,24.7,159.8,159.8,0.45,8.0,1,2018,7,192,1
MAN/SEN/83K03/2007/C-12,Manipur,Senapati,Shajouba landslide,,25.47217,94.15433,Debris,Slide,09 September 2007,2007-09-09,1,1,25.4,94.1,9.17,1486.0,9.8,321.3,0.3,2.5,20.9,20.9,76.4,217.2,217.2,0.45,20.9,1,2007,9,252,1
MA/TAM/83H05/2024/01,Manipur,Tamenglong,Dimthanlong landslide,Dimthanlong,24.979,93.496,Earth/Soil,Slide,29 July 2024,2024-07-29,1,1,24.9,93.4,18.33,1147.0,9.88,199.7,1.1,10.0,17.3,17.3,18.6,40.8,40.8,0.45,17.3,1,2024,7,211,1
MN-33/2011,Manipur,TAMENGLONG,Gadailong slide,,24.985,93.52113889,Earth/Soil,Slide,31 May 2011,2011-05-31,1,1,24.9,93.5,20.83,1018.0,26.62,297.1,0.0,0.4,58.6,58.6,128.6,151.9,151.9,0.45,58.6,1,2011,5,151,0
MN-34/2011,Manipur,TAMENGLONG,Sinam Kuki SLIDE,,24.79083333,93.72333333,Rock,Slide,6 July 2011,2011-07-06,1,1,24.7,93.7,23.33,1010.0,33.18,335.6,0.0,0.0,3.4,3.4,14.9,57.2,57.2,0.45,3.4,1,2011,7,187,1
ML-94/2011,Manipur,Ri-Bhoi,Umsaw Khwan slide,,25.67469444,91.88652778,Debris,Slide,26 June 2011,2011-06-26,1,1,25.6,91.8,43.33,1052.0,4.75,195.7,0.15,1.8,10.6,10.6,70.6,101.1,101.1,0.45,10.6,1,2011,6,177,1
MN-10/2010,Manipur,Tamenglong,None slide,,24.86469444,93.62116667,Debris,Slide,08 June 2010,2010-06-08,1,1,24.8,93.6,22.5,373.0,14.65,87.8,0.15,0.3,39.2,39.2,51.4,89.1,89.1,0.45,39.2,1,2010,6,159,1
MN-11/2010,Manipur,Tamenglong,Khumji slide,,24.86297222,93.62397222,Debris,Slide,08 June 2010,2010-06-08,1,1,24.8,93.6,22.5,366.0,15.84,90.0,0.15,0.3,39.2,39.2,51.4,89.1,89.1,0.45,39.2,1,2010,6,159,1
MN-12/2010,Manipur,Tamenglong,Khoupum slide,,24.73133333,93.92738889,Debris,Slide,28 March 2010,2010-03-28,1,1,24.7,93.9,0.83,797.0,8.99,298.0,0.8,4.0,4.2,4.2,6.7,6.7,6.7,0.45,4.2,1,2010,3,87,0
Manipur/ Ukhrul/ 83 L5/ 2015/01,Manipur,Ukhrul,Phungyar Landslide,Phungyar village,24.82022222,94.35255556,Debris,Slide,30 July 2015,2015-07-30,1,1,24.8,94.3,44.17,1621.0,24.77,142.7,1.3,5.5,64.0,64.0,145.9,258.6,258.6,0.45,64.0,1,2015,7,211,1
6822,Manipur,Noney,Noney Slope Failure (6822),NH-37,24.846509,93.573533,Debris,Slide,31 May 2025,2025-05-31,1,1,24.8,93.5,22.5,409.0,33.31,20.5,1.15,5.6,41.4,41.4,157.1,195.2,195.2,0.45,41.4,1,2025,5,151,0
6831,Manipur,Noney,Noney Slope Failure (6831),NH-37,24.863924,93.617853,Debris,Slide,05 June 2025,2025-06-05,1,1,24.8,93.6,22.5,404.0,30.52,71.3,0.05,0.2,1.7,1.7,9.0,217.5,217.5,0.45,1.7,1,2025,6,156,1
MEG/EJH/83CO8/2018/01,Meghalaya,East Jaintia Hills,Sonapur 4km mile stone,NH-6,25.09178,92.35469,Rock,Slide,07 May 2018,2018-05-07,1,1,25.0,92.3,27.5,178.0,30.26,159.7,0.35,2.2,125.9,125.9,304.3,350.5,350.5,0.45,125.9,1,2018,5,127,0
MEGH/JH/83C08/2007/D-23,Meghalaya,Jaintia Hills,Sonapur slide,NH-44,25.12186,92.388583,Debris,Flow,31 July 2007,2007-07-31,1,1,25.1,92.3,25.0,76.0,26.7,219.5,0.4,2.1,15.2,15.2,53.8,264.2,264.2,0.45,15.2,1,2007,7,212,1
MEGH/JH/83C08/2007/D-22,Meghalaya,Jaintia Hills,Tongseng slide,NH - 44,25.134194,92.383528,Rock-cum-Debris,Slide,31 July 2007,2007-07-31,1,1,25.1,92.3,25.0,148.0,29.24,278.2,0.6,3.0,19.1,19.1,68.1,320.2,320.2,0.45,19.1,1,2007,7,212,1
MEGH/WKH/78O04/2008/D-26,Meghalaya,West Khasi Hills,Rajai slide,,25.201,91.234,Debris,Fall,12 August 2008,2008-08-12,1,1,25.2,91.2,4.17,17.0,2.39,76.2,0.4,1.2,38.3,38.3,94.8,170.2,170.2,0.45,38.3,1,2008,8,225,1
MEGH/WKH/78O04/2008/D-27,Meghalaya,West Khasi Hills,Shipur slide,,25.20283,91.20908,Debris,Fall,10 August 2008,2008-08-10,1,1,25.2,91.2,4.17,68.0,23.01,80.6,0.6,7.3,34.1,34.1,44.1,173.5,173.5,0.45,34.1,1,2008,8,223,1
MEG/EKH/78O15/2022/01,Meghalaya,East Khasi Hills,East Khasi Hills Slope Failure (MEG/EKH/78O15/2022/01),,25.296,91.932,Rock,Slide,04 April 2022,2022-04-04,1,1,25.2,91.9,5.0,1055.0,15.68,227.6,0.15,0.4,93.3,93.3,100.9,150.2,150.2,0.45,93.3,1,2022,4,94,0
MEGH/EKH/78O11/2009/D-37,Meghalaya,East Khasi Hills,Umstew landslide,Road (Shillong-Sohra),25.300389,91.726722,Debris,Slide,29 June 2009,2009-06-29,1,1,25.3,91.7,14.17,1525.0,22.46,8.8,2.2,13.4,103.4,103.4,193.2,273.0,273.0,0.45,103.4,1,2009,6,180,1
ML/SWKH/78O07/2014/01,Meghalaya,South West Khasi Hills,Tynnai Ground crack,Tynnai Village,25.31458,91.45242,Rock,Creep,6 August 2013,2013-08-06,1,1,25.3,91.4,4.17,1362.0,37.91,3.3,0.45,2.1,36.2,36.2,56.4,137.9,137.9,0.45,36.2,1,2013,8,218,1
MEGH/WKH/78O07/2007/D-10,Meghalaya,West Khasi Hills,Tynnai (West) slide,,25.31488,91.44913,Rock-cum-Debris,Slide,19 July 2007,2007-07-19,1,1,25.3,91.4,4.17,1359.0,32.9,124.8,1.55,6.4,70.5,70.5,190.5,293.2,293.2,0.45,70.5,1,2007,7,200,1
MEGH/WKH/78O07/2007/D-11,Meghalaya,West Khasi Hills,Rangjadong slide,,25.31488,91.33367,Debris,Slide,19 July 2007,2007-07-19,1,1,25.3,91.3,0.83,1114.0,45.74,118.1,2.0,11.4,90.2,90.2,209.6,262.8,262.8,0.45,90.2,1,2007,7,200,1
ME/EKJ/78O15/2015/140,Meghalaya,East Khasi Hills,East Khasi Hills Slope Failure (ME/EKJ/78O15/2015/140),1 km SW of Myllad village,25.315176,91.923021,Rock,Slide,19 July 2007,2007-07-19,1,1,25.3,91.9,28.33,1076.0,26.73,28.3,1.75,10.4,114.7,114.7,267.4,355.4,355.4,0.45,114.7,1,2007,7,200,1
MEGH/WKH/78O07/2007/D-12,Meghalaya,West Khasi Hills,Tynnai East slide,,25.31848,91.45262,Debris,Fall,19 July 2007,2007-07-19,1,1,25.3,91.4,4.17,1390.0,13.43,23.3,1.55,6.4,70.5,70.5,190.5,293.2,293.2,0.45,70.5,1,2007,7,200,1
ME/EKJ/78O15/2015/134,Meghalaya,East Khasi Hills,East Khasi Hills Slope Failure (ME/EKJ/78O15/2015/134),Approach road to Nongsder,25.320833,91.9275,Rock,Slide,19 July 2007,2007-07-19,1,1,25.3,91.9,28.33,1091.0,30.78,11.8,1.75,10.4,114.7,114.7,267.4,355.4,355.4,0.45,114.7,1,2007,7,200,1
MEGH/WKH/78O07/2007/D-15,Meghalaya,West Khasi Hills,Jashiar East slide,,25.38803,91.46977,Debris,Slide,16 June 2007,2007-06-16,1,1,25.3,91.4,4.17,1527.0,2.23,112.5,3.3,16.7,79.6,79.6,123.9,589.0,589.0,0.45,79.6,1,2007,6,167,1
MEGH/WKH/78O11/2007/D-14,Meghalaya,West Khasi Hills,Jakrem East slide,,25.40023,91.5159,Debris,Slide,16 June 2007,2007-06-16,1,1,25.4,91.5,4.17,1600.0,3.88,85.8,3.3,16.7,79.6,79.6,123.9,589.0,589.0,0.45,79.6,1,2007,6,167,1
MEGH/WKH/78O07/2007/D-4,Meghalaya,West Khasi Hills,Mawthawiang slide,,25.4013,91.45855,Debris,Slide,18 August 2007,2007-08-18,1,1,25.4,91.4,3.33,1577.0,15.19,37.9,0.15,0.8,10.6,10.6,57.7,287.7,287.7,0.45,10.6,1,2007,8,230,1
MG/SGH/78K11/2018/7,Meghalaya,South Garo hills,Nengkhra-Nongalbibra road slide,NH-62,25.403061,90.724166,Debris,Slide,18 August 2007,2007-08-18,1,1,25.4,90.7,4.17,347.0,11.46,270.0,0.1,0.2,9.7,9.7,28.1,180.6,180.6,0.45,9.7,1,2007,8,230,1
MEGH/WKH/78O07/2007/D-5,Meghalaya,West Khasi Hills,Umjarain East slide,,25.40547,91.53712,Rock-cum-Debris,Slide,18 August 2007,2007-08-18,1,1,25.4,91.5,4.17,1458.0,9.28,301.3,0.15,0.8,10.6,10.6,57.7,287.7,287.7,0.45,10.6,1,2007,8,230,1
ME/EKJ/78O15/2015/87,Meghalaya,East Khasi Hills,East Khasi Hills Slope Failure (ME/EKJ/78O15/2015/87),lyngshing approach road,25.407917,91.998889,Rock,Fall,18 August 2007,2007-08-18,1,1,25.4,91.9,0.83,1521.0,4.02,129.7,0.05,1.0,8.2,8.2,45.2,183.9,183.9,0.45,8.2,1,2007,8,230,1
MEGH/WKH/78O07/2007/D-3,Meghalaya,West Khasi Hills,Laitlawsnai slide,,25.425,91.405,Debris,Slide,18 August 2007,2007-08-18,1,1,25.4,91.4,3.33,1556.0,14.06,354.8,0.15,0.8,10.6,10.6,57.7,287.7,287.7,0.45,10.6,1,2007,8,230,1
MEGH/JH/78O15/2009/D-36,Meghalaya,Jaintia Hills,Laitlongkot slide,NH-40 (Shillong-Pynursla),25.43561,91.862056,Debris,Slide,17 July 2009,2009-07-17,1,1,25.4,91.8,16.67,1645.0,24.51,331.1,0.0,0.4,6.5,6.5,30.8,102.6,102.6,0.45,6.5,1,2009,7,198,1
MEGH/WKH/78O07/2007/D-13,Meghalaya,West Khasi Hills,Mawpon slide,,25.44465,91.34622,Debris,Slide,17 July 2007,2007-07-17,1,1,25.4,91.3,0.83,1468.0,3.99,244.6,0.45,3.6,50.0,50.0,88.5,154.5,154.5,0.45,50.0,1,2007,7,198,1
MEGH/WKH/78O06/2007/D-8,Meghalaya,West Khasi Hills,Nongjyllieh slide,,25.50335,91.28335,Rock,Slide,25 July 2007,2007-07-25,1,1,25.5,91.2,49.17,1435.0,28.16,176.1,3.4,16.7,106.0,106.0,205.5,373.8,373.8,0.45,106.0,1,2007,7,206,1
MEG/EKH/78O10/2021/04,Meghalaya,East Khasi Hills,East Khasi Hills Slope Failure (MEG/EKH/78O10/2021/04),,25.50368056,91.72342222,Rock,Slide,19 July 2007,2007-07-19,1,1,25.5,91.7,11.67,1749.0,8.26,158.1,1.25,5.3,85.0,85.0,209.2,325.0,325.0,0.45,85.0,1,2007,7,200,1
MEGH/WKH/78O06/2007/D-9,Meghalaya,West Khasi Hills,Nongjyllieh-2 slide,,25.50667,91.28318,Debris,Slide,19 July 2007,2007-07-19,1,1,25.5,91.2,49.17,1358.0,20.87,229.1,1.25,6.4,59.9,59.9,151.0,210.0,210.0,0.45,59.9,1,2007,7,200,1
MEGH/WGH/78K02/2007/D-19,Meghalaya,West Garo Hills,Tura town (Rishipara) slide,,25.51028,90.21678,Debris,Slide,27 July 2007,2007-07-27,1,1,25.5,90.2,5.0,332.0,5.72,98.6,1.35,6.3,59.4,59.4,173.5,255.2,255.2,0.45,59.4,1,2007,7,208,1
MEGH/WKH/78O06/2007/D-7,Meghalaya,West Khasi Hills,Mawkawah slide,PWD road (SH),25.51973,91.28443,Debris,Fall,25 July 2007,2007-07-25,1,1,25.5,91.2,49.17,1442.0,9.0,220.9,3.4,16.7,106.0,106.0,205.5,373.8,373.8,0.45,106.0,1,2007,7,206,1
MEGH/WKH/78O06/2007/D-6,Meghalaya,West Khasi Hills,Lawab slide,Road (Nongstoin by pass),25.5208,91.25985,Rock-cum-Debris,Slide,25 July 2007,2007-07-25,1,1,25.5,91.2,49.17,1368.0,20.1,336.0,3.4,16.7,106.0,106.0,205.5,373.8,373.8,0.45,106.0,1,2007,7,206,1
MEGH/EKH/83C02/2009/D-34,Meghalaya,East Khasi Hills,Puriang-4 slide,NH-44 (Shillong - Silchar),25.54231,92.1,Rock-cum-Debris,Slide,1 July 2009,2009-07-01,1,1,25.5,92.1,6.67,1323.0,12.98,249.7,1.05,7.9,46.3,46.3,201.5,295.8,295.8,0.45,46.3,1,2009,7,182,1
MEGH/EKH/83C02/2009/D-31,Meghalaya,East Khasi Hills,Puriang slide,NH-44 (Shillong - Silchar),25.54261,92.10867,Debris,Slide,1 July 2009,2009-07-01,1,1,25.5,92.1,6.67,1143.0,10.77,13.7,1.05,7.9,46.3,46.3,201.5,295.8,295.8,0.45,46.3,1,2009,7,182,1
MEGH/EKH/83C02/2009/D-35,Meghalaya,Jaintia Hills,Kongong-2 slide,NH-44 (Shillong-Silchar road),25.54261,92.09842,Debris,Slide,1 July 2009,2009-07-01,1,1,25.5,92.0,7.5,1296.0,8.3,243.6,1.05,7.9,46.3,46.3,201.5,295.8,295.8,0.45,46.3,1,2009,7,182,1
MEGH/EKH/83C02/2009/D-33,Meghalaya,East Khasi Hills,Puriang-3 slide,NH-44 (Shillong - Silchar),25.54264,92.10214,Rock,Slide,1 July 2009,2009-07-01,1,1,25.5,92.1,6.67,1330.0,7.7,255.0,1.05,7.9,46.3,46.3,201.5,295.8,295.8,0.45,46.3,1,2009,7,182,1
MEGH/EKH/83C02/2009/D-32,Meghalaya,East Khasi Hills,Puriang-2 slide,NH-44 (Shillong - Silchar),25.54328,92.10478,Rock,Fall,1 July 2009,2009-07-01,1,1,25.5,92.1,6.67,1285.0,13.61,18.4,1.05,7.9,46.3,46.3,201.5,295.8,295.8,0.45,46.3,1,2009,7,182,1
MEGH/EKH/78O14/2007/D-17,Meghalaya,East Khasi Hills,Nongrimbah slide,,25.56667,91.90194,Debris,Slide,08 September 2007,2007-09-08,1,1,25.5,91.9,10.0,1527.0,5.34,254.5,0.5,2.2,60.7,60.7,279.4,418.6,418.6,0.45,60.7,1,2007,9,251,1
ML/EKH/78O14/2014/03,Meghalaya,East Khasi Hills,Barapathar,Barapathar,25.57822,91.86545,Debris,Slide,23 September 2014,2014-09-23,1,1,25.5,91.8,17.5,1450.0,4.35,190.2,0.85,6.6,125.6,125.6,276.1,370.4,370.4,0.45,125.6,1,2014,9,266,1
MEG/EKH/78O14/2024/01,Meghalaya,East Khasi Hills,East Khasi Hills Slope Failure (MEG/EKH/78O14/2024/01),,25.6251,91.9118,Rock,Slide,27 May 2024,2024-05-27,1,1,25.6,91.9,10.0,1324.0,12.83,238.2,5.85,33.5,61.5,61.5,75.1,107.0,107.0,0.45,61.5,1,2024,5,148,0
MEG/RB/78O14/2017/01,Meghalaya,Ri-Bhoi,Tharia slide,Tharia village,25.663444,91.915944,Debris,Slide,17 June 2017,2017-06-17,1,1,25.6,91.9,10.0,950.0,6.45,95.1,0.0,0.0,56.6,56.6,97.7,252.9,252.9,0.45,56.6,1,2017,6,168,1
MEGH/WKH/78O02/2007/D-1,Meghalaya,West Khasi Hills,Nongjri (Porthangjah) slide,,25.68625,91.118358,Debris,Fall,15 September 2007,2007-09-15,1,1,25.6,91.1,30.83,1044.0,12.04,219.3,0.0,0.0,9.9,9.9,50.3,135.5,135.5,0.45,9.9,1,2007,9,258,1
MEG/WKH/78O10/2016/51,Meghalaya,West Khasi Hills,West Khasi Hills Slope Failure (MEG/WKH/78O10/2016/51),NongkhlawPatharkhammah road,25.687056,91.6485,Debris,Slide,15 September 2007,2007-09-15,1,1,25.6,91.6,28.33,1126.0,22.34,331.2,0.0,0.4,22.2,22.2,83.7,297.8,297.8,0.45,22.2,1,2007,9,258,1
MEGH/WKH/78O02/2007/D-2,Meghalaya,West Khasi Hills,Tynrong Mawsaw slide,,25.69483,91.11836,Debris,Slide,15 September 2007,2007-09-15,1,1,25.6,91.1,30.83,1082.0,21.65,199.2,0.0,0.0,9.9,9.9,50.3,135.5,135.5,0.45,9.9,1,2007,9,258,1
ME/EKJ/78O14/2015/23,Meghalaya,East Khasi Hills,East Khasi Hills Slope Failure (ME/EKJ/78O14/2015/23),NH-40,25.695552,91.903777,Debris,Slide,15 September 2007,2007-09-15,1,1,25.6,91.9,10.0,881.0,20.43,316.4,0.0,0.4,21.2,21.2,82.5,231.1,231.1,0.45,21.2,1,2007,9,258,1
ML/RIB/78N16/2014/06,Meghalaya,Ri-Bhoi,19 Mile,GS Road,26.00294,91.86692,Debris,Slide,23 September 2014,2014-09-23,1,1,26.0,91.8,14.17,395.0,16.97,213.1,2.35,11.3,37.9,37.9,104.6,209.7,209.7,0.45,37.9,1,2014,9,266,1
ML/RIB/78N16/2014/02,Meghalaya,Ri-Bhoi,17 Mile B,GS road,26.02547,91.87158,Earth/Soil,Slide,20 September 2014,2014-09-20,1,1,26.0,91.8,14.17,181.0,5.45,2.7,1.1,11.6,74.1,74.1,102.8,129.1,129.1,0.45,74.1,1,2014,9,263,1
3344,Meghalaya,West Jaintia Hills,West Jaintia Hills Slope Failure (3344),,25.47704743,92.16831285,Debris,Slide,25 May 2020,2020-05-25,1,1,25.4,92.1,14.17,1391.0,8.21,154.1,0.45,2.5,19.0,19.0,29.2,165.7,165.7,0.45,19.0,1,2020,5,146,0
3348,Meghalaya,West Jaintia Hills,West Jaintia Hills Slope Failure (3348),,25.46307925,92.25426106,Earth/Soil,Slide,26 May 2020,2020-05-26,1,1,25.4,92.2,2.5,1370.0,0.29,0.0,0.45,18.8,91.8,91.8,111.9,210.3,210.3,0.45,91.8,1,2020,5,147,0
3215,Meghalaya,East Khasi Hills,East Khasi Hills Slope Failure (3215),,25.5667327,91.9146185,Debris,Slide,04 October 2024,2024-10-04,1,1,25.5,91.9,10.0,1521.0,2.25,332.7,0.5,4.1,19.7,19.7,61.1,85.4,85.4,0.45,19.7,1,2024,10,278,0
3351,Meghalaya,West Jaintia Hills,West Jaintia Hills Slope Failure (3351),,25.28422636,92.11294194,Debris,Slide,26 June 2020,2020-06-26,1,1,25.2,92.1,3.33,1019.0,4.38,270.0,1.95,8.7,111.2,111.2,167.0,262.8,262.8,0.45,111.2,1,2020,6,178,1
3345,Meghalaya,West Jaintia Hills,West Jaintia Hills Slope Failure (3345),,25.2842285,92.11314877,Rock,Slide,26 May 2020,2020-05-26,1,1,25.2,92.1,3.33,1019.0,4.38,270.0,1.7,60.1,230.2,230.2,385.4,578.1,578.1,0.45,230.2,1,2020,5,147,0
ME/SWKH/78O07/2024/4,Meghalaya,South West Khasi Hills,Manad slide-1,Manad village,25.29967,91.46108,Debris,Slide,15 June 2024,2024-06-15,1,1,25.2,91.4,7.5,1030.0,14.73,247.7,0.3,2.5,33.0,33.0,130.3,172.8,172.8,0.45,33.0,1,2024,6,167,1
ME/SWKH/78O072024/7,Meghalaya,South West Khasi Hills,Manad slide-4,Manad village,25.29739,91.46201,Debris,Slide,17 June 2024,2024-06-17,1,1,25.2,91.4,7.5,1063.0,10.45,181.4,0.9,2.9,34.5,34.5,99.2,218.3,218.3,0.45,34.5,1,2024,6,169,1
ME/RIB/78O13/2024/10,Meghalaya,Ri-Bhoi,Umran Dairy slide,Umran Dairy village,25.781246,91.874475,Earth/Soil,Slide,6 July 2024,2024-07-06,1,1,25.7,91.8,7.5,689.0,5.86,192.7,0.1,0.2,6.6,6.6,31.1,251.9,251.9,0.45,6.6,1,2024,7,188,1
ME/EKH/78O15/2025/02,Meghalaya,East Khasi Hills,Laitlyngkot- Pomlum slide 1,NH-206,25.422278,91.867694,Rock,Slide,30 May 2025,2025-05-30,1,1,25.4,91.8,16.67,1712.0,29.1,307.5,0.0,0.7,291.2,291.2,349.1,390.4,390.4,0.45,291.2,1,2025,5,150,0
ME/EKH/78O15/2025/03,Meghalaya,East Khasi Hills,Laitlyngkot-Pomlum slide 2,NH-206,25.43480556,91.85952778,Debris,Slide,30 May 2025,2025-05-30,1,1,25.4,91.8,16.67,1802.0,21.47,328.2,0.0,0.7,291.2,291.2,349.1,390.4,390.4,0.45,291.2,1,2025,5,150,0
ME/EKH/78O15/2025/04,Meghalaya,East Khasi Hills,11th Mile slide2,NH-206,25.48716667,91.81936111,Debris,Slide,30 May 2025,2025-05-30,1,1,25.4,91.8,16.67,1712.0,8.56,228.5,0.0,0.7,291.2,291.2,349.1,390.4,390.4,0.45,291.2,1,2025,5,150,0
ME/EKH/78O15/2025/08,Meghalaya,East Khasi Hills,Mawrah Rock slide,Laitkroh –Khadarshnog road sector,25.366201,91.767213,Rock,Slide,31 May 2025,2025-05-31,1,1,25.3,91.7,14.17,1648.0,21.05,84.1,1.0,4.6,25.4,25.4,454.6,495.1,495.1,0.45,25.4,1,2025,5,151,0
ME/EKH/78O15/2025/09,Meghalaya,East Khasi Hills,Mawkhnai landslide,Laitkroh –Khadarshnog road sector,25.355042,91.767525,Debris,Slide,31 May 2025,2025-05-31,1,1,25.3,91.7,14.17,1666.0,37.87,61.7,1.0,4.6,25.4,25.4,454.6,495.1,495.1,0.45,25.4,1,2025,5,151,0
ME/EKH/78O15/2025/10,Meghalaya,East Khasi Hills,War-War landslide,Laitkroh –Khadarshnog road sector,25.340415,91.774142,Debris,Slide,31 May 2025,2025-05-31,1,1,25.3,91.7,14.17,1496.0,41.1,359.7,1.65,7.0,35.2,35.2,540.7,585.8,585.8,0.45,35.2,1,2025,5,151,0
ML-1/2010,Meghalaya,East Khasi Hills,Wall collase of mosque,,25.57711111,91.88141667,Debris,Slide,27 August 2010,2010-08-27,1,1,25.5,91.8,17.5,1479.0,4.8,233.5,0.3,1.4,16.7,16.7,28.2,126.5,126.5,0.45,16.7,1,2010,8,239,1
ML-2/2010,Meghalaya,East Khasi Hills,Meghalaya Police's C.I.D Quarters,,25.56183333,91.86855556,Debris,Slide,28 June 2010,2010-06-28,1,1,25.5,91.8,17.5,1525.0,6.93,270.0,2.9,20.1,99.4,99.4,270.6,512.7,512.7,0.45,99.4,1,2010,6,179,1
ML-3/2010,Meghalaya,East Khasi Hills,Lumsohra,,25.57188889,91.90127778,Debris,Slide,28 June 2010,2010-06-28,1,1,25.5,91.9,10.0,1525.0,5.37,31.8,3.15,19.0,68.2,68.2,179.4,355.9,355.9,0.45,68.2,1,2010,6,179,1
ML-4/2010,Meghalaya,East Khasi Hills,CathedralChurch,,25.56852778,91.89219444,Debris,Slide,28 June 2010,2010-06-28,1,1,25.5,91.8,17.5,1530.0,4.85,252.9,3.15,19.0,68.2,68.2,179.4,355.9,355.9,0.45,68.2,1,2010,6,179,1
ML-6/2010,Meghalaya,Jaintia Hills,Tongseng Landslide,,25.13561111,92.3805,Debris,Slide,22 April 2010,2010-04-22,1,1,25.1,92.3,25.0,189.0,19.22,328.9,0.1,0.5,20.7,20.7,204.6,335.0,335.0,0.45,20.7,1,2010,4,112,0
ML-7/2010,Meghalaya,Jaintia Hills,Tongseng Landslide,,25.13486111,92.382,Debris,Slide,22 April 2010,2010-04-22,1,1,25.1,92.3,25.0,168.0,24.57,285.1,0.55,1.7,24.4,24.4,225.6,377.5,377.5,0.45,24.4,1,2010,4,112,0
ML-8/2010,Meghalaya,Jaintia Hills,Sonapur,,25.12383333,92.38519444,Debris,Slide,22 April 2010,2010-04-22,1,1,25.1,92.3,25.0,124.0,28.39,6.2,0.05,0.1,14.4,14.4,186.0,274.1,274.1,0.45,14.4,1,2010,4,112,0
ML-9/2010,Meghalaya,Jaintia Hills,Kulyng Slide,,25.07533333,92.36341667,Debris,Slide,22 April 2010,2010-04-22,1,1,25.0,92.3,27.5,181.0,18.98,109.4,0.55,1.7,24.4,24.4,225.6,377.5,377.5,0.45,24.4,1,2010,4,112,0
ML-10/2010,Meghalaya,Jaintia Hills,Umkiang Slide,,25.05108333,92.40219444,Debris,Slide,22 April 2010,2010-04-22,1,1,25.0,92.4,35.0,94.0,17.77,93.6,0.05,0.1,14.4,14.4,186.0,274.1,274.1,0.45,14.4,1,2010,4,112,0
ML-11/2010,Meghalaya,Jaintia Hills,Dona Slide,,25.04305556,92.42041667,Debris,Slide,22 April 2010,2010-04-22,1,1,25.0,92.4,35.0,156.0,16.17,78.1,0.05,0.1,14.4,14.4,186.0,274.1,274.1,0.45,14.4,1,2010,4,112,0
ML-12/2010,Meghalaya,Jaintia Hills,Ratachera Slide,,25.04222222,92.44127778,Debris,Slide,22 April 2010,2010-04-22,1,1,25.0,92.4,35.0,299.0,19.25,68.3,0.05,0.1,14.4,14.4,186.0,274.1,274.1,0.45,14.4,1,2010,4,112,0
ML- 94/2011,Meghalaya,Ri-Bhoi,Umsaw Khwan slide,,25.67469444,91.88652778,Earth/Soil,Slide,26 June 2011,2011-06-26,1,1,25.6,91.8,43.33,1052.0,4.75,195.7,0.15,1.8,10.6,10.6,70.6,101.1,101.1,0.45,10.6,1,2011,6,177,1
MEG/EKH/SHILLONG/02,Meghalaya,East Khasi Hills,Rynjah,Rynjah GSI Office slide,25.56663056,91.91370556,Rock-cum-Debris,Slide,10 July 2019,2019-07-10,1,1,25.5,91.9,10.0,1527.0,3.96,257.5,1.85,7.2,67.0,67.0,89.8,207.9,207.9,0.45,67.0,1,2019,7,191,1
ML/EKH/78O11/2019-20/03,Meghalaya,East Khasi Hills,"Mawsynram, East Khasi Hills District, Meghalaya",Mawsynram - Lawbah,25.281,91.57330556,Debris,Slide,7 July 2019,2019-07-07,1,1,25.2,91.5,13.33,1332.0,29.34,335.9,1.5,3.9,96.7,96.7,224.6,288.1,288.1,0.45,96.7,1,2019,7,188,1
MEG/EKH/78O8/2019/07,Meghalaya,East Khasi Hills,Balat road slide - I,Pomblang Landslide,25.23211111,91.37252778,Debris,Slide,27 June 2019,2019-06-27,1,1,25.2,91.3,8.33,412.0,6.69,223.8,1.8,7.4,141.3,141.3,206.7,260.0,260.0,0.45,141.3,1,2019,6,178,1
MEG/EKH/78O8/2019/08,Meghalaya,East Khasi Hills,Balat road,Balat road slide - II,25.22194444,91.38422222,Debris,Slide,27 June 2019,2019-06-27,1,1,25.2,91.3,8.33,260.0,24.11,131.9,1.8,7.4,141.3,141.3,206.7,260.0,260.0,0.45,141.3,1,2019,6,178,1
MEG/EKH/78O8/2019/11,Meghalaya,East Khasi Hills,Balat-Shella road,Balat 4 km Slide,25.18688889,91.39855556,Debris,Slide,27 June 2019,2019-06-27,1,1,25.1,91.3,2.5,88.0,12.8,107.9,1.8,7.4,141.3,141.3,206.7,260.0,260.0,0.45,141.3,1,2019,6,178,1
MEG/WJH/83C3/2020/2,Meghalaya,West Jaintia Hills,Iawmusiang Wahthanad,Iawmusiang Landslide - I,25.44233333,92.19447222,Debris,Slide,26 May 2020,2020-05-26,1,1,25.4,92.1,14.17,1319.0,2.34,83.0,1.05,44.6,166.4,166.4,240.1,381.1,381.1,0.45,166.4,1,2020,5,147,0
MEG/WJH/83C3/2020/3,Meghalaya,West Jaintia Hills,Iawmusiang Wahthanad,Iawmusiang Landslide - II,25.44177778,92.19558333,Debris,Slide,26 May 2020,2020-05-26,1,1,25.4,92.1,14.17,1325.0,5.35,226.2,1.05,44.6,166.4,166.4,240.1,381.1,381.1,0.45,166.4,1,2020,5,147,0
MEG/WJH/83C3/2020/5,Meghalaya,West Jaintia Hills,Chutwakhu Rd near Govt. Boy’s Higher secondary school,Chutwakhu road landslide,25.43630556,92.19525,Earth/Soil,Slide,26 May 2020,2020-05-26,1,1,25.4,92.1,14.17,1363.0,6.15,337.9,1.05,44.6,166.4,166.4,240.1,381.1,381.1,0.45,166.4,1,2020,5,147,0
MEG/WJH/83C3/2020/6,Meghalaya,West Jaintia Hills,Chilliangraij,Chilliangraij Landslide,25.43505556,92.19836111,Debris,Slide,26 May 2020,2020-05-26,1,1,25.4,92.1,14.17,1344.0,7.46,7.9,1.05,44.6,166.4,166.4,240.1,381.1,381.1,0.45,166.4,1,2020,5,147,0
MEG/WJH/83C3/2020/7,Meghalaya,West Jaintia Hills,Salaroh,Salaroh Landslide,25.44741667,92.20138889,Earth/Soil,Slide,26 May 2020,2020-05-26,1,1,25.4,92.2,2.5,1364.0,10.6,80.8,1.05,44.6,166.4,166.4,240.1,381.1,381.1,0.45,166.4,1,2020,5,147,0
MEG/WJH/83C3/2020/8,Meghalaya,West Jaintia Hills,Caroline colony,Caroline-Jowai,25.45075,92.19452778,Debris,Slide,26 May 2020,2020-05-26,1,1,25.4,92.1,14.17,1344.0,16.04,228.8,0.35,10.9,86.0,86.0,113.2,245.4,245.4,0.45,86.0,1,2020,5,147,0
MEG/WJH/83C3/2020/9,Meghalaya,West Jaintia Hills,Shillong-Agartala-Sabrum Rd,Shillong-Agartala-Sabrum Rd,25.45351667,92.18784722,Earth/Soil,Slide,26 May 2020,2020-05-26,1,1,25.4,92.1,14.17,1262.0,6.87,314.7,0.35,10.9,86.0,86.0,113.2,245.4,245.4,0.45,86.0,1,2020,5,147,0
MEG/SG/78K12/2022/03,Meghalaya,South Garo Hills,Baghmara along the road.,Bhagmara slide,25.21022222,90.63220278,Debris,Slide,17 June 2022,2022-06-17,1,1,25.2,90.6,2.5,22.0,7.14,173.8,0.3,2.2,127.4,127.4,300.9,421.6,421.6,0.45,127.4,1,2022,6,168,1
MEG/EKH/78O15/2023/01,Meghalaya,East Khasi Hills,NH-40,"Ryngngain slide, before Lyngkyrdem village",25.365263,91.878497,Rock,Slide,13 April 2023,2023-04-13,1,1,25.3,91.8,32.5,1523.0,20.2,230.5,0.0,0.0,0.0,0.0,0.0,0.0,0.0,0.45,0.0,1,2023,4,103,0
MEG/WJH/83C03/2023-24/2,Meghalaya,West Jaintia Hills,Pynthor Langtein village,Pynthor Langtein slide,25.41955556,92.16194444,Earth/Soil,Slide,10 August 2023,2023-08-10,1,1,25.4,92.1,14.17,1395.0,6.0,70.6,0.0,0.3,2.4,2.4,33.4,113.3,113.3,0.45,2.4,1,2023,8,222,1
ME/EWK/2025/1,Meghalaya,Eastern-West Khasi Hill,Kynshi,,25.55256111,91.61870278,Debris,Fall,28 June 2024,2024-06-28,1,1,25.5,91.6,6.67,1668.0,10.61,21.1,0.1,0.7,8.5,8.5,23.5,40.0,40.0,0.45,8.5,1,2024,6,180,1
6892,Meghalaya,South West Khasi Hills,Wamney,Village Road,25.39295833,91.55163333,Debris,Slide,28 May 2024,2024-05-28,1,1,25.3,91.5,0.83,1438.0,20.02,47.9,0.0,0.6,128.0,128.0,217.3,225.3,225.3,0.45,128.0,1,2024,5,149,0
6874,Meghalaya,South West Khasi Hills,Jakarm,Mawkyrwat-Shillong Road,25.37129167,91.48003056,Debris,Fall,15 June 2024,2024-06-15,1,1,25.3,91.4,4.17,1564.0,4.74,164.2,0.35,1.9,21.3,21.3,78.6,110.5,110.5,0.45,21.3,1,2024,6,167,1
ME/SWK/2025/4,Meghalaya,South West Khasi Hills,Mawkyllung,Mawkyllung-Nongstoin Road,25.40288611,91.43424167,Debris,Fall,28 May 2024,2024-05-28,1,1,25.4,91.4,3.33,1526.0,6.07,9.8,0.0,0.6,106.1,106.1,199.5,209.6,209.6,0.45,106.1,1,2024,5,149,0
6891,Meghalaya,West Khasi Hills,Mawrok Sohsat,Mairang-Nongstoin Road,25.531739,91.296177,Debris,Slide,02 July 2024,2024-07-02,1,1,25.5,91.2,49.17,1510.0,20.95,90.7,0.05,0.1,21.0,21.0,123.7,176.9,176.9,0.45,21.0,1,2024,7,184,1
ME/WKH/2025/6,Meghalaya,West Khasi Hills,Sohpian,Mairang-Nongstoin Road,25.540056,91.314142,Debris,Fall,02 July 2024,2024-07-02,1,1,25.5,91.3,3.33,1537.0,8.03,98.1,0.05,0.1,21.0,21.0,123.7,176.9,176.9,0.45,21.0,1,2024,7,184,1
6890,Meghalaya,East Khasi Hills,Rymbai Petrol Pump(BPCL),Shillong-Umiam Road,25.641242,91.894137,Debris,Fall,02 July 2024,2024-07-02,1,1,25.6,91.8,43.33,1187.0,17.36,202.0,0.35,2.6,33.7,33.7,119.5,226.7,226.7,0.45,33.7,1,2024,7,184,1
4694,Meghalaya,East Khasi Hills,Mowing Rim,Umiam Road,25.65057222,91.89351389,Debris,Fall,02 July 2024,2024-07-02,1,1,25.6,91.8,43.33,1114.0,21.92,219.7,0.45,2.7,48.5,48.5,169.8,286.7,286.7,0.45,48.5,1,2024,7,184,1
6889,Meghalaya,East Khasi Hills,Umiam Lake,Umiam Road,25.64887222,91.89692778,Debris,Slide,02 July 2024,2024-07-02,1,1,25.6,91.8,43.33,1081.0,16.03,81.0,0.45,2.7,48.5,48.5,169.8,286.7,286.7,0.45,48.5,1,2024,7,184,1
ME/SWK/2025/16,Meghalaya,South West Khasi Hills,Mawiang,SH-3,25.619397,91.61704,Debris,Slide,30 May 2025,2025-05-30,1,1,25.6,91.6,28.33,1501.0,11.31,198.4,0.0,0.7,126.2,126.2,160.8,260.3,260.3,0.45,126.2,1,2025,5,150,0
4695,Meghalaya,Eastern-West Khasi Hill,Mawblei,SH-3,25.65443889,91.62390833,Debris,Fall,30 May 2025,2025-05-30,1,1,25.6,91.6,28.33,1444.0,14.45,250.7,0.0,0.7,126.2,126.2,160.8,260.3,260.3,0.45,126.2,1,2025,5,150,0
4696,Meghalaya,Eastern-West Khasi Hill,Nongkhlaw,SH-3,25.65443889,91.63345833,Debris,Slide,30 May 2025,2025-05-30,1,1,25.6,91.6,28.33,1424.0,13.02,346.5,0.0,0.7,126.2,126.2,160.8,260.3,260.3,0.45,126.2,1,2025,5,150,0
4697,Meghalaya,Eastern-West Khasi Hill,Nongkhlaw,SH-3,25.65977222,91.63440556,Debris,Fall,30 May 2025,2025-05-30,1,1,25.6,91.6,28.33,1400.0,9.72,223.2,0.0,0.7,126.2,126.2,160.8,260.3,260.3,0.45,126.2,1,2025,5,150,0
ME/EKH/2025/20,Meghalaya,East Khasi Hills,Umiam Hydal Project,GS Road,25.65308889,91.89803889,Debris,Slide,01 July 2024,2024-07-01,1,1,25.6,91.8,43.33,1040.0,15.77,256.7,0.55,2.5,76.6,76.6,150.5,252.4,252.4,0.45,76.6,1,2024,7,183,1
4699,Meghalaya,East Khasi Hills,Umiam Hydal Project,GS Road,25.65341111,91.89819444,Debris,Slide,01 July 2024,2024-07-01,1,1,25.6,91.8,43.33,1013.0,18.36,282.2,0.55,2.5,76.6,76.6,150.5,252.4,252.4,0.45,76.6,1,2024,7,183,1
ME/RIB/2025/22,Meghalaya,Ri-Bhoi,Umiam Hydal Project,GS Road,25.66315,91.90180278,Debris,Fall,30 May 2025,2025-05-30,1,1,25.6,91.9,10.0,1017.0,1.34,129.8,0.0,1.1,110.5,110.5,139.5,205.5,205.5,0.45,110.5,1,2025,5,150,0
4701,Meghalaya,Ri-Bhoi,Umsawlum A,GS Road,25.67032222,91.90487222,Debris,Slide,30 May 2025,2025-05-30,1,1,25.6,91.9,10.0,975.0,12.08,201.0,0.0,1.1,110.5,110.5,139.5,205.5,205.5,0.45,110.5,1,2025,5,150,0
ME/RIB/2025/24,Meghalaya,Ri-Bhoi,Umiam Flyover,Guwahati-Shillong Road,25.67517222,91.8983,Debris,Fall,30 June 2024,2024-06-30,1,1,25.6,91.8,43.33,998.0,13.17,211.3,2.0,6.1,44.7,44.7,98.5,186.9,186.9,0.45,44.7,1,2024,6,182,1
ME/EKH/2025/25,Meghalaya,East Khasi Hills,Lewmawiong,NH-206,25.42315556,91.86329167,Debris,Slide,31 May 2025,2025-05-31,1,1,25.4,91.8,16.67,1743.0,18.83,353.9,0.4,2.0,15.3,15.3,353.9,403.2,403.2,0.45,15.3,1,2025,5,151,0
4702,Meghalaya,East Khasi Hills,Lait-Sohphie,AH-2,25.30127778,91.92198889,Debris,Slide,30 May 2025,2025-05-30,1,1,25.3,91.9,28.33,1173.0,7.39,256.7,0.4,4.2,425.6,425.6,495.6,528.0,528.0,0.45,425.6,1,2025,5,150,0
4700,Meghalaya,Ri-Bhoi,Umiam,NH-6,25.67546111,91.89726944,Rock,Fall,30 June 2024,2024-06-30,1,1,25.6,91.8,43.33,975.0,6.6,173.3,2.0,6.1,44.7,44.7,98.5,186.9,186.9,0.45,44.7,1,2024,6,182,1
ME/RIB/2025/28,Meghalaya,Ri-Bhoi,Ri-Bhoi Slope Failure (ME/RIB/2025/28),NH-6,25.67761389,91.89865833,Debris,Slide,30 May 2025,2025-05-30,1,1,25.6,91.8,43.33,967.0,9.22,268.2,0.0,1.1,110.5,110.5,139.5,205.5,205.5,0.45,110.5,1,2025,5,150,0
ME/EWK/2026/29,Meghalaya,Eastern-West Khasi Hill,Umkrem,Umkrem,25.49551944,91.49585278,Debris,Slide,02 July 2025,2025-07-02,1,1,25.4,91.4,3.33,1580.0,12.32,20.5,0.35,1.6,5.6,5.6,15.2,25.6,25.6,0.45,5.6,1,2025,7,183,1
ME/EWK/2026/30,Meghalaya,South West Khasi Hills,Mawpud,Ranikor,25.28247222,91.36413333,Debris,Slide,30 May 2025,2025-05-30,1,1,25.2,91.3,8.33,993.0,41.97,304.8,0.15,1.9,188.7,188.7,253.2,288.0,288.0,0.45,188.7,1,2025,5,150,0
ME/SWK/2026/31,Meghalaya,South West Khasi Hills,Mawpud,Ranikor,25.28090556,91.36584722,Debris,Slide,30 May 2025,2025-05-30,1,1,25.2,91.3,8.33,935.0,36.51,316.1,0.25,1.7,200.6,200.6,262.3,305.3,305.3,0.45,200.6,1,2025,5,150,0
ME/RIB/2026/32,Meghalaya,Ri-Bhoi,Umbang 1,NH-6,25.68255833,91.90111389,Debris,Slide,30 June 2024,2024-06-30,1,1,25.6,91.9,10.0,938.0,9.45,205.7,2.0,6.1,44.7,44.7,98.5,186.9,186.9,0.45,44.7,1,2024,6,182,1
7236,Meghalaya,Ri-Bhoi,Umbang 2,NH-6,25.68591944,91.90256667,Debris,Slide,30 June 2024,2024-06-30,1,1,25.6,91.9,10.0,901.0,19.89,259.7,2.0,6.1,44.7,44.7,98.5,186.9,186.9,0.45,44.7,1,2024,6,182,1
7237,Meghalaya,Ri-Bhoi,Sahkynduh,NH-6,25.71165556,91.89512778,Debris,Slide,30 May 2025,2025-05-30,1,1,25.7,91.8,7.5,866.0,12.62,141.4,0.0,1.1,110.5,110.5,139.5,205.5,205.5,0.45,110.5,1,2025,5,150,0
7239,Meghalaya,Ri-Bhoi,Ri-Bhoi Pataraim,NH-6,25.75297778,91.88535278,Debris,Fall,30 May 2025,2025-05-30,1,1,25.7,91.8,7.5,820.0,12.1,332.5,0.0,1.5,92.7,92.7,123.0,189.9,189.9,0.45,92.7,1,2025,5,150,0
7240,Meghalaya,Ri-Bhoi,Umsamlan 1,NH-6,25.79744444,91.87408611,Debris,Slide,14 June 2024,2024-06-14,1,1,25.7,91.8,7.5,605.0,13.67,205.2,0.0,0.0,0.3,0.3,20.2,35.4,35.4,0.45,0.3,1,2024,6,166,1
ME/RIB/2026/37,Meghalaya,Ri-Bhoi,Umsamlan 2,NH-6,25.80725833,91.87509444,Debris,Slide,14 July 2024,2024-07-14,1,1,25.8,91.8,4.17,600.0,2.63,191.3,0.0,0.0,6.4,6.4,31.1,69.0,69.0,0.45,6.4,1,2024,7,196,1
7242,Meghalaya,West Khasi Hills,West Khasi Hills Slope Failure (7242),Nongstoin-RongjongTura Road,25.62269444,91.16914444,Debris,Slide,02 July 2024,2024-07-02,1,1,25.6,91.1,30.83,1215.0,8.65,117.4,0.0,0.0,22.4,22.4,109.7,181.4,181.4,0.45,22.4,1,2024,7,184,1
ME/WKH/2026/39,Meghalaya,West Khasi Hills,West Khasi Hills Slope Failure (ME/WKH/2026/39),Nongstoin-RongjongTura Road,25.61276111,91.17375278,Debris,Slide,02 July 2024,2024-07-02,1,1,25.6,91.1,30.83,1151.0,7.3,108.2,0.0,0.0,22.4,22.4,109.7,181.4,181.4,0.45,22.4,1,2024,7,184,1
7243,Meghalaya,West Khasi Hills,West Khasi Hills Slope Failure (7243),Nongstoin-RongjongTura Road,25.66156667,91.13485278,Debris,Slide,02 July 2024,2024-07-02,1,1,25.6,91.1,30.83,1116.0,13.63,188.5,0.0,0.1,23.5,23.5,111.4,173.4,173.4,0.45,23.5,1,2024,7,184,1
7244,Meghalaya,Eastern-West Khasi Hill,Nongkhlaw-Tirotsing 1,Mairang-Guwahati Road,25.69150833,91.64160833,Debris,Slide,29 May 2025,2025-05-29,1,1,25.6,91.6,28.33,1328.0,7.78,253.0,1.35,7.3,34.3,34.3,65.1,141.9,141.9,0.45,34.3,1,2025,5,149,0
ME/EWK/2026/42,Meghalaya,Eastern-West Khasi Hill,Nongkhlaw-Tirotsing 2,Mairang-Guwahati Road,25.69517778,91.64123611,Debris,Slide,30 May 2025,2025-05-30,1,1,25.6,91.6,28.33,1289.0,3.4,337.7,0.0,0.7,111.4,111.4,149.3,250.4,250.4,0.45,111.4,1,2025,5,150,0
ME/EWK/2026/43,Meghalaya,Eastern-West Khasi Hill,Eastern-West Khasi Hill Slope Failure (ME/EWK/2026/43),Mairang-Guwahati Road,25.69688611,91.64176667,Debris,Slide,25 June 2025,2025-06-25,1,1,25.6,91.6,28.33,1267.0,5.66,216.2,1.55,4.0,28.0,28.0,111.8,262.3,262.3,0.45,28.0,1,2025,6,176,1
ME/EWK/2026/44,Meghalaya,Eastern-West Khasi Hill,Nongkhlaw-Tirotsing 3,Mairang-Guwahati Road,25.70087778,91.642902,Debris,Slide,08 October 2024,2024-10-08,1,1,25.7,91.6,6.67,1209.0,22.36,274.9,0.0,0.0,13.6,13.6,29.0,168.8,168.8,0.45,13.6,1,2024,10,282,0
ME/EWK/2026/45,Meghalaya,Eastern-West Khasi Hill,Nongkhlaw-Tirotsing 4,Mairang-Guwahati Road,25.69866667,91.64517222,Debris,Slide,06 August 2024,2024-08-06,1,1,25.6,91.6,28.33,1235.0,21.35,356.0,0.05,0.2,26.6,26.6,100.4,208.5,208.5,0.45,26.6,1,2024,8,219,1
7245,Meghalaya,Eastern-West Khasi Hill,Eastern-West Khasi Hill Slope Failure (7245),Mairang-Guwahati Road,25.69683611,91.64485556,Debris,Slide,06 August 2024,2024-08-06,1,1,25.6,91.6,28.33,1278.0,28.07,10.2,0.05,0.2,26.6,26.6,100.4,208.5,208.5,0.45,26.6,1,2024,8,219,1
ME/EWK/2026/47,Meghalaya,Eastern-West Khasi Hill,Eastern-West Khasi Hill Slope Failure (ME/EWK/2026/47),Mairang-Guwahati Road,25.69523333,91.64426944,Debris,Slide,30 May 2025,2025-05-30,1,1,25.6,91.6,28.33,1220.0,25.8,7.0,0.0,0.7,111.4,111.4,149.3,250.4,250.4,0.45,111.4,1,2025,5,150,0
ME/EWK/2026/48,Meghalaya,Eastern-West Khasi Hill,Eastern-West Khasi Hill Slope Failure (ME/EWK/2026/48),Mairang-Guwahati Road,25.69463611,91.64577778,Debris,Slide,30 May 2025,2025-05-30,1,1,25.6,91.6,28.33,1201.0,25.43,324.0,0.0,0.7,111.4,111.4,149.3,250.4,250.4,0.45,111.4,1,2025,5,150,0
ME/EWK/2026/49,Meghalaya,Eastern-West Khasi Hill,Eastern-West Khasi Hill Slope Failure (ME/EWK/2026/49),Mairang-Guwahati Road,25.68698889,91.64812222,Rock,Slide,28 May 2025,2025-05-28,1,1,25.6,91.6,28.33,1177.0,30.74,333.0,0.2,0.4,3.6,3.6,42.7,126.5,126.5,0.45,3.6,1,2025,5,148,0
ME/EWK/2026/50,Meghalaya,Eastern-West Khasi Hill,Eastern-West Khasi Hill Slope Failure (ME/EWK/2026/50),Mairang-Guwahati Road,25.68690556,91.64915278,Debris,Fall,28 May 2025,2025-05-28,1,1,25.6,91.6,28.33,1126.0,21.91,330.5,0.2,0.4,3.6,3.6,42.7,126.5,126.5,0.45,3.6,1,2025,5,148,0
ME/EWK/2026/51,Meghalaya,Eastern-West Khasi Hill,Eastern-West Khasi Hill Slope Failure (ME/EWK/2026/51),Nongkhlaw-Guwahati Road,25.688833,91.653639,Earth/Soil,Slide,25 June 2025,2025-06-25,1,1,25.6,91.6,28.33,1024.0,25.18,253.3,1.55,4.0,28.0,28.0,111.8,262.3,262.3,0.45,28.0,1,2025,6,176,1
7246,Meghalaya,Eastern-West Khasi Hill,Eastern-West Khasi Hill Slope Failure (7246),Mairang-Guwahati Road,25.68798889,91.65838889,Debris,Slide,28 May 2024,2024-05-28,1,1,25.6,91.6,28.33,1008.0,24.8,276.2,0.0,0.0,72.8,72.8,139.1,170.1,170.1,0.45,72.8,1,2024,5,149,0
7247,Meghalaya,Eastern-West Khasi Hill,Eastern-West Khasi Hill Slope Failure (7247),Nongkhlaw-Guwahati Road,25.68805,91.66653,Debris,Slide,28 May 2024,2024-05-28,1,1,25.6,91.6,28.33,956.0,17.44,295.4,0.0,0.0,72.8,72.8,139.1,170.1,170.1,0.45,72.8,1,2024,5,149,0
ME/EWK/2026/54,Meghalaya,Eastern-West Khasi Hill,Eastern-West Khasi Hill Slope Failure (ME/EWK/2026/54),Mairang-Guwahati Road,25.68822222,91.66746111,Debris,Slide,11 June 2025,2025-06-11,1,1,25.6,91.6,28.33,936.0,24.46,298.2,0.0,0.0,6.4,6.4,12.3,64.4,64.4,0.45,6.4,1,2025,6,162,1
7248,Meghalaya,Eastern-West Khasi Hill,Mawiongkhri,Nongkhlaw-Guwahati Road,25.69007,91.67085,Debris,Slide,11 June 2025,2025-06-11,1,1,25.6,91.6,28.33,868.0,5.12,206.9,0.0,0.0,6.4,6.4,12.3,64.4,64.4,0.45,6.4,1,2025,6,162,1
7249,Meghalaya,Eastern-West Khasi Hill,Umniangriang,Mairang-Guwahati Road,25.733262,91.675754,Debris,Slide,11 June 2025,2025-06-11,1,1,25.7,91.6,6.67,727.0,7.3,71.8,0.0,0.0,3.7,3.7,8.5,42.0,42.0,0.45,3.7,1,2025,6,162,1
7250,Meghalaya,Eastern-West Khasi Hill,Boulder Stone Quarry Site,Mairang-Guwahati Road,25.762051,91.658959,Debris,Slide,29 May 2024,2024-05-29,1,1,25.7,91.6,6.67,798.0,15.67,74.5,0.0,0.0,3.8,3.8,113.9,133.3,133.3,0.45,3.8,1,2024,5,150,0
ME/EWK/2026/58,Meghalaya,Eastern-West Khasi Hill,Mawpat,Mairang-Guwahati Road,25.770935,91.656497,Debris,Slide,29 May 2024,2024-05-29,1,1,25.7,91.6,6.67,762.0,13.91,171.6,0.0,0.0,3.8,3.8,113.9,133.3,133.3,0.45,3.8,1,2024,5,150,0
7251,Meghalaya,Eastern-West Khasi Hill,Madpan,Mairang-Guwahati Road,25.791616,91.658242,Debris,Slide,29 May 2024,2024-05-29,1,1,25.7,91.6,6.67,734.0,10.56,277.7,0.0,0.0,3.8,3.8,113.9,133.3,133.3,0.45,3.8,1,2024,5,150,0
ME/EWK/2026/60,Meghalaya,Eastern-West Khasi Hill,Eastern-West Khasi Hill Slope Failure (ME/EWK/2026/60),Mairang-Guwahati Road,25.803984,91.659801,Debris,Slide,28 August 2024,2024-08-28,1,1,25.8,91.6,0.83,695.0,9.01,319.2,0.0,0.0,1.9,1.9,6.3,89.8,89.8,0.45,1.9,1,2024,8,241,1
7252,Meghalaya,Eastern-West Khasi Hill,Mawkarah,Nongkhlaw Road,25.700668,91.596815,Debris,Slide,31 May 2025,2025-05-31,1,1,25.7,91.5,1.67,1337.0,5.98,295.4,0.0,0.0,3.7,3.7,127.7,215.0,215.0,0.45,3.7,1,2025,5,151,0
ME/EWK/2026/62,Meghalaya,Eastern-West Khasi Hill,Eastern-West Khasi Hill Slope Failure (ME/EWK/2026/62),Jakhong Road,25.739454,91.572107,Debris,Slide,31 May 2025,2025-05-31,1,1,25.7,91.5,1.67,883.0,23.9,307.5,0.0,0.4,25.0,25.0,142.0,222.8,222.8,0.45,25.0,1,2025,5,151,0
7598,Meghalaya,South West Garo Hills,Betasing,Kongpara,25.567423,89.979711,Debris,Slide,13 July 2026,2026-07-13,1,1,25.5,89.9,4.17,36.0,4.03,172.7,0.05,0.3,61.9,61.9,142.7,244.1,244.1,0.45,61.9,1,2026,7,194,1
3442,Meghalaya,East Khasi Hills,Pohkseh,BL-D/24,25.566518,91.914509,Rock,Fall,19 August 2025,2025-08-19,1,1,25.5,91.9,10.0,1531.0,1.03,270.0,0.0,0.0,2.3,2.3,7.7,74.6,74.6,0.45,2.3,1,2025,8,231,1
MIZO/AIZ/84A10/2007/E-3,Mizoram,Aizawl,Bawng Venglai slide,,23.751694,92.731528,Debris,Slide,8 September 2007,2007-09-08,1,1,23.7,92.7,157.5,929.0,28.79,136.5,0.0,0.0,11.0,11.0,72.8,130.9,130.9,0.45,11.0,1,2007,9,251,1
MZ/AZL/84A10/2024/001,Mizoram,Aizawl,Aizawl Slope Failure (MZ/AZL/84A10/2024/001),"Luangmual, Aizawl",23.73888889,92.69638889,Debris,Slide,28 May 2024,2024-05-28,1,1,23.7,92.6,49.17,1009.0,21.52,213.3,0.0,2.3,68.8,68.8,125.9,178.8,178.8,0.45,68.8,1,2024,5,149,0
MZ/AZL/84A10/2024/002,Mizoram,Aizawl,Aizawl Slope Failure (MZ/AZL/84A10/2024/002),"Luangmual, Aizawl",23.73947222,92.69666667,Debris,Complex,28 May 2024,2024-05-28,1,1,23.7,92.6,49.17,1026.0,25.72,203.1,0.0,2.3,68.8,68.8,125.9,178.8,178.8,0.45,68.8,1,2024,5,149,0
MZ/AZL/84A10/2024/003,Mizoram,Aizawl,Aizawl Slope Failure (MZ/AZL/84A10/2024/003),"Luangmual, Aizawl",23.74027778,92.69722222,Earth/Soil,Slide,28 May 2024,2024-05-28,1,1,23.7,92.6,49.17,995.0,16.16,237.1,0.0,2.3,68.8,68.8,125.9,178.8,178.8,0.45,68.8,1,2024,5,149,0
MZ/AZL/84A10/2024/004,Mizoram,Aizawl,Aizawl Slope Failure (MZ/AZL/84A10/2024/004),"Luangmual, Aizawl",23.74066667,92.69336111,Debris,Slide,28 May 2024,2024-05-28,1,1,23.7,92.6,49.17,920.0,20.51,180.7,0.0,2.3,68.8,68.8,125.9,178.8,178.8,0.45,68.8,1,2024,5,149,0
MZ/AZL/84A10/2024/005,Mizoram,Aizawl,Aizawl Slope Failure (MZ/AZL/84A10/2024/005),"Mizoram Law College, Luangmual, Aizawl",23.7385748,92.6941941,Debris,Slide,28 May 2024,2024-05-28,1,1,23.7,92.6,49.17,940.0,24.8,226.2,0.0,2.3,68.8,68.8,125.9,178.8,178.8,0.45,68.8,1,2024,5,149,0
MZ/AZL/84A10/2024/006,Mizoram,Aizawl,Aizawl Slope Failure (MZ/AZL/84A10/2024/006),"R Romawia (L) Chawlhhmun, Aizawl",23.74472222,92.69277778,Debris,Slide,28 May 2024,2024-05-28,1,1,23.7,92.6,49.17,984.0,5.16,86.9,0.0,2.3,68.8,68.8,125.9,178.8,178.8,0.45,68.8,1,2024,5,149,0
MZ/AZL/84A10/2024/007,Mizoram,Aizawl,Aizawl Slope Failure (MZ/AZL/84A10/2024/007),"Luangmual, Aizawl",23.74116667,92.69455556,Debris,Slide,28 May 2024,2024-05-28,1,1,23.7,92.6,49.17,916.0,15.01,200.7,0.0,2.3,68.8,68.8,125.9,178.8,178.8,0.45,68.8,1,2024,5,149,0
MZ/AZL/84A10/2024/008,Mizoram,Aizawl,Aizawl Slope Failure (MZ/AZL/84A10/2024/008),"Luangmual - Ainawn road, Aizawl",23.7375,92.69444444,Debris,Slide,28 May 2024,2024-05-28,1,1,23.7,92.6,49.17,1006.0,11.52,239.5,0.0,2.3,68.8,68.8,125.9,178.8,178.8,0.45,68.8,1,2024,5,149,0
MZ/AZL/84A10/2024/009,Mizoram,Aizawl,Aizawl Slope Failure (MZ/AZL/84A10/2024/009),"Luangmual-Ainawn road, Aizawl",23.73386111,92.69491667,Debris,Complex,28 May 2024,2024-05-28,1,1,23.7,92.6,49.17,927.0,15.9,85.0,0.0,2.3,68.8,68.8,125.9,178.8,178.8,0.45,68.8,1,2024,5,149,0
MZ/AZL/84A10/2024/010,Mizoram,Aizawl,Aizawl Slope Failure (MZ/AZL/84A10/2024/010),"Ainawn Veng, Aizawl",23.72669444,92.69519444,Debris,Complex,28 May 2024,2024-05-28,1,1,23.7,92.6,49.17,901.0,15.54,120.9,0.0,2.3,68.8,68.8,125.9,178.8,178.8,0.45,68.8,1,2024,5,149,0
MZ/AZL/84A10/2024/011,Mizoram,Aizawl,Aizawl Slope Failure (MZ/AZL/84A10/2024/011),"Ainawn, Aizawl.",23.73361111,92.69388889,Earth/Soil,Slide,28 May 2024,2024-05-28,1,1,23.7,92.6,49.17,899.0,16.27,109.7,0.0,2.3,68.8,68.8,125.9,178.8,178.8,0.45,68.8,1,2024,5,149,0
MZ/AZL/84A10/2024/012,Mizoram,Aizawl,Aizawl Slope Failure (MZ/AZL/84A10/2024/012),"Zonuam, Aizawl",23.73472222,92.695,Earth/Soil,Slide,28 May 2024,2024-05-28,1,1,23.7,92.6,49.17,920.0,9.26,35.5,0.0,2.3,68.8,68.8,125.9,178.8,178.8,0.45,68.8,1,2024,5,149,0
MZ/AZL/84A10/2024/014,Mizoram,Aizawl,Aizawl Slope Failure (MZ/AZL/84A10/2024/014),"Zonuam, Aizawl",23.73305556,92.69944444,Debris,Slide,28 May 2024,2024-05-28,1,1,23.7,92.6,49.17,899.0,18.61,110.5,0.0,2.3,68.8,68.8,125.9,178.8,178.8,0.45,68.8,1,2024,5,149,0
MZ/AZL/84A10/2024/015,Mizoram,Aizawl,Aizawl Slope Failure (MZ/AZL/84A10/2024/015),"Zonuam, Aizawl",23.74972222,92.69833333,Debris,Slide,28 May 2024,2024-05-28,1,1,23.7,92.6,49.17,613.0,17.24,336.9,0.0,2.3,68.8,68.8,125.9,178.8,178.8,0.45,68.8,1,2024,5,149,0
MZ/AZL/84A10/2024/016,Mizoram,Aizawl,Aizawl Slope Failure (MZ/AZL/84A10/2024/016),"Chawnpui, Aizawl",23.73111111,92.70222222,Debris,Slide,28 May 2024,2024-05-28,1,1,23.7,92.7,157.5,852.0,7.91,187.5,0.0,2.3,68.8,68.8,125.9,178.8,178.8,0.45,68.8,1,2024,5,149,0
MZ/AZL/84A10/2024/017,Mizoram,Aizawl,Aizawl Slope Failure (MZ/AZL/84A10/2024/017),"Chawnpui, Aizawl",23.73111111,92.70388889,Debris,Slide,28 May 2024,2024-05-28,1,1,23.7,92.7,157.5,899.0,3.62,94.5,0.0,2.3,68.8,68.8,125.9,178.8,178.8,0.45,68.8,1,2024,5,149,0
MZ/AZL/84A10/2024/018,Mizoram,Aizawl,Aizawl Slope Failure (MZ/AZL/84A10/2024/018),"Chawnpui, Aizawl",23.73333333,92.70527778,Debris,Slide,28 May 2024,2024-05-28,1,1,23.7,92.7,157.5,954.0,14.22,155.9,0.0,2.3,68.8,68.8,125.9,178.8,178.8,0.45,68.8,1,2024,5,149,0
MZ/AZL/84A10/2024/020,Mizoram,Aizawl,Aizawl Slope Failure (MZ/AZL/84A10/2024/020),"Zonuam, Aizawl",23.73583333,92.69777778,Debris,Slide,28 May 2024,2024-05-28,1,1,23.7,92.6,49.17,1017.0,17.27,89.1,0.0,2.3,68.8,68.8,125.9,178.8,178.8,0.45,68.8,1,2024,5,149,0
MZ/AZL/84A10/2024/021,Mizoram,Aizawl,Aizawl Slope Failure (MZ/AZL/84A10/2024/021),"Kanaan Cemetery, Aizawl",23.73132778,92.70821944,Debris,Slide,28 May 2024,2024-05-28,1,1,23.7,92.7,157.5,894.0,7.72,85.8,0.0,2.3,68.8,68.8,125.9,178.8,178.8,0.45,68.8,1,2024,5,149,0
MZ/AZL/84A10/2024/022,Mizoram,Aizawl,Aizawl Slope Failure (MZ/AZL/84A10/2024/022),"MINECO, Aizawl",23.72428333,92.70737778,Debris,Slide,28 May 2024,2024-05-28,1,1,23.7,92.7,157.5,970.0,21.97,146.1,0.0,2.3,68.8,68.8,125.9,178.8,178.8,0.45,68.8,1,2024,5,149,0
MZ/AZL/84A10/2024/023,Mizoram,Aizawl,Aizawl Slope Failure (MZ/AZL/84A10/2024/023),"Bungkawn, Aizawl",23.72276944,92.70665,Debris,Slide,28 May 2024,2024-05-28,1,1,23.7,92.7,157.5,931.0,8.3,215.9,0.0,2.3,68.8,68.8,125.9,178.8,178.8,0.45,68.8,1,2024,5,149,0
MZ/AZL/84A10/2024/024,Mizoram,Aizawl,Aizawl Slope Failure (MZ/AZL/84A10/2024/024),"Mission Vengthlang, Aizawl",23.71446389,92.71146389,Debris,Flow,28 May 2024,2024-05-28,1,1,23.7,92.7,157.5,920.0,24.94,247.0,0.0,2.3,68.8,68.8,125.9,178.8,178.8,0.45,68.8,1,2024,5,149,0
MZ/AZL/84A10/2024/025,Mizoram,Aizawl,Aizawl Slope Failure (MZ/AZL/84A10/2024/025),"MSVT to Reiek Road, Aizawl",23.71581111,92.70935,Debris,Slide,28 May 2024,2024-05-28,1,1,23.7,92.7,157.5,892.0,25.32,88.2,0.0,2.3,68.8,68.8,125.9,178.8,178.8,0.45,68.8,1,2024,5,149,0
MZ/AZL/84A10/2024/026,Mizoram,Aizawl,Aizawl Slope Failure (MZ/AZL/84A10/2024/026),"Bungkawn, Nursery, Aizawl",23.71595,92.70879444,Debris,Complex,28 May 2024,2024-05-28,1,1,23.7,92.7,157.5,920.0,25.43,125.4,0.0,2.3,68.8,68.8,125.9,178.8,178.8,0.45,68.8,1,2024,5,149,0
MZ/AZL/84A10/2024/027,Mizoram,Aizawl,Aizawl Slope Failure (MZ/AZL/84A10/2024/027),"Nursery Veng, Aizawl",23.7175,92.70666667,Earth/Soil,Slide,28 May 2024,2024-05-28,1,1,23.7,92.7,157.5,885.0,25.67,155.6,0.0,2.3,68.8,68.8,125.9,178.8,178.8,0.45,68.8,1,2024,5,149,0
MZ/AZL/84A10/2024/0028,Mizoram,Aizawl,Aizawl Slope Failure (MZ/AZL/84A10/2024/0028),"Nursery Veng, Aizawl",23.71740833,92.70644167,Earth/Soil,Slide,28 May 2024,2024-05-28,1,1,23.7,92.7,157.5,887.0,16.02,150.9,0.0,2.3,68.8,68.8,125.9,178.8,178.8,0.45,68.8,1,2024,5,149,0
MZ/AZL/84A10/2024/029,Mizoram,Aizawl,Aizawl Slope Failure (MZ/AZL/84A10/2024/029),"Nursery Veng, Aizawl",23.71735556,92.70753333,Earth/Soil,Complex,28 May 2024,2024-05-28,1,1,23.7,92.7,157.5,912.0,18.62,142.0,0.0,2.3,68.8,68.8,125.9,178.8,178.8,0.45,68.8,1,2024,5,149,0
MZ/AZL/84A10/2024/030,Mizoram,Aizawl,Aizawl Slope Failure (MZ/AZL/84A10/2024/030),"Nursery Veng, Aizawl",23.71721667,92.70777778,Debris,Slide,28 May 2024,2024-05-28,1,1,23.7,92.7,157.5,912.0,14.62,139.0,0.0,2.3,68.8,68.8,125.9,178.8,178.8,0.45,68.8,1,2024,5,149,0
MZ/AZL/84A10/2024/031,Mizoram,Aizawl,Aizawl Slope Failure (MZ/AZL/84A10/2024/031),"Nursery Veng, Aizawl",23.71697222,92.70817222,Debris,Complex,28 May 2024,2024-05-28,1,1,23.7,92.7,157.5,912.0,22.79,156.0,0.0,2.3,68.8,68.8,125.9,178.8,178.8,0.45,68.8,1,2024,5,149,0
MZ/AZL/84A10/2024/032,Mizoram,Aizawl,Aizawl Slope Failure (MZ/AZL/84A10/2024/032),"Mission Vengthlang, Aizawl",23.71305556,92.70895833,Debris,Slide,28 May 2024,2024-05-28,1,1,23.7,92.7,157.5,985.0,8.38,213.4,0.0,2.3,68.8,68.8,125.9,178.8,178.8,0.45,68.8,1,2024,5,149,0
MZ/AZL/84A10/2024/033,Mizoram,Aizawl,Aizawl Slope Failure (MZ/AZL/84A10/2024/033),"Model Veng, Aizawl",23.71523056,92.71529167,Debris,Slide,28 May 2024,2024-05-28,1,1,23.7,92.7,157.5,1021.0,7.04,146.8,0.0,1.9,68.0,68.0,108.3,165.3,165.3,0.45,68.0,1,2024,5,149,0
MZ/AZL/84A10/2024/034,Mizoram,Aizawl,Aizawl Slope Failure (MZ/AZL/84A10/2024/034),"Chanmari-Chanmari West, Aizawl",23.74,92.715,Debris,Complex,28 May 2024,2024-05-28,1,1,23.7,92.7,157.5,1003.0,42.14,221.8,0.0,1.9,68.0,68.0,108.3,165.3,165.3,0.45,68.0,1,2024,5,149,0
MZ/AZL/84A10/2024/035,Mizoram,Aizawl,Aizawl Slope Failure (MZ/AZL/84A10/2024/035),"Chanmari-Chanmari west, Aizawl",23.73944444,92.71472222,Rock,Fall,28 May 2024,2024-05-28,1,1,23.7,92.7,157.5,987.0,33.05,211.3,0.0,1.9,68.0,68.0,108.3,165.3,165.3,0.45,68.0,1,2024,5,149,0
MZ/AZL/84A10/2024/036,Mizoram,Aizawl,Aizawl Slope Failure (MZ/AZL/84A10/2024/036),"Salem Veng, Aizawl",23.71138889,92.72444444,Earth/Soil,Slide,28 May 2024,2024-05-28,1,1,23.7,92.7,157.5,941.0,22.74,26.8,0.0,1.9,68.0,68.0,108.3,165.3,165.3,0.45,68.0,1,2024,5,149,0
MZ/AZL/84A10/2024/037,Mizoram,Aizawl,Aizawl Slope Failure (MZ/AZL/84A10/2024/037),"Mission Veng, Aizawl",23.71638889,92.72111111,Debris,Slide,28 May 2024,2024-05-28,1,1,23.7,92.7,157.5,986.0,19.38,11.8,0.0,1.9,68.0,68.0,108.3,165.3,165.3,0.45,68.0,1,2024,5,149,0
MZ/AZL/84A10/2024/038,Mizoram,Aizawl,Aizawl Slope Failure (MZ/AZL/84A10/2024/038),"Salem Veng, Aizawl",23.71444444,92.72861111,Debris,Slide,28 May 2024,2024-05-28,1,1,23.7,92.7,157.5,857.0,18.87,344.7,0.0,1.9,68.0,68.0,108.3,165.3,165.3,0.45,68.0,1,2024,5,149,0
MZ/AZL/84A10/2024/041,Mizoram,Aizawl,Aizawl Slope Failure (MZ/AZL/84A10/2024/041),"Salem Veng cemetery, Aizawl",23.71571389,92.72659722,Debris,Slide,28 May 2024,2024-05-28,1,1,23.7,92.7,157.5,856.0,16.75,294.1,0.0,1.9,68.0,68.0,108.3,165.3,165.3,0.45,68.0,1,2024,5,149,0
MZ/AZL/84A10/2024/042,Mizoram,Aizawl,Aizawl Slope Failure (MZ/AZL/84A10/2024/042),"Venghnuai, Aizawl",23.7104,92.72237778,Debris,Slide,28 May 2024,2024-05-28,1,1,23.7,92.7,157.5,993.0,29.93,50.8,0.0,1.9,68.0,68.0,108.3,165.3,165.3,0.45,68.0,1,2024,5,149,0
MZ/AZL/84A10/2024/043,Mizoram,Aizawl,Aizawl Slope Failure (MZ/AZL/84A10/2024/043),"Republic Veng, Aizawl",23.71865833,92.72335278,Debris,Complex,28 May 2024,2024-05-28,1,1,23.7,92.7,157.5,941.0,28.37,353.3,0.0,1.9,68.0,68.0,108.3,165.3,165.3,0.45,68.0,1,2024,5,149,0
MZ/AZL/84A10/2024/044,Mizoram,Aizawl,Aizawl Slope Failure (MZ/AZL/84A10/2024/044),"Republic Veng, Lungli Road, Aizawl",23.7175,92.71972222,Debris,Complex,19 September 2023,2023-09-19,1,1,23.7,92.7,157.5,1129.0,14.48,112.4,0.0,0.0,25.2,25.2,69.2,115.8,115.8,0.45,25.2,1,2023,9,262,1
MZ/AZL/84A10/2024/045,Mizoram,Aizawl,Aizawl Slope Failure (MZ/AZL/84A10/2024/045),"Kulikawn cemetery, Aizawl",23.71,92.71611111,Debris,Slide,28 May 2024,2024-05-28,1,1,23.7,92.7,157.5,911.0,12.03,231.4,0.0,1.9,68.0,68.0,108.3,165.3,165.3,0.45,68.0,1,2024,5,149,0
MZ/AZL/84A10/2024/047,Mizoram,Aizawl,Aizawl Slope Failure (MZ/AZL/84A10/2024/047),"Kulikawn, Aizawl",23.70666667,92.71444444,Debris,Flow,28 May 2024,2024-05-28,1,1,23.7,92.7,157.5,966.0,37.01,273.7,0.0,1.9,68.0,68.0,108.3,165.3,165.3,0.45,68.0,1,2024,5,149,0
MZ/AZL/84A10/2024/048,Mizoram,Aizawl,Aizawl Slope Failure (MZ/AZL/84A10/2024/048),"Tlangnuam, Aizawl",23.70527778,92.71138889,Debris,Slide,28 May 2024,2024-05-28,1,1,23.7,92.7,157.5,1000.0,29.74,246.1,0.0,2.3,68.8,68.8,125.9,178.8,178.8,0.45,68.8,1,2024,5,149,0
MZ/AZL/84A10/2024/049,Mizoram,Aizawl,Aizawl Slope Failure (MZ/AZL/84A10/2024/049),"Tlangnuam CP Road, Aizawl",23.70416667,92.71222222,Earth/Soil,Slide,28 May 2024,2024-05-28,1,1,23.7,92.7,157.5,1085.0,18.25,115.6,0.0,2.3,68.8,68.8,125.9,178.8,178.8,0.45,68.8,1,2024,5,149,0
MZ/AZL/84A10/2024/050,Mizoram,Aizawl,Aizawl Slope Failure (MZ/AZL/84A10/2024/050),"Tlangnuam Vengthar, Aizawl",23.70027778,92.71611111,Debris,Slide,28 May 2024,2024-05-28,1,1,23.7,92.7,157.5,998.0,20.66,172.5,0.0,1.9,68.0,68.0,108.3,165.3,165.3,0.45,68.0,1,2024,5,149,0
MZ/AZL/84A10/2024/051,Mizoram,Aizawl,Aizawl Slope Failure (MZ/AZL/84A10/2024/051),"Tlangnuam Vengthar, Aizawl",23.69972222,92.71694444,Debris,Slide,28 May 2024,2024-05-28,1,1,23.6,92.7,115.83,1036.0,18.91,91.6,0.0,1.9,68.0,68.0,108.3,165.3,165.3,0.45,68.0,1,2024,5,149,0
MZ/AZL/84A10/2024/052,Mizoram,Aizawl,Aizawl Slope Failure (MZ/AZL/84A10/2024/052),"Trinity Hospital, Silaimual, Aizawl",23.68027778,92.72472222,Debris,Slide,28 May 2024,2024-05-28,1,1,23.6,92.7,115.83,948.0,18.8,10.7,0.0,2.1,78.0,78.0,120.5,171.9,171.9,0.45,78.0,1,2024,5,149,0
MZ/AZL/84A10/2024/053,Mizoram,Aizawl,Aizawl Slope Failure (MZ/AZL/84A10/2024/053),"Melthum to Hualngohmun Road, Aizawl",23.67805556,92.72,Debris,Slide,28 May 2024,2024-05-28,1,1,23.6,92.7,115.83,1004.0,42.93,345.4,0.0,2.1,78.0,78.0,120.5,171.9,171.9,0.45,78.0,1,2024,5,149,0
MZ/AZL/84A10/2024/054,Mizoram,Aizawl,Aizawl Slope Failure (MZ/AZL/84A10/2024/054),"Paikhai, Melriat, Aizawl",23.64333333,92.73444444,Earth/Soil,Slide,28 May 2024,2024-05-28,1,1,23.6,92.7,115.83,683.0,17.53,212.8,0.0,2.1,78.0,78.0,120.5,171.9,171.9,0.45,78.0,1,2024,5,149,0
MZ/AZL/84A10/2024/055,Mizoram,Aizawl,Aizawl Slope Failure (MZ/AZL/84A10/2024/055),"Melriat, Aizawl",23.64638889,92.72638889,Debris,Slide,02 October 2023,2023-10-02,1,1,23.6,92.7,115.83,812.0,14.18,328.9,0.0,0.0,2.7,2.7,32.5,47.9,47.9,0.45,2.7,1,2023,10,275,0
MZ/AZL/84A10/2024/056,Mizoram,Aizawl,Aizawl Slope Failure (MZ/AZL/84A10/2024/056),"Melriat, Aizawl",23.64638889,92.72527778,Debris,Slide,28 May 2024,2024-05-28,1,1,23.6,92.7,115.83,811.0,15.37,249.0,0.0,2.1,78.0,78.0,120.5,171.9,171.9,0.45,78.0,1,2024,5,149,0
MZ/AZL/84A10/2024/057,Mizoram,Aizawl,Aizawl Slope Failure (MZ/AZL/84A10/2024/057),Kelsih,23.63111111,92.72388889,Debris,Slide,28 May 2024,2024-05-28,1,1,23.6,92.7,115.83,874.0,15.82,339.5,0.0,2.1,78.0,78.0,120.5,171.9,171.9,0.45,78.0,1,2024,5,149,0
MZ/AZL/84A10/2024/058,Mizoram,Aizawl,Aizawl Slope Failure (MZ/AZL/84A10/2024/058),"Kelsih, Aizawl",23.63055556,92.72305556,Debris,Complex,28 May 2024,2024-05-28,1,1,23.6,92.7,115.83,862.0,15.45,128.5,0.0,2.1,78.0,78.0,120.5,171.9,171.9,0.45,78.0,1,2024,5,149,0
MZ/AZL/84A10/2024/059,Mizoram,Aizawl,Aizawl Slope Failure (MZ/AZL/84A10/2024/059),"Falkawn, Aizawl",23.62833333,92.72333333,Debris,Slide,28 May 2024,2024-05-28,1,1,23.6,92.7,115.83,777.0,11.05,97.2,0.0,6.0,86.1,86.1,119.8,162.8,162.8,0.45,86.1,1,2024,5,149,0
MZ/AZL/84A10/2024/060,Mizoram,Aizawl,Aizawl Slope Failure (MZ/AZL/84A10/2024/060),"Falkawn, Aizawl",23.62277778,92.72444444,Debris,Slide,28 May 2024,2024-05-28,1,1,23.6,92.7,115.83,833.0,6.3,191.8,0.0,6.0,86.1,86.1,119.8,162.8,162.8,0.45,86.1,1,2024,5,149,0
MZ/AZL/84A10/2024/061,Mizoram,Aizawl,Aizawl Slope Failure (MZ/AZL/84A10/2024/061),"Falkawn, Aizawl",23.62194444,92.72305556,Debris,Slide,28 May 2024,2024-05-28,1,1,23.6,92.7,115.83,780.0,15.9,275.0,0.0,6.0,86.1,86.1,119.8,162.8,162.8,0.45,86.1,1,2024,5,149,0
MZ/AZL/84A10/2024/062,Mizoram,Aizawl,Aizawl Slope Failure (MZ/AZL/84A10/2024/062),"Falkawn, Aizawl",23.62083333,92.7225,Debris,Slide,28 May 2024,2024-05-28,1,1,23.6,92.7,115.83,826.0,26.52,224.0,0.0,6.0,86.1,86.1,119.8,162.8,162.8,0.45,86.1,1,2024,5,149,0
MZ/AZL/84A10/2024/063,Mizoram,Aizawl,Aizawl Slope Failure (MZ/AZL/84A10/2024/063),"Falkawn, Aizawl",23.61916667,92.7225,Debris,Slide,28 May 2024,2024-05-28,1,1,23.6,92.7,115.83,857.0,15.46,116.4,0.0,6.0,86.1,86.1,119.8,162.8,162.8,0.45,86.1,1,2024,5,149,0
MZ/AZL/84A10/2024/004,Mizoram,Aizawl,Aizawl Slope Failure (MZ/AZL/84A10/2024/004),"Falkawn Vengthar, Aizawl",23.62,92.72472222,Debris,Complex,28 May 2024,2024-05-28,1,1,23.6,92.7,115.83,803.0,16.75,336.2,0.0,6.0,86.1,86.1,119.8,162.8,162.8,0.45,86.1,1,2024,5,149,0
MZ/AZL/84A10/2024/065,Mizoram,Aizawl,Aizawl Slope Failure (MZ/AZL/84A10/2024/065),"Falkawn vengthar, Aizawl",23.61972222,92.72527778,Debris,Slide,28 May 2024,2024-05-28,1,1,23.6,92.7,115.83,811.0,18.39,315.2,0.0,6.0,86.1,86.1,119.8,162.8,162.8,0.45,86.1,1,2024,5,149,0
MZ/AZL/84A10/2024/066,Mizoram,Aizawl,Aizawl Slope Failure (MZ/AZL/84A10/2024/066),"Falkawn vengthar, Aizawl",23.62027778,92.72555556,Debris,Slide,28 May 2024,2024-05-28,1,1,23.6,92.7,115.83,778.0,9.23,3.2,0.0,6.0,86.1,86.1,119.8,162.8,162.8,0.45,86.1,1,2024,5,149,0
MZ/AZL/84A10/2024/067,Mizoram,Aizawl,Aizawl Slope Failure (MZ/AZL/84A10/2024/067),"Falkawn vengthar, Aizawl",23.62027778,92.72611111,Debris,Slide,28 May 2024,2024-05-28,1,1,23.6,92.7,115.83,770.0,4.62,37.8,0.0,6.0,86.1,86.1,119.8,162.8,162.8,0.45,86.1,1,2024,5,149,0
MZ/AZL/84A10/2024/068,Mizoram,Aizawl,Aizawl Slope Failure (MZ/AZL/84A10/2024/068),"Falkawn vengthar, Aizawl",23.62111111,92.72444444,Debris,Slide,28 May 2024,2024-05-28,1,1,23.6,92.7,115.83,816.0,4.0,50.7,0.0,6.0,86.1,86.1,119.8,162.8,162.8,0.45,86.1,1,2024,5,149,0
MZ/AZL/84A10/2024/069,Mizoram,Aizawl,Aizawl Slope Failure (MZ/AZL/84A10/2024/069),"Melthum, Aizawl",23.68743333,92.72129167,Rock,Complex,28 May 2024,2024-05-28,1,1,23.6,92.7,115.83,1084.0,20.48,208.1,0.0,2.1,78.0,78.0,120.5,171.9,171.9,0.45,78.0,1,2024,5,149,0
MZ/AZL/84A10/2024/070,Mizoram,Aizawl,Aizawl Slope Failure (MZ/AZL/84A10/2024/070),"Hlimen, Aizawl",23.67694444,92.71722222,Rock,Complex,28 May 2024,2024-05-28,1,1,23.6,92.7,115.83,1050.0,27.62,194.5,0.0,2.1,78.0,78.0,120.5,171.9,171.9,0.45,78.0,1,2024,5,149,0
MZ/AZL/84A10/2024/071,Mizoram,Aizawl,Aizawl Slope Failure (MZ/AZL/84A10/2024/071),"Hlimen, Aizawl",23.67583333,92.715,Debris,Slide,28 May 2024,2024-05-28,1,1,23.6,92.7,115.83,979.0,28.84,197.1,0.0,2.1,78.0,78.0,120.5,171.9,171.9,0.45,78.0,1,2024,5,149,0
MZ/AZL/84A10/2024/072,Mizoram,Aizawl,Aizawl Slope Failure (MZ/AZL/84A10/2024/072),"Hlimen, Aizawl",23.67472222,92.71722222,Debris,Complex,28 May 2024,2024-05-28,1,1,23.6,92.7,115.83,1073.0,23.53,190.7,0.0,2.1,78.0,78.0,120.5,171.9,171.9,0.45,78.0,1,2024,5,149,0
MZ/AZL/84A10/2024/073,Mizoram,Aizawl,Aizawl Slope Failure (MZ/AZL/84A10/2024/073),"Hlimen, Aizawl",23.67444444,92.71472222,Debris,Slide,28 May 2024,2024-05-28,1,1,23.6,92.7,115.83,973.0,16.71,194.8,0.0,2.1,78.0,78.0,120.5,171.9,171.9,0.45,78.0,1,2024,5,149,0
MZ/AZL/84A10/2024/074,Mizoram,Aizawl,Aizawl Slope Failure (MZ/AZL/84A10/2024/074),"Hlimen, Aizawl",23.67388889,92.71472222,Debris,Slide,28 May 2024,2024-05-28,1,1,23.6,92.7,115.83,969.0,16.8,199.2,0.0,2.1,78.0,78.0,120.5,171.9,171.9,0.45,78.0,1,2024,5,149,0
MZ/AZL/84A10/2024/075,Mizoram,Aizawl,Aizawl Slope Failure (MZ/AZL/84A10/2024/075),"Hlimen, Aizawl",23.672069,92.7099293,Debris,Slide,28 May 2024,2024-05-28,1,1,23.6,92.7,115.83,967.0,15.46,223.2,0.05,2.9,97.7,97.7,148.4,197.8,197.8,0.45,97.7,1,2024,5,149,0
MZ/AZL/84A10/2024/076,Mizoram,Aizawl,Aizawl Slope Failure (MZ/AZL/84A10/2024/076),"Hlimen, Aizawl",23.684301,92.715511,Debris,Slide,28 May 2024,2024-05-28,1,1,23.6,92.7,115.83,1004.0,16.56,252.7,0.0,2.1,78.0,78.0,120.5,171.9,171.9,0.45,78.0,1,2024,5,149,0
MZ/AZL/84A10/2024/077,Mizoram,Aizawl,Aizawl Slope Failure (MZ/AZL/84A10/2024/077),"World Bank Road, Kulikawn East, Aizawl",23.70638889,92.72055556,Debris,Slide,28 May 2024,2024-05-28,1,1,23.7,92.7,157.5,921.0,35.38,4.0,0.0,1.9,68.0,68.0,108.3,165.3,165.3,0.45,68.0,1,2024,5,149,0
MZ/AZL/84A10/2024/078,Mizoram,Aizawl,Aizawl Slope Failure (MZ/AZL/84A10/2024/078),"World Bank Road, Aizawl",23.70416667,92.72,Rock,Slide,28 May 2024,2024-05-28,1,1,23.7,92.7,157.5,890.0,38.11,11.9,0.0,1.9,68.0,68.0,108.3,165.3,165.3,0.45,68.0,1,2024,5,149,0
MZ/AZL/84A10/2024/079,Mizoram,Aizawl,Aizawl Slope Failure (MZ/AZL/84A10/2024/079),"World Bank Road, Aizawl",23.70305556,92.72055556,Debris,Complex,28 May 2024,2024-05-28,1,1,23.7,92.7,157.5,897.0,34.4,333.0,0.0,1.9,68.0,68.0,108.3,165.3,165.3,0.45,68.0,1,2024,5,149,0
MZ/AZL/84A10/2024/080,Mizoram,Aizawl,Aizawl Slope Failure (MZ/AZL/84A10/2024/080),"World Bank Road and Saikhamakawn, Aizawl",23.69333333,92.72055556,Debris,Complex,28 May 2024,2024-05-28,1,1,23.6,92.7,115.83,948.0,28.32,315.4,0.0,2.1,78.0,78.0,120.5,171.9,171.9,0.45,78.0,1,2024,5,149,0
MZ/AZL/84A10/2024/082,Mizoram,Aizawl,Aizawl Slope Failure (MZ/AZL/84A10/2024/082),"World Bank Road, Aizawl",23.69,92.72361111,Debris,Slide,28 May 2024,2024-05-28,1,1,23.6,92.7,115.83,872.0,24.36,280.0,0.0,2.1,78.0,78.0,120.5,171.9,171.9,0.45,78.0,1,2024,5,149,0
MZ/AZL/84A10/2024/083,Mizoram,Aizawl,Aizawl Slope Failure (MZ/AZL/84A10/2024/083),"World Bank Road, Aizawl",23.68361111,92.72277778,Debris,Slide,28 May 2024,2024-05-28,1,1,23.6,92.7,115.83,941.0,22.73,37.0,0.0,2.1,78.0,78.0,120.5,171.9,171.9,0.45,78.0,1,2024,5,149,0
MZ/AZL/84A10/2024/084,Mizoram,Aizawl,Aizawl Slope Failure (MZ/AZL/84A10/2024/084),"Melthum, Aizawl-Thenzawl- Lunglei Highway",23.67611111,92.71972222,Debris,Complex,28 May 2024,2024-05-28,1,1,23.6,92.7,115.83,1056.0,41.04,19.3,0.0,2.1,78.0,78.0,120.5,171.9,171.9,0.45,78.0,1,2024,5,149,0
MZ/AZL/84A10/2024/085,Mizoram,Aizawl,Aizawl Slope Failure (MZ/AZL/84A10/2024/085),Aizawl-Thenzawl-Lunglei Highway,23.67138889,92.72361111,Debris,Slide,28 May 2024,2024-05-28,1,1,23.6,92.7,115.83,978.0,33.41,2.3,0.0,2.1,78.0,78.0,120.5,171.9,171.9,0.45,78.0,1,2024,5,149,0
MZ/AZL/84A10/2024/086,Mizoram,Aizawl,Aizawl Slope Failure (MZ/AZL/84A10/2024/086),Aizawl-Thenzawl-Lunglei Highway,23.66694444,92.72194444,Debris,Complex,28 May 2024,2024-05-28,1,1,23.6,92.7,115.83,986.0,38.19,353.8,0.0,2.1,78.0,78.0,120.5,171.9,171.9,0.45,78.0,1,2024,5,149,0
MZ/AZL/84A10/2024/087,Mizoram,Aizawl,Aizawl Slope Failure (MZ/AZL/84A10/2024/087),Aizawl-Thenzawl-Lunglei Highway,23.66666667,92.72388889,Debris,Slide,28 May 2024,2024-05-28,1,1,23.6,92.7,115.83,845.0,31.59,347.3,0.0,2.1,78.0,78.0,120.5,171.9,171.9,0.45,78.0,1,2024,5,149,0
MZ/AZL/84A10/2024/088,Mizoram,Aizawl,Aizawl Slope Failure (MZ/AZL/84A10/2024/088),Hualngohmun Bifurcation,23.66027778,92.72694444,Debris,Complex,28 May 2024,2024-05-28,1,1,23.6,92.7,115.83,811.0,27.78,282.9,0.0,2.1,78.0,78.0,120.5,171.9,171.9,0.45,78.0,1,2024,5,149,0
MZ/AZL/84A10/2024/090,Mizoram,Aizawl,Aizawl Slope Failure (MZ/AZL/84A10/2024/090),"Melriat Bazar, Aizawl",23.64388889,92.72583333,Debris,Complex,28 May 2024,2024-05-28,1,1,23.6,92.7,115.83,826.0,19.29,165.8,0.0,2.1,78.0,78.0,120.5,171.9,171.9,0.45,78.0,1,2024,5,149,0
MZ/AZL/84A10/2024/091,Mizoram,Aizawl,Aizawl Slope Failure (MZ/AZL/84A10/2024/091),"Kelsih, Aizawl",23.635,92.72361111,Debris,Slide,28 May 2024,2024-05-28,1,1,23.6,92.7,115.83,865.0,22.61,29.1,0.0,2.1,78.0,78.0,120.5,171.9,171.9,0.45,78.0,1,2024,5,149,0
MZ/AZL/84A15/2024/092,Mizoram,Aizawl,Aizawl Slope Failure (MZ/AZL/84A15/2024/092),"Chamring to Hmuifang Road, Aizawl",23.43277778,92.76111111,Debris,Slide,28 May 2024,2024-05-28,1,1,23.4,92.7,74.17,1494.0,20.96,141.4,0.2,5.8,86.2,86.2,122.7,168.4,168.4,0.45,86.2,1,2024,5,149,0
MZ/AZL/84A10/2024/093,Mizoram,Aizawl,Aizawl Slope Failure (MZ/AZL/84A10/2024/093),"Midum Kham, Sumsuih",23.46777778,92.74111111,Debris,Slide,28 May 2024,2024-05-28,1,1,23.4,92.7,74.17,1282.0,40.19,180.6,0.2,5.8,86.2,86.2,122.7,168.4,168.4,0.45,86.2,1,2024,5,149,0
MZ/AZL/84A11/2024/094,Mizoram,Aizawl,Aizawl Slope Failure (MZ/AZL/84A11/2024/094),"Thiak, Aizawl",23.46805556,92.71638889,Debris,Flow,28 May 2024,2024-05-28,1,1,23.4,92.7,74.17,1121.0,16.63,304.0,0.2,5.8,86.2,86.2,122.7,168.4,168.4,0.45,86.2,1,2024,5,149,0
MZ/AZL/84A11/2024/095,Mizoram,Aizawl,Aizawl Slope Failure (MZ/AZL/84A11/2024/095),"Thiak, Aizawl",23.4725,92.71444444,Earth/Soil,Slide,28 May 2024,2024-05-28,1,1,23.4,92.7,74.17,1065.0,17.16,311.9,0.2,5.8,86.2,86.2,122.7,168.4,168.4,0.45,86.2,1,2024,5,149,0
MZ/AZL/84A11/2024/097,Mizoram,Aizawl,Aizawl Slope Failure (MZ/AZL/84A11/2024/097),Thiak to Maubuang,23.49,92.70555556,Debris,Complex,28 May 2024,2024-05-28,1,1,23.4,92.7,74.17,947.0,36.65,207.8,0.2,5.8,86.2,86.2,122.7,168.4,168.4,0.45,86.2,1,2024,5,149,0
MZ/AZL/84A11/2024/098,Mizoram,Aizawl,Aizawl Slope Failure (MZ/AZL/84A11/2024/098),Thiak to Maubuang,23.49722222,92.70333333,Debris,Slide,28 May 2024,2024-05-28,1,1,23.4,92.7,74.17,917.0,28.32,169.9,0.05,7.3,78.3,78.3,116.8,158.3,158.3,0.45,78.3,1,2024,5,149,0
MZ/AZL/84A10/2024/099,Mizoram,Aizawl,Aizawl Slope Failure (MZ/AZL/84A10/2024/099),Maubuang to Sateek,23.51361111,92.69833333,Debris,Slide,28 May 2024,2024-05-28,1,1,23.5,92.6,56.67,817.0,25.8,143.4,0.05,7.3,78.3,78.3,116.8,158.3,158.3,0.45,78.3,1,2024,5,149,0
MZ/AZL/84A10/2024/100,Mizoram,Aizawl,Aizawl Slope Failure (MZ/AZL/84A10/2024/100),Sateek,23.53666667,92.6975,Debris,Slide,28 May 2024,2024-05-28,1,1,23.5,92.6,56.67,804.0,42.05,239.2,0.05,7.3,78.3,78.3,116.8,158.3,158.3,0.45,78.3,1,2024,5,149,0
MZ/AZL/84A10/2024/101,Mizoram,Aizawl,Aizawl Slope Failure (MZ/AZL/84A10/2024/101),Sateek,23.54166667,92.70194444,Debris,Flow,28 May 2024,2024-05-28,1,1,23.5,92.7,85.0,867.0,19.73,228.9,0.05,7.3,78.3,78.3,116.8,158.3,158.3,0.45,78.3,1,2024,5,149,0
MZ/AZL/84A10/2024/102,Mizoram,Aizawl,Aizawl Slope Failure (MZ/AZL/84A10/2024/102),Sateek,23.54277778,92.70333333,Earth/Soil,Slide,28 May 2024,2024-05-28,1,1,23.5,92.7,85.0,866.0,29.2,216.0,0.05,7.3,78.3,78.3,116.8,158.3,158.3,0.45,78.3,1,2024,5,149,0
MZ/AZL/84A10/2024/103,Mizoram,Aizawl,Aizawl Slope Failure (MZ/AZL/84A10/2024/103),Phulpui,23.52944444,92.72944444,Debris,Flow,28 May 2024,2024-05-28,1,1,23.5,92.7,85.0,987.0,16.96,182.5,0.05,7.3,78.3,78.3,116.8,158.3,158.3,0.45,78.3,1,2024,5,149,0
MZ/AZL/84A10/2024/104,Mizoram,Aizawl,Aizawl Slope Failure (MZ/AZL/84A10/2024/104),Phulpui,23.53083333,92.73055556,Debris,Slide,28 May 2024,2024-05-28,1,1,23.5,92.7,85.0,945.0,21.19,267.8,0.05,7.3,78.3,78.3,116.8,158.3,158.3,0.45,78.3,1,2024,5,149,0
MZ/AZL/84A10/2024/105,Mizoram,Aizawl,Aizawl Slope Failure (MZ/AZL/84A10/2024/105),Phulpui,23.53111111,92.73361111,Debris,Slide,28 May 2024,2024-05-28,1,1,23.5,92.7,85.0,998.0,22.76,255.1,0.05,7.3,78.3,78.3,116.8,158.3,158.3,0.45,78.3,1,2024,5,149,0
MZ/AZL/84A10/2024/106,Mizoram,Aizawl,Aizawl Slope Failure (MZ/AZL/84A10/2024/106),Phulpui,23.53083333,92.73333333,Debris,Slide,28 May 2024,2024-05-28,1,1,23.5,92.7,85.0,998.0,30.1,256.3,0.05,7.3,78.3,78.3,116.8,158.3,158.3,0.45,78.3,1,2024,5,149,0
MZ/AZL/84A10/2024/107,Mizoram,Aizawl,Aizawl Slope Failure (MZ/AZL/84A10/2024/107),Aibawk,23.56388889,92.70805556,Debris,Slide,28 May 2024,2024-05-28,1,1,23.5,92.7,85.0,795.0,31.51,166.0,0.05,7.3,78.3,78.3,116.8,158.3,158.3,0.45,78.3,1,2024,5,149,0
MZ/AZL/84A10/2024/108,Mizoram,Aizawl,Aizawl Slope Failure (MZ/AZL/84A10/2024/108),Aibawk,23.56416667,92.70805556,Debris,Slide,28 May 2024,2024-05-28,1,1,23.5,92.7,85.0,827.0,28.5,163.6,0.05,7.3,78.3,78.3,116.8,158.3,158.3,0.45,78.3,1,2024,5,149,0
MZ/AZL/84A10/2024/109,Mizoram,Aizawl,Aizawl Slope Failure (MZ/AZL/84A10/2024/109),Aibawk,23.565,92.70777778,Debris,Slide,28 May 2024,2024-05-28,1,1,23.5,92.7,85.0,828.0,22.93,177.6,0.05,7.3,78.3,78.3,116.8,158.3,158.3,0.45,78.3,1,2024,5,149,0
MZ/AZL/84A10/2024/110,Mizoram,Aizawl,Aizawl Slope Failure (MZ/AZL/84A10/2024/110),Aibawk,23.56666667,92.70888889,Debris,Slide,28 May 2024,2024-05-28,1,1,23.5,92.7,85.0,797.0,28.28,205.3,0.05,7.3,78.3,78.3,116.8,158.3,158.3,0.45,78.3,1,2024,5,149,0
MZ/AZL/84A09/2024/111,Mizoram,Aizawl,Aizawl Slope Failure (MZ/AZL/84A09/2024/111),"BSUP, Durtlang",23.77305556,92.74361111,Debris,Slide,28 May 2024,2024-05-28,1,1,23.7,92.7,157.5,997.0,21.13,321.0,0.0,3.9,58.6,58.6,98.0,141.0,141.0,0.45,58.6,1,2024,5,149,0
MZ/AZL/84A13/2024/112,Mizoram,Aizawl,Aizawl Slope Failure (MZ/AZL/84A13/2024/112),Muthi,23.77472222,92.76194444,Debris,Slide,28 May 2024,2024-05-28,1,1,23.7,92.7,157.5,1128.0,5.28,61.3,0.0,3.9,58.6,58.6,98.0,141.0,141.0,0.45,58.6,1,2024,5,149,0
MZ/AZL/84A13/2024/113,Mizoram,Aizawl,Aizawl Slope Failure (MZ/AZL/84A13/2024/113),Muthi,23.77361111,92.76111111,Debris,Slide,28 May 2024,2024-05-28,1,1,23.7,92.7,157.5,1098.0,15.18,191.5,0.0,3.9,58.6,58.6,98.0,141.0,141.0,0.45,58.6,1,2024,5,149,0
MZ/AZL/84A10/2024/114,Mizoram,Aizawl,Aizawl Slope Failure (MZ/AZL/84A10/2024/114),"Zuangtui, Aizawl",23.74861111,92.73861111,Debris,Slide,28 May 2024,2024-05-28,1,1,23.7,92.7,157.5,987.0,28.37,72.0,0.0,1.9,68.0,68.0,108.3,165.3,165.3,0.45,68.0,1,2024,5,149,0
MZ/AZL/84A10/2024/115,Mizoram,Aizawl,Aizawl Slope Failure (MZ/AZL/84A10/2024/115),Muallungthu,23.61,92.72083333,Debris,Slide,28 May 2024,2024-05-28,1,1,23.6,92.7,115.83,846.0,35.06,306.0,0.0,6.0,86.1,86.1,119.8,162.8,162.8,0.45,86.1,1,2024,5,149,0
MZ/AZL/84A10/2024/116,Mizoram,Aizawl,Aizawl Slope Failure (MZ/AZL/84A10/2024/116),Muallungthu,23.60666667,92.72305556,Debris,Complex,28 May 2024,2024-05-28,1,1,23.6,92.7,115.83,932.0,15.23,6.7,0.0,6.0,86.1,86.1,119.8,162.8,162.8,0.45,86.1,1,2024,5,149,0
MZ/AZL/84A10/2024/117,Mizoram,Aizawl,Aizawl Slope Failure (MZ/AZL/84A10/2024/117),Tachhip,23.5925,92.71666667,Debris,Slide,28 May 2024,2024-05-28,1,1,23.5,92.7,85.0,727.0,23.68,220.3,0.0,6.0,86.1,86.1,119.8,162.8,162.8,0.45,86.1,1,2024,5,149,0
MZ/AZL/84A10/2024/118,Mizoram,Aizawl,Aizawl Slope Failure (MZ/AZL/84A10/2024/118),Tachhip,23.58722222,92.71361111,Debris,Slide,28 May 2024,2024-05-28,1,1,23.5,92.7,85.0,816.0,21.24,153.9,0.0,6.0,86.1,86.1,119.8,162.8,162.8,0.45,86.1,1,2024,5,149,0
MZ/AZL/84A10/2024/119,Mizoram,Aizawl,Aizawl Slope Failure (MZ/AZL/84A10/2024/119),Tachhip,23.57694444,92.71305556,Debris,Slide,28 May 2024,2024-05-28,1,1,23.5,92.7,85.0,898.0,6.16,329.9,0.0,6.0,86.1,86.1,119.8,162.8,162.8,0.45,86.1,1,2024,5,149,0
MZ/AZL/84A10/2024/121,Mizoram,Aizawl,Aizawl Slope Failure (MZ/AZL/84A10/2024/121),Tachhip,23.58027778,92.715,Earth/Soil,Slide,28 May 2024,2024-05-28,1,1,23.5,92.7,85.0,912.0,8.87,131.4,0.0,6.0,86.1,86.1,119.8,162.8,162.8,0.45,86.1,1,2024,5,149,0
MZ/AZL/84A10/2024/122,Mizoram,Aizawl,Aizawl Slope Failure (MZ/AZL/84A10/2024/122),Tachhip,23.58138889,92.71416667,Debris,Slide,28 May 2024,2024-05-28,1,1,23.5,92.7,85.0,923.0,33.2,169.7,0.0,6.0,86.1,86.1,119.8,162.8,162.8,0.45,86.1,1,2024,5,149,0
MZ/AZL/84A10/2024/123,Mizoram,Aizawl,Aizawl Slope Failure (MZ/AZL/84A10/2024/123),Tachhip,23.58694444,92.7175,Debris,Slide,28 May 2024,2024-05-28,1,1,23.5,92.7,85.0,928.0,24.23,240.6,0.0,6.0,86.1,86.1,119.8,162.8,162.8,0.45,86.1,1,2024,5,149,0
MZ/AZL/84A10/2024/124,Mizoram,Aizawl,Aizawl Slope Failure (MZ/AZL/84A10/2024/124),Tachhip,23.58555556,92.71583333,Debris,Complex,28 May 2024,2024-05-28,1,1,23.5,92.7,85.0,929.0,37.45,188.8,0.0,6.0,86.1,86.1,119.8,162.8,162.8,0.45,86.1,1,2024,5,149,0
MZ/AZL/84A10/2024/125,Mizoram,Aizawl,Aizawl Slope Failure (MZ/AZL/84A10/2024/125),Tachhip,23.58583333,92.71638889,Debris,Slide,28 May 2024,2024-05-28,1,1,23.5,92.7,85.0,914.0,16.53,217.4,0.0,6.0,86.1,86.1,119.8,162.8,162.8,0.45,86.1,1,2024,5,149,0
MZ/AZL/84A10/2024/126,Mizoram,Aizawl,Aizawl Slope Failure (MZ/AZL/84A10/2024/126),Tachhip,23.58638889,92.71583333,Debris,Slide,28 May 2024,2024-05-28,1,1,23.5,92.7,85.0,914.0,28.66,193.8,0.0,6.0,86.1,86.1,119.8,162.8,162.8,0.45,86.1,1,2024,5,149,0
MZ/AZL/84A10/2024/127,Mizoram,Aizawl,Aizawl Slope Failure (MZ/AZL/84A10/2024/127),Hualngohmun,23.65388889,92.72444444,Debris,Slide,28 May 2024,2024-05-28,1,1,23.6,92.7,115.83,728.0,22.08,169.1,0.0,2.1,78.0,78.0,120.5,171.9,171.9,0.45,78.0,1,2024,5,149,0
MZ/AZL/84A10/2024/128,Mizoram,Aizawl,Aizawl Slope Failure (MZ/AZL/84A10/2024/128),Hualngohmun,23.65416667,92.71777778,Debris,Slide,28 May 2024,2024-05-28,1,1,23.6,92.7,115.83,936.0,35.34,60.5,0.0,2.1,78.0,78.0,120.5,171.9,171.9,0.45,78.0,1,2024,5,149,0
MZ/AZL/84A10/2024/129,Mizoram,Aizawl,Aizawl Slope Failure (MZ/AZL/84A10/2024/129),Melriat to Samtlang road,23.655,92.71444444,Rock,Slide,28 May 2024,2024-05-28,1,1,23.6,92.7,115.83,860.0,28.4,121.8,0.0,2.1,78.0,78.0,120.5,171.9,171.9,0.45,78.0,1,2024,5,149,0
MZ/AZL/84A10/2024/130,Mizoram,Aizawl,Aizawl Slope Failure (MZ/AZL/84A10/2024/130),Melriat to Samtlang road,23.65416667,92.69,Debris,Slide,28 May 2024,2024-05-28,1,1,23.6,92.6,14.17,855.0,31.88,326.1,0.05,2.9,97.7,97.7,148.4,197.8,197.8,0.45,97.7,1,2024,5,149,0
MZ/AZL/84A10/2024/131,Mizoram,Aizawl,Aizawl Slope Failure (MZ/AZL/84A10/2024/131),N Lungleng,23.66055556,92.67277778,Earth/Soil,Slide,28 May 2024,2024-05-28,1,1,23.6,92.6,14.17,1026.0,7.63,352.3,0.05,2.9,97.7,97.7,148.4,197.8,197.8,0.45,97.7,1,2024,5,149,0
MZ/AZL/84A10/2024/132,Mizoram,Aizawl,Aizawl Slope Failure (MZ/AZL/84A10/2024/132),N Lungleng,23.66083333,92.67277778,Debris,Slide,28 May 2024,2024-05-28,1,1,23.6,92.6,14.17,1007.0,8.49,8.7,0.05,2.9,97.7,97.7,148.4,197.8,197.8,0.45,97.7,1,2024,5,149,0
MZ/AZL/84A10/2024/133,Mizoram,Aizawl,Aizawl Slope Failure (MZ/AZL/84A10/2024/133),N Lungleng,23.65777778,92.67444444,Earth/Soil,Slide,28 May 2024,2024-05-28,1,1,23.6,92.6,14.17,960.0,10.77,25.2,0.05,2.9,97.7,97.7,148.4,197.8,197.8,0.45,97.7,1,2024,5,149,0
MZ/AZL/84A10/2024/134,Mizoram,Aizawl,Aizawl Slope Failure (MZ/AZL/84A10/2024/134),Samtlang Junction,23.65861111,92.70583333,Debris,Slide,28 May 2024,2024-05-28,1,1,23.6,92.7,115.83,873.0,20.87,203.7,0.05,2.9,97.7,97.7,148.4,197.8,197.8,0.45,97.7,1,2024,5,149,0
MZ/AZL/84A10/2024/135,Mizoram,Aizawl,Aizawl Slope Failure (MZ/AZL/84A10/2024/135),Melthum,23.68143611,92.72144167,Debris,Slide,28 May 2024,2024-05-28,1,1,23.6,92.7,115.83,1045.0,29.25,343.2,0.0,2.1,78.0,78.0,120.5,171.9,171.9,0.45,78.0,1,2024,5,149,0
MZ/AZL/84A14/2024/136,Mizoram,Aizawl,Aizawl Slope Failure (MZ/AZL/84A14/2024/136),Zemabawk to Tuirial Airfield,23.73555556,92.78833333,Rock,Slide,28 May 2024,2024-05-28,1,1,23.7,92.7,157.5,536.0,30.98,10.4,0.0,1.9,68.0,68.0,108.3,165.3,165.3,0.45,68.0,1,2024,5,149,0
MZ/AZL/84A14/2024/137,Mizoram,Aizawl,Aizawl Slope Failure (MZ/AZL/84A14/2024/137),Tuirial,23.72694444,92.79527778,Debris,Slide,28 May 2024,2024-05-28,1,1,23.7,92.7,157.5,266.0,13.95,73.9,0.0,1.9,68.0,68.0,108.3,165.3,165.3,0.45,68.0,1,2024,5,149,0
MZ/AZL/84A14/2024/138,Mizoram,Aizawl,Aizawl Slope Failure (MZ/AZL/84A14/2024/138),Tuirial Airfield,23.73277778,92.79722222,Debris,Slide,28 May 2024,2024-05-28,1,1,23.7,92.7,157.5,248.0,10.27,83.8,0.0,1.9,68.0,68.0,108.3,165.3,165.3,0.45,68.0,1,2024,5,149,0
MZ/AZL/84A14/2024/139,Mizoram,Aizawl,Aizawl Slope Failure (MZ/AZL/84A14/2024/139),Tuirial Airfield Cemetery,23.73416667,92.79861111,Debris,Slide,28 May 2024,2024-05-28,1,1,23.7,92.7,157.5,306.0,14.18,130.0,0.0,1.9,68.0,68.0,108.3,165.3,165.3,0.45,68.0,1,2024,5,149,0
MZ/AZL/84A14/2024/140,Mizoram,Aizawl,Aizawl Slope Failure (MZ/AZL/84A14/2024/140),Tuirial Airfield,23.74555556,92.79444444,Debris,Slide,28 May 2024,2024-05-28,1,1,23.7,92.7,157.5,370.0,7.76,334.5,0.0,1.9,68.0,68.0,108.3,165.3,165.3,0.45,68.0,1,2024,5,149,0
MZ/AZL/84A14/2024/141,Mizoram,Aizawl,Aizawl Slope Failure (MZ/AZL/84A14/2024/141),Tuirial Airfield,23.73666667,92.79722222,Debris,Subsidence,28 May 2024,2024-05-28,1,1,23.7,92.7,157.5,332.0,18.07,329.3,0.0,1.9,68.0,68.0,108.3,165.3,165.3,0.45,68.0,1,2024,5,149,0
MZ/AZL/84A14/2024/142,Mizoram,Aizawl,Aizawl Slope Failure (MZ/AZL/84A14/2024/142),Tuirial Airfield,23.73638889,92.79805556,Earth/Soil,Slide,28 May 2024,2024-05-28,1,1,23.7,92.7,157.5,331.0,2.92,195.4,0.0,1.9,68.0,68.0,108.3,165.3,165.3,0.45,68.0,1,2024,5,149,0
MZ/AZL/84A14/2024/143,Mizoram,Aizawl,Aizawl Slope Failure (MZ/AZL/84A14/2024/143),Tuirial Airfield,23.73583333,92.79888889,Earth/Soil,Slide,28 May 2024,2024-05-28,1,1,23.7,92.7,157.5,356.0,15.14,155.4,0.0,1.9,68.0,68.0,108.3,165.3,165.3,0.45,68.0,1,2024,5,149,0
MZ/AZL/84A14/2024/144,Mizoram,Aizawl,Aizawl Slope Failure (MZ/AZL/84A14/2024/144),Tuirial Airfield,23.73638889,92.8,Earth/Soil,Slide,28 May 2024,2024-05-28,1,1,23.7,92.8,67.5,375.0,7.84,0.0,0.0,1.9,68.0,68.0,108.3,165.3,165.3,0.45,68.0,1,2024,5,149,0
MZ/AZL/84A14/2024/145,Mizoram,Aizawl,Aizawl Slope Failure (MZ/AZL/84A14/2024/145),Tuirial Airfield,23.73555556,92.80027778,Debris,Slide,28 May 2024,2024-05-28,1,1,23.7,92.8,67.5,373.0,10.92,44.4,0.0,1.9,68.0,68.0,108.3,165.3,165.3,0.45,68.0,1,2024,5,149,0
MZ/AZL/84A14/2024/146,Mizoram,Aizawl,Aizawl Slope Failure (MZ/AZL/84A14/2024/146),Tuirial,23.71972222,92.79777778,Earth/Soil,Slide,28 May 2024,2024-05-28,1,1,23.7,92.7,157.5,215.0,7.91,352.5,0.0,1.9,68.0,68.0,108.3,165.3,165.3,0.45,68.0,1,2024,5,149,0
MZ/AZL/84A14/2024/0147,Mizoram,Aizawl,Aizawl Slope Failure (MZ/AZL/84A14/2024/0147),Tuirial,23.72222222,92.80138889,Rock,Slide,28 May 2024,2024-05-28,1,1,23.7,92.8,67.5,157.0,11.45,185.1,0.0,1.9,68.0,68.0,108.3,165.3,165.3,0.45,68.0,1,2024,5,149,0
MZ/AZL/84A14/2024/149,Mizoram,Aizawl,Aizawl Slope Failure (MZ/AZL/84A14/2024/149),Seling to Sesawng,23.73305556,92.84777778,Debris,Slide,28 May 2024,2024-05-28,1,1,23.7,92.8,67.5,739.0,29.99,267.6,0.0,1.8,82.5,82.5,112.2,146.0,146.0,0.45,82.5,1,2024,5,149,0
MZ/AZL/84A13/2024/150,Mizoram,Aizawl,Aizawl Slope Failure (MZ/AZL/84A13/2024/150),Sesawng,23.76083333,92.8475,Debris,Slide,28 May 2024,2024-05-28,1,1,23.7,92.8,67.5,762.0,31.98,195.9,0.0,1.9,66.6,66.6,88.5,113.2,113.2,0.45,66.6,1,2024,5,149,0
MZ/AZL/84A13/2024/151,Mizoram,Aizawl,Aizawl Slope Failure (MZ/AZL/84A13/2024/151),Khawruhlian,23.86972222,92.87611111,Debris,Slide,28 May 2024,2024-05-28,1,1,23.8,92.8,46.67,952.0,16.36,249.4,0.0,9.9,78.3,78.3,106.3,125.1,125.1,0.45,78.3,1,2024,5,149,0
MZ/AZL/84A13/2024/152,Mizoram,Aizawl,Aizawl Slope Failure (MZ/AZL/84A13/2024/152),Mualmam,23.80750556,92.83417222,Earth/Soil,Slide,28 May 2024,2024-05-28,1,1,23.8,92.8,46.67,512.0,39.45,325.7,0.0,1.9,66.6,66.6,88.5,113.2,113.2,0.45,66.6,1,2024,5,149,0
MZ/SER/84A15/2024/153,Mizoram,Serchhip,Serchhip Slope Failure (MZ/SER/84A15/2024/153),Chhingchhip NH,23.47694444,92.857846,Debris,Slide,28 May 2024,2024-05-28,1,1,23.4,92.8,38.33,1030.0,21.35,221.1,0.3,3.2,88.3,88.3,117.2,184.2,184.2,0.45,88.3,1,2024,5,149,0
MZ/SER/84A15/2024/154,Mizoram,Serchhip,Serchhip Slope Failure (MZ/SER/84A15/2024/154),"Venglai , Chhingchhip",23.471041,92.85503,Debris,Slide,28 May 2024,2024-05-28,1,1,23.4,92.8,38.33,1034.0,29.57,233.3,0.3,3.2,88.3,88.3,117.2,184.2,184.2,0.45,88.3,1,2024,5,149,0
MZ/SER/84A15/2024/155,Mizoram,Serchhip,Serchhip Slope Failure (MZ/SER/84A15/2024/155),"Venglai, Chhingchhip",23.465558,92.855991,Debris,Slide,28 May 2024,2024-05-28,1,1,23.4,92.8,38.33,1078.0,7.78,52.3,0.3,3.2,88.3,88.3,117.2,184.2,184.2,0.45,88.3,1,2024,5,149,0
MZ/SER/84A15/2024/156,Mizoram,Serchhip,Serchhip Slope Failure (MZ/SER/84A15/2024/156),"Venglai, Chhingchhip",23.463164,92.854672,Debris,Slide,28 May 2024,2024-05-28,1,1,23.4,92.8,38.33,1040.0,16.3,129.6,0.3,3.2,88.3,88.3,117.2,184.2,184.2,0.45,88.3,1,2024,5,149,0
MZ/SER/84A15/2024/157,Mizoram,Serchhip,Serchhip Slope Failure (MZ/SER/84A15/2024/157),"Hmar Veng, Serchhip",23.31259,92.856415,Debris,Slide,28 May 2024,2024-05-28,1,1,23.3,92.8,52.5,949.0,25.12,231.1,0.45,1.1,104.8,104.8,137.4,180.5,180.5,0.45,104.8,1,2024,5,149,0
MZ/SER/84A15/2024/158,Mizoram,Serchhip,Serchhip Slope Failure (MZ/SER/84A15/2024/158),"NH, Serchhip",23.288812,92.864763,Debris,Slide,28 May 2024,2024-05-28,1,1,23.2,92.8,39.17,923.0,22.87,116.2,0.45,1.1,104.8,104.8,137.4,180.5,180.5,0.45,104.8,1,2024,5,149,0
MZ/SER/84A15/2024/159,Mizoram,Serchhip,Serchhip Slope Failure (MZ/SER/84A15/2024/159),"NH, Serchhip",23.281264,92.869279,Debris,Slide,28 May 2024,2024-05-28,1,1,23.2,92.8,39.17,989.0,33.91,152.9,0.45,1.1,104.8,104.8,137.4,180.5,180.5,0.45,104.8,1,2024,5,149,0
MZ/SER/84A15/2024/160,Mizoram,Serchhip,Serchhip Slope Failure (MZ/SER/84A15/2024/160),"S Chhiahtlang , Near VCP house",23.379441,92.844081,Debris,Slide,28 May 2024,2024-05-28,1,1,23.3,92.8,52.5,919.0,11.22,267.2,0.7,2.6,107.3,107.3,136.3,201.7,201.7,0.45,107.3,1,2024,5,149,0
MZ/SER/84A15/2024/161,Mizoram,Serchhip,Serchhip Slope Failure (MZ/SER/84A15/2024/161),"S Chhiahtlang, Kawn Veng",23.38151,92.844938,Debris,Slide,28 May 2024,2024-05-28,1,1,23.3,92.8,52.5,931.0,11.02,123.7,0.7,2.6,107.3,107.3,136.3,201.7,201.7,0.45,107.3,1,2024,5,149,0
MZ/SER/84A15/2024/162,Mizoram,Serchhip,Serchhip Slope Failure (MZ/SER/84A15/2024/162),"S Chhiahtlang, Kawn Veng",23.382175,92.843876,Debris,Slide,28 May 2024,2024-05-28,1,1,23.3,92.8,52.5,913.0,20.94,167.1,0.7,2.6,107.3,107.3,136.3,201.7,201.7,0.45,107.3,1,2024,5,149,0
MZ/SER/84A15/2024/163,Mizoram,Serchhip,Serchhip Slope Failure (MZ/SER/84A15/2024/163),N Chhiahtlang,23.382772,92.845187,Debris,Slide,28 May 2024,2024-05-28,1,1,23.3,92.8,52.5,947.0,12.54,25.2,0.7,2.6,107.3,107.3,136.3,201.7,201.7,0.45,107.3,1,2024,5,149,0
MZ/SER/84A15/2024/164,Mizoram,Serchhip,Serchhip Slope Failure (MZ/SER/84A15/2024/164),"N Chhiahtlang, towards Jail road",23.381533,92.854115,Debris,Slide,28 May 2024,2024-05-28,1,1,23.3,92.8,52.5,829.0,25.23,234.3,0.7,2.6,107.3,107.3,136.3,201.7,201.7,0.45,107.3,1,2024,5,149,0
MZ/SER/84A15/2024/165,Mizoram,Serchhip,Serchhip Slope Failure (MZ/SER/84A15/2024/165),Chhiahtlang,23.387941,92.842291,Debris,Slide,28 May 2024,2024-05-28,1,1,23.3,92.8,52.5,940.0,22.88,179.4,0.7,2.6,107.3,107.3,136.3,201.7,201.7,0.45,107.3,1,2024,5,149,0
MZ/SER/84A16/2024/166,Mizoram,Serchhip,Serchhip Slope Failure (MZ/SER/84A16/2024/166),Keitum,23.237077,92.910043,Debris,Slide,28 May 2024,2024-05-28,1,1,23.2,92.9,22.5,657.0,7.95,240.6,0.1,0.4,67.2,67.2,101.2,128.0,128.0,0.45,67.2,1,2024,5,149,0
MZ/SER/84E04/2024/167,Mizoram,Serchhip,Serchhip Slope Failure (MZ/SER/84E04/2024/167),N Vanlaiphai,23.126631,93.064946,Debris,Slide,28 May 2024,2024-05-28,1,1,23.1,93.0,8.33,1408.0,6.07,345.3,0.1,0.6,51.0,51.0,79.6,102.8,102.8,0.45,51.0,1,2024,5,149,0
MIZ/AZL/2022/39,Mizoram,Hnahthial,"Shalom Vengthar, Bawngkawn",,22.91452778,92.89333333,Rock,Slide,14 November 2022,2022-11-14,1,1,22.9,92.8,8.33,574.0,13.96,190.4,0.0,0.0,0.0,0.0,0.0,0.0,0.0,0.45,0.0,1,2022,11,318,0
MIZ/AZL/2022/49,Mizoram,Aizawl,Muthi,,23.65530556,92.7025,Rock,Slide,5 April 2022,2022-04-05,1,1,23.6,92.7,115.83,892.0,25.12,202.6,0.0,0.0,0.4,0.4,3.9,6.3,6.3,0.45,0.4,1,2022,4,95,0
MIZ/AZL/2022/53,Mizoram,Aizawl,"Tuikual N, D Mual",,23.73053889,92.716019,Debris,Flow,22 June 2018,2018-06-22,1,1,23.7,92.7,157.5,1018.0,25.57,170.8,0.0,0.0,4.3,4.3,20.9,42.9,42.9,0.45,4.3,1,2018,6,173,1
MIZ/AZL/2023/81,Mizoram,Aizawl,Aizawl-Thenzawl-Lunglei Highway,,23.51980556,92.70066667,Debris,Slide,13 August 2023,2023-08-13,1,1,23.5,92.7,85.0,732.0,29.36,231.7,0.0,2.9,9.6,9.6,14.1,101.1,101.1,0.45,9.6,1,2023,8,225,1
MIZ/AZL/2023/85,Mizoram,Aizawl,Sakawrdai to Zohmun road,,24.27138889,92.96,Debris,Slide,24 July 2023,2023-07-24,1,1,24.2,92.9,23.33,770.0,18.86,176.2,0.0,0.0,27.2,27.2,51.5,110.8,110.8,0.45,27.2,1,2023,7,205,1
MIZ/AZL/2023/102,Mizoram,Aizawl,Aizawl Slope Failure (MIZ/AZL/2023/102),,24.18561111,92.94536111,Debris,Slide,15 August 2013,2013-08-15,1,1,24.1,92.9,25.83,438.0,9.66,247.8,0.0,0.0,10.5,10.5,34.9,97.8,97.8,0.45,10.5,1,2013,8,227,1
MIZ/AZL/2023/142,Mizoram,Aizawl,Aizawl Slope Failure (MIZ/AZL/2023/142),,23.57166667,92.71083333,Debris,Slide,9 June 2023,2023-06-09,1,1,23.5,92.7,85.0,789.0,38.39,231.7,0.0,0.0,20.3,20.3,41.8,43.6,43.6,0.45,20.3,1,2023,6,160,1
MIZ/AZL/2023/143,Mizoram,Aizawl,Aizawl Slope Failure (MIZ/AZL/2023/143),,23.58388889,92.71722222,Rock,Slide,8 August 2023,2023-08-08,1,1,23.5,92.7,85.0,980.0,6.69,267.6,0.0,0.0,2.9,2.9,67.3,109.2,109.2,0.45,2.9,1,2023,8,220,1
MIZ/AZL/2023/144,Mizoram,Aizawl,Aizawl Slope Failure (MIZ/AZL/2023/144),,23.58591667,92.71777778,Earth/Soil,Slide,25 July 2023,2023-07-25,1,1,23.5,92.7,85.0,957.0,10.38,239.4,1.4,3.5,22.0,22.0,47.6,82.2,82.2,0.45,22.0,1,2023,7,206,1
MIZ/AZL/2023/145,Mizoram,Aizawl,Aizawl Slope Failure (MIZ/AZL/2023/145),,23.55944444,92.70833333,Earth/Soil,Slide,06 July 2023,2023-07-06,1,1,23.5,92.7,85.0,769.0,5.54,40.5,0.0,0.0,4.0,4.0,38.2,56.7,56.7,0.45,4.0,1,2023,7,187,1
MIZ/AZL/2023/146,Mizoram,Aizawl,Aizawl Slope Failure (MIZ/AZL/2023/146),,23.54380556,92.70136111,Debris,Slide,06 August 2023,2023-08-06,1,1,23.5,92.7,85.0,747.0,27.83,221.1,0.1,0.4,27.4,27.4,46.9,82.8,82.8,0.45,27.4,1,2023,8,218,1
MIZ/AZL/2023/147,Mizoram,Aizawl,Aizawl Slope Failure (MIZ/AZL/2023/147),,23.54027778,92.70138889,Rock,Slide,06 August 2023,2023-08-06,1,1,23.5,92.7,85.0,840.0,22.95,192.9,0.1,0.4,27.4,27.4,46.9,82.8,82.8,0.45,27.4,1,2023,8,218,1
MIZ/AZL/2023/148,Mizoram,Aizawl,Aizawl Slope Failure (MIZ/AZL/2023/148),,23.53986111,92.70063889,Debris,Slide,06 August 2023,2023-08-06,1,1,23.5,92.7,85.0,816.0,27.8,205.3,0.1,0.4,27.4,27.4,46.9,82.8,82.8,0.45,27.4,1,2023,8,218,1
MIZ/AZL/2023/149,Mizoram,Aizawl,Aizawl Slope Failure (MIZ/AZL/2023/149),,23.535,92.69694444,Rock,Slide,28 July 2023,2023-07-28,1,1,23.5,92.6,56.67,852.0,27.69,148.4,0.0,0.0,3.7,3.7,27.6,84.6,84.6,0.45,3.7,1,2023,7,209,1
MIZ/AZL/2023/150,Mizoram,Aizawl,Aizawl Slope Failure (MIZ/AZL/2023/150),,23.53333333,92.69722222,Earth/Soil,Slide,2 August 2023,2023-08-02,1,1,23.5,92.6,56.67,764.0,30.74,181.3,0.0,0.0,9.4,9.4,23.7,58.9,58.9,0.45,9.4,1,2023,8,214,1
MIZ/AZL/2023/151,Mizoram,Aizawl,Aizawl Slope Failure (MIZ/AZL/2023/151),,23.52972222,92.69611111,Debris,Slide,3 August 2023,2023-08-03,1,1,23.5,92.6,56.67,785.0,27.33,196.2,0.0,0.0,5.1,5.1,18.3,46.0,46.0,0.45,5.1,1,2023,8,215,1
MIZ/AZL/2023/152,Mizoram,Aizawl,Aizawl Slope Failure (MIZ/AZL/2023/152),,23.49991667,92.70136111,Debris,Slide,2 June 2023,2023-06-02,1,1,23.4,92.7,74.17,872.0,24.05,161.2,0.0,0.0,0.1,0.1,4.0,10.0,10.0,0.45,0.1,1,2023,6,153,1
MIZ/AZL/2023/153,Mizoram,Aizawl,Aizawl Slope Failure (MIZ/AZL/2023/153),,23.5,92.70111111,Debris,Slide,09 August 2023,2023-08-09,1,1,23.5,92.7,85.0,879.0,17.71,153.2,0.0,0.0,3.7,3.7,58.0,119.4,119.4,0.45,3.7,1,2023,8,221,1
MIZ/AZL/2023/155,Mizoram,Aizawl,Aizawl Slope Failure (MIZ/AZL/2023/155),,23.78138889,92.67638889,Rock,Slide,25 October 2023,2023-10-25,1,1,23.7,92.6,49.17,468.0,37.05,314.8,0.0,0.0,12.1,12.1,16.2,24.0,24.0,0.45,12.1,1,2023,10,298,0
MIZ/KOL/2023/157,Mizoram,Kolasib,Kolasib Slope Failure (MIZ/KOL/2023/157),,23.93027778,92.6525,Rock,Slide,17 September 2023,2023-09-17,1,1,23.9,92.6,35.0,186.0,14.74,353.1,2.2,19.0,19.8,19.8,22.3,112.0,112.0,0.45,19.8,1,2023,9,260,1
MIZ/KOL/2023/158,Mizoram,Kolasib,Kolasib Slope Failure (MIZ/KOL/2023/158),,23.05805556,92.67583333,Debris,Slide,12 August 2023,2023-08-12,1,1,23.0,92.6,12.5,697.0,10.52,347.4,0.05,0.3,11.1,11.1,17.5,152.3,152.3,0.45,11.1,1,2023,8,224,1
MIZ/KOL/2023/160,Mizoram,Kolasib,Kolasib Slope Failure (MIZ/KOL/2023/160),,23.05222222,92.67027778,Debris,Slide,12 September 2023,2023-09-12,1,1,23.0,92.6,12.5,436.0,11.63,50.0,0.05,0.8,11.2,11.2,59.2,114.6,114.6,0.45,11.2,1,2023,9,255,1
MIZ/KOL/2023/162,Mizoram,Kolasib,Kolasib Slope Failure (MIZ/KOL/2023/162),,23.03016667,92.67336111,Debris,Slide,12 September 2023,2023-09-12,1,1,23.0,92.6,12.5,249.0,30.83,314.2,0.05,0.8,11.2,11.2,59.2,114.6,114.6,0.45,11.2,1,2023,9,255,1
MIZ/KOL/2023/163,Mizoram,Kolasib,Kolasib Slope Failure (MIZ/KOL/2023/163),,23.02280556,92.67255556,Debris,Slide,17 September 2023,2023-09-17,1,1,23.0,92.6,12.5,386.0,24.29,129.8,3.5,14.5,27.8,27.8,31.3,124.0,124.0,0.45,27.8,1,2023,9,260,1
MIZ/KOL/2023/164,Mizoram,Kolasib,Kolasib Slope Failure (MIZ/KOL/2023/164),,23.00638889,92.67691667,Rock,Slide,23 July 2023,2023-07-23,1,1,23.0,92.6,12.5,397.0,23.27,318.7,0.0,0.0,3.3,3.3,33.2,68.1,68.1,0.45,3.3,1,2023,7,204,1
MIZ/KOL/2023/169,Mizoram,Kolasib,Kolasib Slope Failure (MIZ/KOL/2023/169),,23.91777778,92.73805556,Rock,Slide,27 September 2023,2023-09-27,1,1,23.9,92.7,11.67,866.0,29.13,201.8,0.0,0.0,3.9,3.9,16.0,56.9,56.9,0.45,3.9,1,2023,9,270,1
MIZ/KOL/2023/170,Mizoram,Kolasib,Kolasib Slope Failure (MIZ/KOL/2023/170),,23.89638889,92.73638889,Rock,Slide,27 September 2023,2023-09-27,1,1,23.8,92.7,9.17,1037.0,31.89,202.1,0.0,0.0,5.3,5.3,16.3,48.1,48.1,0.45,5.3,1,2023,9,270,1
MIZ/AZL/2024/220,Mizoram,Aizawl,Aizawl Slope Failure (MIZ/AZL/2024/220),,23.60861111,92.85055556,Debris,Slide,28 May 2024,2024-05-28,1,1,23.6,92.8,47.5,1120.0,22.28,145.9,0.0,1.7,69.5,69.5,102.1,145.7,145.7,0.45,69.5,1,2024,5,149,0
MIZ/AZL/2024/227,Mizoram,Aizawl,Aizawl Slope Failure (MIZ/AZL/2024/227),,23.73305556,92.75,Debris,Slide,22 July 2024,2024-07-22,1,1,23.7,92.7,157.5,966.0,25.26,161.6,0.0,0.0,5.3,5.3,14.4,62.8,62.8,0.45,5.3,1,2024,7,204,1
MIZ/AZL/2024/228,Mizoram,Aizawl,Aizawl Slope Failure (MIZ/AZL/2024/228),,23.73222222,92.75,Debris,Slide,28 May 2024,2024-05-28,1,1,23.7,92.7,157.5,925.0,34.82,165.8,0.0,1.9,68.0,68.0,108.3,165.3,165.3,0.45,68.0,1,2024,5,149,0
MIZ/AZL/2024/229,Mizoram,Aizawl,Aizawl Slope Failure (MIZ/AZL/2024/229),,23.73194444,92.75,Debris,Slide,28 May 2024,2024-05-28,1,1,23.7,92.7,157.5,925.0,34.82,165.8,0.0,1.9,68.0,68.0,108.3,165.3,165.3,0.45,68.0,1,2024,5,149,0
MIZ/AZL/2024/230,Mizoram,Aizawl,Aizawl Slope Failure (MIZ/AZL/2024/230),,23.74083333,92.74111111,Debris,Slide,28 May 2024,2024-05-28,1,1,23.7,92.7,157.5,943.0,19.19,351.8,0.0,1.9,68.0,68.0,108.3,165.3,165.3,0.45,68.0,1,2024,5,149,0
MIZ/AZL/2024/231,Mizoram,Aizawl,Aizawl Slope Failure (MIZ/AZL/2024/231),,23.74916667,92.7375,Debris,Slide,30 June 2024,2024-06-30,1,1,23.7,92.7,157.5,1076.0,38.92,86.9,0.05,0.4,11.9,11.9,25.8,71.6,71.6,0.45,11.9,1,2024,6,182,1
MIZ/AZL/2024/235,Mizoram,Aizawl,Aizawl Slope Failure (MIZ/AZL/2024/235),,23.76972222,92.74472222,Earth/Soil,Slide,28 May 2024,2024-05-28,1,1,23.7,92.7,157.5,1118.0,27.14,257.2,0.0,3.9,58.6,58.6,98.0,141.0,141.0,0.45,58.6,1,2024,5,149,0
MIZ/AZL/2024/237,Mizoram,Aizawl,Aizawl Slope Failure (MIZ/AZL/2024/237),,23.76388889,92.73388889,Rock,Slide,26 September 2024,2024-09-26,1,1,23.7,92.7,157.5,1135.0,35.82,194.5,0.0,0.0,4.2,4.2,48.3,56.8,56.8,0.45,4.2,1,2024,9,270,1
MIZ/AZL/2024/241,Mizoram,Aizawl,Aizawl Slope Failure (MIZ/AZL/2024/241),,23.73888889,92.71472222,Debris,Slide,21 August 2024,2024-08-21,1,1,23.7,92.7,157.5,1028.0,32.35,205.7,0.0,0.0,8.1,8.1,75.0,182.9,182.9,0.45,8.1,1,2024,8,234,1
MIZ/AZL/2024/247,Mizoram,Aizawl,Aizawl Slope Failure (MIZ/AZL/2024/247),,23.74916667,92.69416667,Debris,Slide,28 May 2024,2024-05-28,1,1,23.7,92.6,49.17,885.0,31.29,5.1,0.0,2.3,68.8,68.8,125.9,178.8,178.8,0.45,68.8,1,2024,5,149,0
MIZ/AZL/2024/249,Mizoram,Aizawl,Aizawl Slope Failure (MIZ/AZL/2024/249),,23.74194444,92.71305556,Debris,Slide,21 August 2024,2024-08-21,1,1,23.7,92.7,157.5,877.0,15.9,194.7,0.1,0.3,11.1,11.1,57.6,169.9,169.9,0.45,11.1,1,2024,8,234,1
MIZ/AZL/2024/250,Mizoram,Aizawl,Aizawl Slope Failure (MIZ/AZL/2024/250),,23.74388889,92.71222222,Debris,Slide,20 July 2024,2024-07-20,1,1,23.7,92.7,157.5,789.0,22.12,223.4,0.05,0.1,2.7,2.7,25.1,61.3,61.3,0.45,2.7,1,2024,7,202,1
MIZ/AZL/2024/252,Mizoram,Aizawl,Aizawl Slope Failure (MIZ/AZL/2024/252),,23.74722222,92.71805556,Debris,Slide,2 July 2024,2024-07-02,1,1,23.7,92.7,157.5,917.0,26.49,184.1,0.05,1.0,34.0,34.0,95.9,140.8,140.8,0.45,34.0,1,2024,7,184,1
MIZ/AZL/2024/254,Mizoram,Aizawl,Aizawl Slope Failure (MIZ/AZL/2024/254),,23.69277778,92.72055556,Debris,Slide,28 May 2024,2024-05-28,1,1,23.6,92.7,115.83,1011.0,20.26,301.3,0.0,2.1,78.0,78.0,120.5,171.9,171.9,0.45,78.0,1,2024,5,149,0
MIZ/AZL/2024/262,Mizoram,Aizawl,Aizawl Slope Failure (MIZ/AZL/2024/262),,23.69777778,92.71944444,Debris,Slide,20 September 2024,2024-09-20,1,1,23.6,92.7,115.83,1023.0,17.08,114.6,0.0,0.0,0.4,0.4,9.6,35.0,35.0,0.45,0.4,1,2024,9,264,1
MIZ/AZL/2024/263,Mizoram,Aizawl,Aizawl Slope Failure (MIZ/AZL/2024/263),,23.69972222,92.7175,Debris,Slide,20 June 2024,2024-06-20,1,1,23.6,92.7,115.83,1019.0,26.27,99.8,0.0,0.0,2.4,2.4,8.8,25.5,25.5,0.45,2.4,1,2024,6,172,1
MIZ/AZL/2024/265,Mizoram,Aizawl,Aizawl Slope Failure (MIZ/AZL/2024/265),,23.70972222,92.72222222,Debris,Slide,28 May 2024,2024-05-28,1,1,23.7,92.7,157.5,944.0,26.22,68.9,0.0,1.9,68.0,68.0,108.3,165.3,165.3,0.45,68.0,1,2024,5,149,0
MIZ/AZL/2024/266,Mizoram,Aizawl,Aizawl Slope Failure (MIZ/AZL/2024/266),,23.69944444,92.71972222,Debris,Complex,28 May 2024,2024-05-28,1,1,23.6,92.7,115.83,1067.0,5.85,112.6,0.0,1.9,68.0,68.0,108.3,165.3,165.3,0.45,68.0,1,2024,5,149,0
MIZ/AZL/2024/270,Mizoram,Aizawl,Aizawl Slope Failure (MIZ/AZL/2024/270),,23.70277778,92.72083333,Rock,Slide,2 July 2024,2024-07-02,1,1,23.7,92.7,157.5,842.0,41.04,333.2,0.05,1.0,34.0,34.0,95.9,140.8,140.8,0.45,34.0,1,2024,7,184,1
MIZ/AZL/2024/271,Mizoram,Aizawl,Aizawl Slope Failure (MIZ/AZL/2024/271),,23.7025,92.72138889,Debris,Slide,2 July 2024,2024-07-02,1,1,23.7,92.7,157.5,842.0,33.61,311.2,0.05,1.0,34.0,34.0,95.9,140.8,140.8,0.45,34.0,1,2024,7,184,1
MIZ/AZL/2024/272,Mizoram,Aizawl,Aizawl Slope Failure (MIZ/AZL/2024/272),,23.69805556,92.72277778,Debris,Slide,2 July 2024,2024-07-02,1,1,23.6,92.7,115.83,874.0,28.48,31.5,0.05,1.0,34.0,34.0,95.9,140.8,140.8,0.45,34.0,1,2024,7,184,1
MIZ/AZL/2024/273,Mizoram,Aizawl,Aizawl Slope Failure (MIZ/AZL/2024/273),,23.69361111,92.7225,Debris,Slide,28 June 2024,2024-06-28,1,1,23.6,92.7,115.83,841.0,31.89,321.5,0.0,0.0,5.7,5.7,35.5,59.6,59.6,0.45,5.7,1,2024,6,180,1
MIZ/AZL/2024/278,Mizoram,Aizawl,Aizawl Slope Failure (MIZ/AZL/2024/278),,23.66416667,92.72055556,Debris,Complex,28 May 2024,2024-05-28,1,1,23.6,92.7,115.83,1063.0,5.12,188.7,0.0,2.1,78.0,78.0,120.5,171.9,171.9,0.45,78.0,1,2024,5,149,0
MIZ/AZL/2024/279,Mizoram,Aizawl,Aizawl Slope Failure (MIZ/AZL/2024/279),,23.66055556,92.72527778,Debris,Slide,28 May 2024,2024-05-28,1,1,23.6,92.7,115.83,861.0,25.14,309.0,0.0,2.1,78.0,78.0,120.5,171.9,171.9,0.45,78.0,1,2024,5,149,0
MIZ/AZL/2024/280,Mizoram,Aizawl,Aizawl Slope Failure (MIZ/AZL/2024/280),,23.66,92.72638889,Debris,Slide,28 May 2024,2024-05-28,1,1,23.6,92.7,115.83,839.0,23.57,304.3,0.0,2.1,78.0,78.0,120.5,171.9,171.9,0.45,78.0,1,2024,5,149,0
MIZ/AZL/2024/281,Mizoram,Aizawl,Aizawl Slope Failure (MIZ/AZL/2024/281),,23.65527778,92.72694444,Debris,Slide,28 May 2024,2024-05-28,1,1,23.6,92.7,115.83,831.0,10.67,123.2,0.0,2.1,78.0,78.0,120.5,171.9,171.9,0.45,78.0,1,2024,5,149,0
MIZ/AZL/2024/282,Mizoram,Aizawl,Aizawl Slope Failure (MIZ/AZL/2024/282),,23.65138889,92.72694444,Debris,Slide,28 May 2024,2024-05-28,1,1,23.6,92.7,115.83,798.0,4.13,86.1,0.0,2.1,78.0,78.0,120.5,171.9,171.9,0.45,78.0,1,2024,5,149,0
MIZ/AZL/2024/283,Mizoram,Aizawl,Aizawl Slope Failure (MIZ/AZL/2024/283),,23.64555556,92.72444444,Debris,Slide,28 May 2024,2024-05-28,1,1,23.6,92.7,115.83,787.0,28.92,175.3,0.0,2.1,78.0,78.0,120.5,171.9,171.9,0.45,78.0,1,2024,5,149,0
MIZ/AZL/2024/285,Mizoram,Aizawl,Aizawl Slope Failure (MIZ/AZL/2024/285),,23.64444444,92.72527778,Debris,Complex,28 May 2024,2024-05-28,1,1,23.6,92.7,115.83,824.0,17.62,148.4,0.0,2.1,78.0,78.0,120.5,171.9,171.9,0.45,78.0,1,2024,5,149,0
MIZ/AZL/2024/286,Mizoram,Aizawl,Aizawl Slope Failure (MIZ/AZL/2024/286),,23.64166667,92.72416667,Debris,Slide,28 May 2024,2024-05-28,1,1,23.6,92.7,115.83,759.0,24.39,222.5,0.0,2.1,78.0,78.0,120.5,171.9,171.9,0.45,78.0,1,2024,5,149,0
MIZ/AZL/2024/287,Mizoram,Aizawl,Aizawl Slope Failure (MIZ/AZL/2024/287),,23.64083333,92.72472222,Debris,Slide,28 May 2024,2024-05-28,1,1,23.6,92.7,115.83,817.0,9.71,192.2,0.0,2.1,78.0,78.0,120.5,171.9,171.9,0.45,78.0,1,2024,5,149,0
MIZ/AZL/2024/288,Mizoram,Aizawl,Aizawl Slope Failure (MIZ/AZL/2024/288),,23.6375,92.72277778,Debris,Slide,28 May 2024,2024-05-28,1,1,23.6,92.7,115.83,760.0,36.96,276.4,0.0,2.1,78.0,78.0,120.5,171.9,171.9,0.45,78.0,1,2024,5,149,0
MIZ/AZL/2024/294,Mizoram,Aizawl,Aizawl Slope Failure (MIZ/AZL/2024/294),,23.62611111,92.72638889,Debris,Slide,28 May 2024,2024-05-28,1,1,23.6,92.7,115.83,780.0,24.27,326.0,0.0,6.0,86.1,86.1,119.8,162.8,162.8,0.45,86.1,1,2024,5,149,0
MIZ/AZL/2024/295,Mizoram,Aizawl,Aizawl Slope Failure (MIZ/AZL/2024/295),,23.6325,92.72388889,Debris,Slide,28 May 2024,2024-05-28,1,1,23.6,92.7,115.83,830.0,31.51,341.1,0.0,2.1,78.0,78.0,120.5,171.9,171.9,0.45,78.0,1,2024,5,149,0
MIZ/AZL/2024/297,Mizoram,Aizawl,Aizawl Slope Failure (MIZ/AZL/2024/297),,23.62972222,92.72555556,Debris,Slide,28 May 2024,2024-05-28,1,1,23.6,92.7,115.83,805.0,13.34,58.8,0.0,2.1,78.0,78.0,120.5,171.9,171.9,0.45,78.0,1,2024,5,149,0
MIZ/AZL/2024/302,Mizoram,Aizawl,Aizawl Slope Failure (MIZ/AZL/2024/302),,23.61611111,92.71722222,Debris,Slide,28 May 2024,2024-05-28,1,1,23.6,92.7,115.83,916.0,8.28,262.2,0.0,6.0,86.1,86.1,119.8,162.8,162.8,0.45,86.1,1,2024,5,149,0
MIZ/AZL/2024/305,Mizoram,Aizawl,Aizawl Slope Failure (MIZ/AZL/2024/305),,23.61861111,92.72611111,Debris,Slide,28 May 2024,2024-05-28,1,1,23.6,92.7,115.83,818.0,8.77,17.0,0.0,6.0,86.1,86.1,119.8,162.8,162.8,0.45,86.1,1,2024,5,149,0
MIZ/AZL/2024/306,Mizoram,Aizawl,Aizawl Slope Failure (MIZ/AZL/2024/306),,23.60555556,92.725,Debris,Slide,28 May 2024,2024-05-28,1,1,23.6,92.7,115.83,898.0,13.3,316.7,0.0,6.0,86.1,86.1,119.8,162.8,162.8,0.45,86.1,1,2024,5,149,0
MIZ/AZL/2024/307,Mizoram,Aizawl,Aizawl Slope Failure (MIZ/AZL/2024/307),,23.58694444,92.8175,Debris,Slide,25 August 2024,2024-08-25,1,1,23.5,92.8,10.83,616.0,16.07,320.1,0.0,0.0,6.5,6.5,44.5,207.5,207.5,0.45,6.5,1,2024,8,238,1
MIZ/AZL/2024/312,Mizoram,Aizawl,Aizawl Slope Failure (MIZ/AZL/2024/312),,23.59194444,92.75055556,Debris,Slide,28 May 2024,2024-05-28,1,1,23.5,92.7,85.0,722.0,16.12,48.4,0.0,6.0,86.1,86.1,119.8,162.8,162.8,0.45,86.1,1,2024,5,149,0
MIZ/AZL/2024/313,Mizoram,Aizawl,Aizawl Slope Failure (MIZ/AZL/2024/313),,23.595,92.81611111,Earth/Soil,Slide,28 May 2024,2024-05-28,1,1,23.5,92.8,10.83,585.0,29.77,333.3,0.0,1.7,69.5,69.5,102.1,145.7,145.7,0.45,69.5,1,2024,5,149,0
MIZ/AZL/2024/319,Mizoram,Aizawl,Aizawl Slope Failure (MIZ/AZL/2024/319),,23.60861111,92.80972222,Debris,Slide,28 May 2024,2024-05-28,1,1,23.6,92.8,47.5,523.0,12.62,144.3,0.0,2.1,78.0,78.0,120.5,171.9,171.9,0.45,78.0,1,2024,5,149,0
MIZ/AZL/2024/323,Mizoram,Aizawl,Aizawl Slope Failure (MIZ/AZL/2024/323),,23.60972222,92.80916667,Debris,Slide,28 May 2024,2024-05-28,1,1,23.6,92.8,47.5,511.0,32.11,213.1,0.0,2.1,78.0,78.0,120.5,171.9,171.9,0.45,78.0,1,2024,5,149,0
MIZ/AZL/2024/324,Mizoram,Aizawl,Aizawl Slope Failure (MIZ/AZL/2024/324),,23.61361111,92.80777778,Earth/Soil,Slide,28 May 2024,2024-05-28,1,1,23.6,92.8,47.5,565.0,6.94,58.3,0.0,2.1,78.0,78.0,120.5,171.9,171.9,0.45,78.0,1,2024,5,149,0
MIZ/AZL/2024/327,Mizoram,Aizawl,Aizawl Slope Failure (MIZ/AZL/2024/327),,23.61222222,92.80527778,Debris,Slide,28 May 2024,2024-05-28,1,1,23.6,92.8,47.5,456.0,22.09,44.4,0.0,2.1,78.0,78.0,120.5,171.9,171.9,0.45,78.0,1,2024,5,149,0
MIZ/AZL/2024/328,Mizoram,Aizawl,Aizawl Slope Failure (MIZ/AZL/2024/328),,23.61138889,92.80333333,Debris,Slide,28 May 2024,2024-05-28,1,1,23.6,92.8,47.5,461.0,22.1,86.5,0.0,2.1,78.0,78.0,120.5,171.9,171.9,0.45,78.0,1,2024,5,149,0
MIZ/AZL/2024/331,Mizoram,Aizawl,Aizawl Slope Failure (MIZ/AZL/2024/331),,23.60972222,92.79972222,Earth/Soil,Slide,2 July 2024,2024-07-02,1,1,23.6,92.7,115.83,370.0,27.81,143.3,0.05,0.6,33.2,33.2,93.1,138.1,138.1,0.45,33.2,1,2024,7,184,1
MIZ/AZL/2024/342,Mizoram,Aizawl,Aizawl Slope Failure (MIZ/AZL/2024/342),,23.61611111,92.79777778,Debris,Complex,28 May 2024,2024-05-28,1,1,23.6,92.7,115.83,432.0,22.96,73.1,0.0,2.1,78.0,78.0,120.5,171.9,171.9,0.45,78.0,1,2024,5,149,0
MIZ/AZL/2024/343,Mizoram,Aizawl,Aizawl Slope Failure (MIZ/AZL/2024/343),,23.61472222,92.79583333,Debris,Complex,28 May 2024,2024-05-28,1,1,23.6,92.7,115.83,387.0,31.27,69.1,0.0,2.1,78.0,78.0,120.5,171.9,171.9,0.45,78.0,1,2024,5,149,0
MIZ/AZL/2024/344,Mizoram,Aizawl,Aizawl Slope Failure (MIZ/AZL/2024/344),,23.615,92.79222222,Debris,Slide,28 May 2024,2024-05-28,1,1,23.6,92.7,115.83,338.0,26.18,131.3,0.0,2.1,78.0,78.0,120.5,171.9,171.9,0.45,78.0,1,2024,5,149,0
MIZ/AZL/2024/345,Mizoram,Aizawl,Aizawl Slope Failure (MIZ/AZL/2024/345),,23.61583333,92.79111111,Debris,Slide,23 September 2023,2023-09-23,1,1,23.6,92.7,115.83,320.0,21.45,162.0,0.0,0.0,0.2,0.2,9.2,93.1,93.1,0.45,0.2,1,2023,9,266,1
MIZ/AZL/2024/346,Mizoram,Aizawl,Aizawl Slope Failure (MIZ/AZL/2024/346),,23.61861111,92.79,Debris,Slide,28 May 2024,2024-05-28,1,1,23.6,92.7,115.83,304.0,21.49,182.6,0.0,2.1,78.0,78.0,120.5,171.9,171.9,0.45,78.0,1,2024,5,149,0
MIZ/AZL/2024/350,Mizoram,Aizawl,Aizawl Slope Failure (MIZ/AZL/2024/350),,23.62333333,92.78888889,Debris,Slide,28 May 2024,2024-05-28,1,1,23.6,92.7,115.83,199.0,14.88,133.2,0.0,2.1,78.0,78.0,120.5,171.9,171.9,0.45,78.0,1,2024,5,149,0
MIZ/AZL/2024/351,Mizoram,Aizawl,Aizawl Slope Failure (MIZ/AZL/2024/351),,23.62361111,92.78888889,Debris,Slide,28 August 2024,2024-08-28,1,1,23.6,92.7,115.83,199.0,14.36,135.3,0.0,0.0,39.1,39.1,43.2,94.4,94.4,0.45,39.1,1,2024,8,241,1
MIZ/AZL/2024/352,Mizoram,Aizawl,Aizawl Slope Failure (MIZ/AZL/2024/352),,23.62527778,92.78638889,Debris,Slide,28 May 2024,2024-05-28,1,1,23.6,92.7,115.83,199.0,10.19,10.1,0.0,2.1,78.0,78.0,120.5,171.9,171.9,0.45,78.0,1,2024,5,149,0
MIZ/AZL/2024/358,Mizoram,Aizawl,Aizawl Slope Failure (MIZ/AZL/2024/358),,23.60111111,92.75888889,Debris,Slide,26 May 2024,2024-05-26,1,1,23.6,92.7,115.83,545.0,24.07,137.5,0.0,0.6,16.4,16.4,52.1,63.1,63.1,0.45,16.4,1,2024,5,147,0
MIZ/AZL/2024/365,Mizoram,Aizawl,Aizawl Slope Failure (MIZ/AZL/2024/365),,23.59527778,92.71722222,Debris,Complex,28 May 2024,2024-05-28,1,1,23.5,92.7,85.0,710.0,14.69,197.0,0.0,6.0,86.1,86.1,119.8,162.8,162.8,0.45,86.1,1,2024,5,149,0
MIZ/AZL/2024/366,Mizoram,Aizawl,Aizawl Slope Failure (MIZ/AZL/2024/366),,23.59055556,92.71611111,Debris,Slide,28 May 2024,2024-05-28,1,1,23.5,92.7,85.0,751.0,17.36,239.8,0.0,6.0,86.1,86.1,119.8,162.8,162.8,0.45,86.1,1,2024,5,149,0
MIZ/AZL/2024/367,Mizoram,Aizawl,Aizawl Slope Failure (MIZ/AZL/2024/367),,23.59027778,92.71583333,Earth/Soil,Slide,28 May 2024,2024-05-28,1,1,23.5,92.7,85.0,751.0,17.76,237.5,0.0,6.0,86.1,86.1,119.8,162.8,162.8,0.45,86.1,1,2024,5,149,0
MIZ/AZL/2024/382,Mizoram,Aizawl,Aizawl Slope Failure (MIZ/AZL/2024/382),,23.57138889,92.70972222,Debris,Slide,28 May 2024,2024-05-28,1,1,23.5,92.7,85.0,815.0,25.98,246.2,0.0,6.0,86.1,86.1,119.8,162.8,162.8,0.45,86.1,1,2024,5,149,0
MIZ/AZL/2024/383,Mizoram,Aizawl,Aizawl Slope Failure (MIZ/AZL/2024/383),,23.57055556,92.70888889,Debris,Complex,28 May 2024,2024-05-28,1,1,23.5,92.7,85.0,874.0,19.41,256.3,0.0,6.0,86.1,86.1,119.8,162.8,162.8,0.45,86.1,1,2024,5,149,0
MIZ/AZL/2024/384,Mizoram,Aizawl,Aizawl Slope Failure (MIZ/AZL/2024/384),,23.57027778,92.70722222,Debris,Complex,28 May 2024,2024-05-28,1,1,23.5,92.7,85.0,816.0,22.07,214.5,0.0,6.0,86.1,86.1,119.8,162.8,162.8,0.45,86.1,1,2024,5,149,0
MIZ/AZL/2024/385,Mizoram,Aizawl,Aizawl Slope Failure (MIZ/AZL/2024/385),,23.55388889,92.70472222,Debris,Slide,28 May 2024,2024-05-28,1,1,23.5,92.7,85.0,829.0,5.02,197.9,0.05,7.3,78.3,78.3,116.8,158.3,158.3,0.45,78.3,1,2024,5,149,0
MIZ/AZL/2024/386,Mizoram,Aizawl,Aizawl Slope Failure (MIZ/AZL/2024/386),,23.55444444,92.70527778,Debris,Slide,28 May 2024,2024-05-28,1,1,23.5,92.7,85.0,834.0,4.94,204.6,0.05,7.3,78.3,78.3,116.8,158.3,158.3,0.45,78.3,1,2024,5,149,0
MIZ/AZL/2024/387,Mizoram,Aizawl,Aizawl Slope Failure (MIZ/AZL/2024/387),,23.5625,92.70777778,Debris,Slide,25 August 2024,2024-08-25,1,1,23.5,92.7,85.0,794.0,22.97,184.3,0.0,0.0,3.8,3.8,37.7,203.2,203.2,0.45,3.8,1,2024,8,238,1
MIZ/AZL/2024/388,Mizoram,Aizawl,Aizawl Slope Failure (MIZ/AZL/2024/388),,23.56555556,92.7075,Debris,Slide,19 July 2024,2024-07-19,1,1,23.5,92.7,85.0,828.0,27.98,193.7,0.55,4.6,16.1,16.1,32.0,82.8,82.8,0.45,16.1,1,2024,7,201,1
MIZ/AZL/2024/389,Mizoram,Aizawl,Aizawl Slope Failure (MIZ/AZL/2024/389),,23.55,92.70444444,Debris,Slide,28 May 2024,2024-05-28,1,1,23.5,92.7,85.0,808.0,22.06,190.9,0.05,7.3,78.3,78.3,116.8,158.3,158.3,0.45,78.3,1,2024,5,149,0
MIZ/AZL/2024/390,Mizoram,Aizawl,Aizawl Slope Failure (MIZ/AZL/2024/390),,23.53222222,92.735,Rock,Slide,28 May 2024,2024-05-28,1,1,23.5,92.7,85.0,964.0,23.22,260.8,0.05,7.3,78.3,78.3,116.8,158.3,158.3,0.45,78.3,1,2024,5,149,0
MIZ/AZL/2024/401,Mizoram,Aizawl,Aizawl Slope Failure (MIZ/AZL/2024/401),,23.53555556,92.72333333,Debris,Slide,28 May 2024,2024-05-28,1,1,23.5,92.7,85.0,914.0,3.24,52.6,0.05,7.3,78.3,78.3,116.8,158.3,158.3,0.45,78.3,1,2024,5,149,0
MIZ/AZL/2024/402,Mizoram,Aizawl,Aizawl Slope Failure (MIZ/AZL/2024/402),,23.53805556,92.71861111,Debris,Slide,29 May 2024,2024-05-29,1,1,23.5,92.7,85.0,900.0,15.4,357.2,0.0,0.0,2.5,2.5,102.4,159.6,159.6,0.45,2.5,1,2024,5,150,0
MIZ/AZL/2024/409,Mizoram,Aizawl,Aizawl Slope Failure (MIZ/AZL/2024/409),,23.54833333,92.71083333,Debris,Slide,28 May 2024,2024-05-28,1,1,23.5,92.7,85.0,934.0,5.75,70.0,0.05,7.3,78.3,78.3,116.8,158.3,158.3,0.45,78.3,1,2024,5,149,0
MIZ/AZL/2024/414,Mizoram,Aizawl,Aizawl Slope Failure (MIZ/AZL/2024/414),,23.54888889,92.70555556,Debris,Complex,28 May 2024,2024-05-28,1,1,23.5,92.7,85.0,877.0,27.66,197.0,0.05,7.3,78.3,78.3,116.8,158.3,158.3,0.45,78.3,1,2024,5,149,0
MIZ/AZL/2024/415,Mizoram,Aizawl,Aizawl Slope Failure (MIZ/AZL/2024/415),,23.545,92.70333333,Debris,Slide,28 May 2024,2024-05-28,1,1,23.5,92.7,85.0,856.0,35.22,171.2,0.05,7.3,78.3,78.3,116.8,158.3,158.3,0.45,78.3,1,2024,5,149,0
MIZ/AZL/2024/416,Mizoram,Aizawl,Aizawl Slope Failure (MIZ/AZL/2024/416),,23.54027778,92.70138889,Debris,Complex,28 May 2024,2024-05-28,1,1,23.5,92.7,85.0,840.0,22.95,192.9,0.05,7.3,78.3,78.3,116.8,158.3,158.3,0.45,78.3,1,2024,5,149,0
MIZ/AZL/2024/420,Mizoram,Aizawl,Aizawl Slope Failure (MIZ/AZL/2024/420),,23.53694444,92.6975,Debris,Slide,28 May 2024,2024-05-28,1,1,23.5,92.6,56.67,804.0,35.41,229.5,0.05,7.3,78.3,78.3,116.8,158.3,158.3,0.45,78.3,1,2024,5,149,0
MIZ/AZL/2024/421,Mizoram,Aizawl,Aizawl Slope Failure (MIZ/AZL/2024/421),,23.53611111,92.69777778,Debris,Complex,28 May 2024,2024-05-28,1,1,23.5,92.6,56.67,855.0,28.8,237.6,0.05,7.3,78.3,78.3,116.8,158.3,158.3,0.45,78.3,1,2024,5,149,0
MIZ/AZL/2024/422,Mizoram,Aizawl,Aizawl Slope Failure (MIZ/AZL/2024/422),,23.53555556,92.69694444,Rock,Slide,28 May 2024,2024-05-28,1,1,23.5,92.6,56.67,852.0,24.65,167.0,0.05,7.3,78.3,78.3,116.8,158.3,158.3,0.45,78.3,1,2024,5,149,0
MIZ/AZL/2024/426,Mizoram,Aizawl,Aizawl Slope Failure (MIZ/AZL/2024/426),,23.53027778,92.69666667,Debris,Slide,28 May 2024,2024-05-28,1,1,23.5,92.6,56.67,810.0,38.94,194.9,0.05,7.3,78.3,78.3,116.8,158.3,158.3,0.45,78.3,1,2024,5,149,0
MIZ/AZL/2024/427,Mizoram,Aizawl,Aizawl Slope Failure (MIZ/AZL/2024/427),,23.52861111,92.6975,Debris,Slide,28 May 2024,2024-05-28,1,1,23.5,92.6,56.67,874.0,26.87,137.5,0.05,7.3,78.3,78.3,116.8,158.3,158.3,0.45,78.3,1,2024,5,149,0
MIZ/AZL/2024/428,Mizoram,Aizawl,Aizawl Slope Failure (MIZ/AZL/2024/428),,23.52777778,92.69861111,Debris,Slide,28 May 2024,2024-05-28,1,1,23.5,92.6,56.67,839.0,21.08,130.6,0.05,7.3,78.3,78.3,116.8,158.3,158.3,0.45,78.3,1,2024,5,149,0
MIZ/AZL/2024/431,Mizoram,Aizawl,Aizawl Slope Failure (MIZ/AZL/2024/431),,23.52277778,92.70277778,Debris,Slide,28 May 2024,2024-05-28,1,1,23.5,92.7,85.0,789.0,21.86,151.9,0.05,7.3,78.3,78.3,116.8,158.3,158.3,0.45,78.3,1,2024,5,149,0
MIZ/AZL/2024/432,Mizoram,Aizawl,Aizawl Slope Failure (MIZ/AZL/2024/432),,23.51944444,92.70055556,Debris,Slide,25 September 2024,2024-09-25,1,1,23.5,92.7,85.0,732.0,27.6,237.6,0.05,0.2,27.4,27.4,76.8,93.1,93.1,0.45,27.4,1,2024,9,269,1
MIZ/AZL/2024/435,Mizoram,Aizawl,Aizawl Slope Failure (MIZ/AZL/2024/435),,23.51444444,92.69805556,Debris,Slide,28 May 2024,2024-05-28,1,1,23.5,92.6,56.67,786.0,22.5,210.0,0.05,7.3,78.3,78.3,116.8,158.3,158.3,0.45,78.3,1,2024,5,149,0
MIZ/AZL/2024/437,Mizoram,Aizawl,Aizawl Slope Failure (MIZ/AZL/2024/437),,23.51055556,92.69972222,Debris,Slide,28 May 2024,2024-05-28,1,1,23.5,92.6,56.67,785.0,27.8,214.9,0.05,7.3,78.3,78.3,116.8,158.3,158.3,0.45,78.3,1,2024,5,149,0
MIZ/AZL/2024/438,Mizoram,Aizawl,Aizawl Slope Failure (MIZ/AZL/2024/438),,23.50861111,92.69805556,Rock,Slide,28 May 2024,2024-05-28,1,1,23.5,92.6,56.67,768.0,31.04,230.4,0.05,7.3,78.3,78.3,116.8,158.3,158.3,0.45,78.3,1,2024,5,149,0
MIZ/AZL/2024/439,Mizoram,Aizawl,Aizawl Slope Failure (MIZ/AZL/2024/439),,23.50694444,92.69638889,Debris,Slide,28 May 2024,2024-05-28,1,1,23.5,92.6,56.67,822.0,18.82,173.9,0.05,7.3,78.3,78.3,116.8,158.3,158.3,0.45,78.3,1,2024,5,149,0
MIZ/AZL/2024/441,Mizoram,Aizawl,Aizawl Slope Failure (MIZ/AZL/2024/441),,23.50527778,92.6975,Debris,Slide,28 May 2024,2024-05-28,1,1,23.5,92.6,56.67,849.0,24.7,186.7,0.05,7.3,78.3,78.3,116.8,158.3,158.3,0.45,78.3,1,2024,5,149,0
MIZ/AZL/2024/444,Mizoram,Aizawl,Aizawl Slope Failure (MIZ/AZL/2024/444),,23.55027778,92.70444444,Debris,Slide,28 May 2024,2024-05-28,1,1,23.5,92.7,85.0,808.0,22.36,194.6,0.05,7.3,78.3,78.3,116.8,158.3,158.3,0.45,78.3,1,2024,5,149,0
MIZ/AZL/2024/454,Mizoram,Aizawl,Aizawl Slope Failure (MIZ/AZL/2024/454),,23.54305556,92.70055556,Debris,Complex,28 May 2024,2024-05-28,1,1,23.5,92.7,85.0,769.0,32.69,224.6,0.05,7.3,78.3,78.3,116.8,158.3,158.3,0.45,78.3,1,2024,5,149,0
MIZ/AZL/2024/459,Mizoram,Aizawl,Aizawl Slope Failure (MIZ/AZL/2024/459),,23.53972222,92.69944444,Debris,Complex,28 May 2024,2024-05-28,1,1,23.5,92.6,56.67,762.0,27.72,212.7,0.05,7.3,78.3,78.3,116.8,158.3,158.3,0.45,78.3,1,2024,5,149,0
MIZ/AZL/2024/460,Mizoram,Aizawl,Aizawl Slope Failure (MIZ/AZL/2024/460),,23.53777778,92.69833333,Debris,Complex,28 May 2024,2024-05-28,1,1,23.5,92.6,56.67,778.0,37.38,210.5,0.05,7.3,78.3,78.3,116.8,158.3,158.3,0.45,78.3,1,2024,5,149,0
MIZ/AZL/2024/465,Mizoram,Aizawl,Aizawl Slope Failure (MIZ/AZL/2024/465),,23.54277778,92.67638889,Debris,Slide,28 May 2024,2024-05-28,1,1,23.5,92.6,56.67,687.0,3.26,18.4,0.05,16.6,109.6,109.6,156.8,173.7,173.7,0.45,109.6,1,2024,5,149,0
MIZ/AZL/2024/469,Mizoram,Aizawl,Aizawl Slope Failure (MIZ/AZL/2024/469),,23.54277778,92.67472222,Debris,Complex,28 May 2024,2024-05-28,1,1,23.5,92.6,56.67,635.0,23.34,152.7,0.05,16.6,109.6,109.6,156.8,173.7,173.7,0.45,109.6,1,2024,5,149,0
MIZ/AZL/2024/471,Mizoram,Aizawl,Aizawl Slope Failure (MIZ/AZL/2024/471),,23.54333333,92.66472222,Debris,Complex,28 May 2024,2024-05-28,1,1,23.5,92.6,56.67,719.0,7.9,187.5,0.05,16.6,109.6,109.6,156.8,173.7,173.7,0.45,109.6,1,2024,5,149,0
MIZ/AZL/2024/472,Mizoram,Aizawl,Aizawl Slope Failure (MIZ/AZL/2024/472),,23.54166667,92.66472222,Debris,Complex,12 August 2023,2023-08-12,1,1,23.5,92.6,56.67,720.0,13.12,36.8,0.1,0.5,1.9,1.9,8.0,125.0,125.0,0.45,1.9,1,2023,8,224,1
MIZ/AZL/2024/474,Mizoram,Aizawl,Aizawl Slope Failure (MIZ/AZL/2024/474),,23.53944444,92.66527778,Debris,Slide,28 May 2024,2024-05-28,1,1,23.5,92.6,56.67,620.0,17.47,99.0,0.05,16.6,109.6,109.6,156.8,173.7,173.7,0.45,109.6,1,2024,5,149,0
MIZ/AZL/2024/476,Mizoram,Aizawl,Aizawl Slope Failure (MIZ/AZL/2024/476),,23.53888889,92.6625,Debris,Slide,28 May 2024,2024-05-28,1,1,23.5,92.6,56.67,632.0,12.54,46.8,0.05,16.6,109.6,109.6,156.8,173.7,173.7,0.45,109.6,1,2024,5,149,0
MIZ/AZL/2024/483,Mizoram,Aizawl,Aizawl Slope Failure (MIZ/AZL/2024/483),,23.53944444,92.65888889,Debris,Slide,28 May 2024,2024-05-28,1,1,23.5,92.6,56.67,553.0,9.62,106.9,0.05,16.6,109.6,109.6,156.8,173.7,173.7,0.45,109.6,1,2024,5,149,0
MIZ/AZL/2024/484,Mizoram,Aizawl,Aizawl Slope Failure (MIZ/AZL/2024/484),,23.53611111,92.65527778,Debris,Slide,28 May 2024,2024-05-28,1,1,23.5,92.6,56.67,502.0,25.39,27.1,0.05,16.6,109.6,109.6,156.8,173.7,173.7,0.45,109.6,1,2024,5,149,0
MIZ/AZL/2024/486,Mizoram,Aizawl,Aizawl Slope Failure (MIZ/AZL/2024/486),,23.52694444,92.65444444,Debris,Slide,20 September 2024,2024-09-20,1,1,23.5,92.6,56.67,434.0,30.86,29.3,0.0,0.0,1.4,1.4,17.9,61.2,61.2,0.45,1.4,1,2024,9,264,1
MIZ/AZL/2024/488,Mizoram,Aizawl,Aizawl Slope Failure (MIZ/AZL/2024/488),,23.52583333,92.63861111,Debris,Slide,2 June 2024,2024-06-02,1,1,23.5,92.6,56.67,225.0,17.78,145.8,0.0,0.3,0.9,0.9,10.3,174.1,174.1,0.45,0.9,1,2024,6,154,1
MIZ/AZL/2024/489,Mizoram,Aizawl,Aizawl Slope Failure (MIZ/AZL/2024/489),,23.45083333,92.6825,Debris,Slide,28 May 2024,2024-05-28,1,1,23.4,92.6,15.0,912.0,6.72,322.3,0.2,5.8,86.2,86.2,122.7,168.4,168.4,0.45,86.2,1,2024,5,149,0
MIZ/AZL/2024/498,Mizoram,Aizawl,Aizawl Slope Failure (MIZ/AZL/2024/498),,23.44805556,92.68333333,Debris,Slide,28 May 2024,2024-05-28,1,1,23.4,92.6,15.0,856.0,6.8,70.8,0.2,5.8,86.2,86.2,122.7,168.4,168.4,0.45,86.2,1,2024,5,149,0
MIZ/AZL/2024/500,Mizoram,Aizawl,Aizawl Slope Failure (MIZ/AZL/2024/500),,23.44333333,92.68527778,Debris,Slide,28 May 2024,2024-05-28,1,1,23.4,92.6,15.0,828.0,26.95,125.4,0.2,5.8,86.2,86.2,122.7,168.4,168.4,0.45,86.2,1,2024,5,149,0
MIZ/AZL/2024/503,Mizoram,Aizawl,Aizawl Slope Failure (MIZ/AZL/2024/503),,23.42722222,92.71277778,Debris,Complex,28 May 2024,2024-05-28,1,1,23.4,92.7,74.17,895.0,31.27,227.9,0.2,5.8,86.2,86.2,122.7,168.4,168.4,0.45,86.2,1,2024,5,149,0
MIZ/AZL/2024/505,Mizoram,Aizawl,Aizawl Slope Failure (MIZ/AZL/2024/505),,23.41694444,92.71805556,Debris,Slide,28 May 2024,2024-05-28,1,1,23.4,92.7,74.17,1076.0,22.27,294.1,0.2,5.8,86.2,86.2,122.7,168.4,168.4,0.45,86.2,1,2024,5,149,0
MIZ/AZL/2024/511,Mizoram,Aizawl,Aizawl Slope Failure (MIZ/AZL/2024/511),,23.41,92.74944444,Debris,Slide,28 May 2024,2024-05-28,1,1,23.4,92.7,74.17,1162.0,37.59,245.1,0.2,5.8,86.2,86.2,122.7,168.4,168.4,0.45,86.2,1,2024,5,149,0
MIZ/AZL/2024/526,Mizoram,Aizawl,Aizawl Slope Failure (MIZ/AZL/2024/526),,23.37972222,92.75166667,Debris,Slide,28 May 2024,2024-05-28,1,1,23.3,92.7,53.33,1295.0,22.49,104.4,0.55,2.0,95.7,95.7,129.7,182.3,182.3,0.45,95.7,1,2024,5,149,0
MIZ/AZL/2024/534,Mizoram,Aizawl,Aizawl Slope Failure (MIZ/AZL/2024/534),,23.35694444,92.77027778,Debris,Complex,28 May 2024,2024-05-28,1,1,23.3,92.7,53.33,1022.0,31.01,170.9,0.7,2.6,107.3,107.3,136.3,201.7,201.7,0.45,107.3,1,2024,5,149,0
MIZ/AZL/2024/535,Mizoram,Aizawl,Aizawl Slope Failure (MIZ/AZL/2024/535),,23.35638889,92.77027778,Debris,Complex,28 May 2024,2024-05-28,1,1,23.3,92.7,53.33,994.0,26.01,147.6,0.7,2.6,107.3,107.3,136.3,201.7,201.7,0.45,107.3,1,2024,5,149,0
MIZ/AZL/2024/539,Mizoram,Aizawl,Aizawl Slope Failure (MIZ/AZL/2024/539),,23.39166667,92.75527778,Debris,Complex,28 May 2024,2024-05-28,1,1,23.3,92.7,53.33,1375.0,30.06,73.2,0.55,2.0,95.7,95.7,129.7,182.3,182.3,0.45,95.7,1,2024,5,149,0
MIZ/AZL/2024/548,Mizoram,Aizawl,Aizawl Slope Failure (MIZ/AZL/2024/548),,23.43194444,92.76083333,Debris,Slide,28 May 2024,2024-05-28,1,1,23.4,92.7,74.17,1482.0,21.95,151.3,0.2,5.8,86.2,86.2,122.7,168.4,168.4,0.45,86.2,1,2024,5,149,0
MIZ/AZL/2024/552,Mizoram,Aizawl,Aizawl Slope Failure (MIZ/AZL/2024/552),,23.44138889,92.77888889,Debris,Complex,28 May 2024,2024-05-28,1,1,23.4,92.7,74.17,1371.0,22.57,55.5,0.3,3.2,88.3,88.3,117.2,184.2,184.2,0.45,88.3,1,2024,5,149,0
MIZ/AZL/2024/559,Mizoram,Aizawl,Aizawl Slope Failure (MIZ/AZL/2024/559),,23.48555556,92.70305556,Debris,Slide,28 May 2024,2024-05-28,1,1,23.4,92.7,74.17,947.0,22.53,193.8,0.2,5.8,86.2,86.2,122.7,168.4,168.4,0.45,86.2,1,2024,5,149,0
MIZ/AZL/2024/561,Mizoram,Aizawl,Aizawl Slope Failure (MIZ/AZL/2024/561),,23.49083333,92.70555556,Debris,Complex,28 May 2024,2024-05-28,1,1,23.4,92.7,74.17,904.0,35.59,223.3,0.2,5.8,86.2,86.2,122.7,168.4,168.4,0.45,86.2,1,2024,5,149,0
MIZ/AZL/2024/567,Mizoram,Aizawl,Aizawl Slope Failure (MIZ/AZL/2024/567),,23.49861111,92.70388889,Debris,Complex,28 May 2024,2024-05-28,1,1,23.4,92.7,74.17,950.0,21.43,167.4,0.05,7.3,78.3,78.3,116.8,158.3,158.3,0.45,78.3,1,2024,5,149,0
MIZ/AZL/2024/570,Mizoram,Aizawl,Aizawl Slope Failure (MIZ/AZL/2024/570),,23.66194444,92.85416667,Debris,Slide,12 November 2024,2024-11-12,1,1,23.6,92.8,47.5,835.0,28.67,200.7,0.0,0.0,0.1,0.1,0.1,10.1,10.1,0.45,0.1,1,2024,11,317,0
MIZ/AZL/2024/571,Mizoram,Aizawl,Aizawl Slope Failure (MIZ/AZL/2024/571),,23.68277778,92.8575,Debris,Slide,28 May 2024,2024-05-28,1,1,23.6,92.8,47.5,945.0,26.54,140.2,0.0,0.9,76.9,76.9,103.3,141.0,141.0,0.45,76.9,1,2024,5,149,0
MIZ/AZL/2024/572,Mizoram,Aizawl,Aizawl Slope Failure (MIZ/AZL/2024/572),,23.68305556,92.8575,Debris,Slide,28 May 2024,2024-05-28,1,1,23.6,92.8,47.5,945.0,26.54,140.2,0.0,0.9,76.9,76.9,103.3,141.0,141.0,0.45,76.9,1,2024,5,149,0
MIZ/AZL/2024/575,Mizoram,Aizawl,Aizawl Slope Failure (MIZ/AZL/2024/575),,23.71388889,92.85722222,Debris,Slide,2 July 2024,2024-07-02,1,1,23.7,92.8,67.5,834.0,32.61,123.1,0.0,0.5,34.3,34.3,97.0,148.5,148.5,0.45,34.3,1,2024,7,184,1
MIZ/AZL/2024/576,Mizoram,Aizawl,Aizawl Slope Failure (MIZ/AZL/2024/576),,23.68638889,92.85833333,Debris,Slide,28 May 2024,2024-05-28,1,1,23.6,92.8,47.5,916.0,24.81,210.5,0.0,0.9,76.9,76.9,103.3,141.0,141.0,0.45,76.9,1,2024,5,149,0
MIZ/AZL/2024/578,Mizoram,Aizawl,Aizawl Slope Failure (MIZ/AZL/2024/578),,23.69472222,92.85972222,Debris,Slide,28 May 2024,2024-05-28,1,1,23.6,92.8,47.5,906.0,29.57,171.3,0.0,1.8,82.5,82.5,112.2,146.0,146.0,0.45,82.5,1,2024,5,149,0
MIZ/AZL/2024/579,Mizoram,Aizawl,Aizawl Slope Failure (MIZ/AZL/2024/579),,23.71416667,92.85805556,Debris,Slide,28 May 2024,2024-05-28,1,1,23.7,92.8,67.5,898.0,18.3,96.0,0.0,1.8,82.5,82.5,112.2,146.0,146.0,0.45,82.5,1,2024,5,149,0
MIZ/AZL/2024/582,Mizoram,Aizawl,Aizawl Slope Failure (MIZ/AZL/2024/582),,23.72722222,92.85472222,Debris,Slide,28 May 2024,2024-05-28,1,1,23.7,92.8,67.5,802.0,19.24,124.3,0.0,1.8,82.5,82.5,112.2,146.0,146.0,0.45,82.5,1,2024,5,149,0
MIZ/AZL/2024/583,Mizoram,Aizawl,Aizawl Slope Failure (MIZ/AZL/2024/583),,23.72972222,92.85305556,Debris,Slide,28 May 2024,2024-05-28,1,1,23.7,92.8,67.5,747.0,21.23,122.1,0.0,1.8,82.5,82.5,112.2,146.0,146.0,0.45,82.5,1,2024,5,149,0
MIZ/AZL/2024/586,Mizoram,Aizawl,Aizawl Slope Failure (MIZ/AZL/2024/586),,23.73111111,92.84638889,Debris,Slide,28 May 2024,2024-05-28,1,1,23.7,92.8,67.5,673.0,29.35,148.1,0.0,1.8,82.5,82.5,112.2,146.0,146.0,0.45,82.5,1,2024,5,149,0
MIZ/AZL/2024/587,Mizoram,Aizawl,Aizawl Slope Failure (MIZ/AZL/2024/587),,23.73361111,92.84305556,Debris,Slide,28 May 2024,2024-05-28,1,1,23.7,92.8,67.5,680.0,18.86,125.2,0.0,1.8,82.5,82.5,112.2,146.0,146.0,0.45,82.5,1,2024,5,149,0
MIZ/AZL/2024/599,Mizoram,Aizawl,Aizawl Slope Failure (MIZ/AZL/2024/599),,23.73833333,92.81333333,Debris,Slide,28 May 2024,2024-05-28,1,1,23.7,92.8,67.5,423.0,27.4,152.0,0.0,1.9,68.0,68.0,108.3,165.3,165.3,0.45,68.0,1,2024,5,149,0
MIZ/AZL/2024/600,Mizoram,Aizawl,Aizawl Slope Failure (MIZ/AZL/2024/600),,23.73694444,92.81361111,Debris,Slide,2 July 2024,2024-07-02,1,1,23.7,92.8,67.5,368.0,24.38,199.1,0.05,1.0,34.0,34.0,95.9,140.8,140.8,0.45,34.0,1,2024,7,184,1
MIZ/AZL/2024/601,Mizoram,Aizawl,Aizawl Slope Failure (MIZ/AZL/2024/601),,23.73472222,92.81333333,Debris,Slide,28 May 2024,2024-05-28,1,1,23.7,92.8,67.5,438.0,38.36,169.2,0.0,1.9,68.0,68.0,108.3,165.3,165.3,0.45,68.0,1,2024,5,149,0
MIZ/AZL/2024/605,Mizoram,Aizawl,Aizawl Slope Failure (MIZ/AZL/2024/605),,23.73,92.75833333,Debris,Complex,28 May 2024,2024-05-28,1,1,23.7,92.7,157.5,859.0,33.61,259.3,0.0,1.9,68.0,68.0,108.3,165.3,165.3,0.45,68.0,1,2024,5,149,0
MIZ/AZL/2024/608,Mizoram,Aizawl,Aizawl Slope Failure (MIZ/AZL/2024/608),,23.73055556,92.75861111,Debris,Slide,28 May 2024,2024-05-28,1,1,23.7,92.7,157.5,859.0,27.42,242.3,0.0,1.9,68.0,68.0,108.3,165.3,165.3,0.45,68.0,1,2024,5,149,0
MIZ/AZL/2024/610,Mizoram,Aizawl,Aizawl Slope Failure (MIZ/AZL/2024/610),,23.72916667,92.76583333,Debris,Slide,2 July 2024,2024-07-02,1,1,23.7,92.7,157.5,796.0,26.34,48.3,0.05,1.0,34.0,34.0,95.9,140.8,140.8,0.45,34.0,1,2024,7,184,1
MIZ/AZL/2024/612,Mizoram,Aizawl,Aizawl Slope Failure (MIZ/AZL/2024/612),,23.73027778,92.76861111,Debris,Slide,28 August 2024,2024-08-28,1,1,23.7,92.7,157.5,757.0,18.72,73.1,0.0,0.0,37.6,37.6,41.4,82.6,82.6,0.45,37.6,1,2024,8,241,1
MIZ/AZL/2024/613,Mizoram,Aizawl,Aizawl Slope Failure (MIZ/AZL/2024/613),,23.73222222,92.76555556,Debris,Slide,2 July 2024,2024-07-02,1,1,23.7,92.7,157.5,922.0,10.62,13.9,0.05,1.0,34.0,34.0,95.9,140.8,140.8,0.45,34.0,1,2024,7,184,1
MIZ/AZL/2024/616,Mizoram,Aizawl,Aizawl Slope Failure (MIZ/AZL/2024/616),,23.73794444,92.78613889,Rock,Slide,2 July 2024,2024-07-02,1,1,23.7,92.7,157.5,522.0,29.77,213.4,0.05,1.0,34.0,34.0,95.9,140.8,140.8,0.45,34.0,1,2024,7,184,1
MIZ/AZL/2024/617,Mizoram,Aizawl,Aizawl Slope Failure (MIZ/AZL/2024/617),,23.7375,92.78805556,Debris,Slide,2 July 2024,2024-07-02,1,1,23.7,92.7,157.5,576.0,12.08,351.5,0.05,1.0,34.0,34.0,95.9,140.8,140.8,0.45,34.0,1,2024,7,184,1
MIZ/AZL/2024/620,Mizoram,Aizawl,Aizawl Slope Failure (MIZ/AZL/2024/620),,23.73388889,92.79388889,Debris,Slide,2 July 2024,2024-07-02,1,1,23.7,92.7,157.5,346.0,17.45,37.0,0.05,1.0,34.0,34.0,95.9,140.8,140.8,0.45,34.0,1,2024,7,184,1
MIZ/AZL/2024/621,Mizoram,Aizawl,Aizawl Slope Failure (MIZ/AZL/2024/621),,23.72222222,92.79861111,Debris,Complex,28 May 2024,2024-05-28,1,1,23.7,92.7,157.5,189.0,9.28,263.1,0.0,1.9,68.0,68.0,108.3,165.3,165.3,0.45,68.0,1,2024,5,149,0
MIZ/AZL/2024/622,Mizoram,Aizawl,Aizawl Slope Failure (MIZ/AZL/2024/622),,23.72138889,92.79944444,Debris,Slide,2 July 2024,2024-07-02,1,1,23.7,92.7,157.5,202.0,13.74,350.5,0.05,1.0,34.0,34.0,95.9,140.8,140.8,0.45,34.0,1,2024,7,184,1
MIZ/AZL/2024/623,Mizoram,Aizawl,Aizawl Slope Failure (MIZ/AZL/2024/623),,23.72138889,92.85777778,Debris,Slide,2 July 2024,2024-07-02,1,1,23.7,92.8,67.5,770.0,11.72,220.6,0.0,0.5,34.3,34.3,97.0,148.5,148.5,0.45,34.3,1,2024,7,184,1
MIZ/AZL/2024/624,Mizoram,Aizawl,Aizawl Slope Failure (MIZ/AZL/2024/624),,23.72083333,92.86472222,Debris,Slide,2 July 2024,2024-07-02,1,1,23.7,92.8,67.5,794.0,36.57,296.8,0.0,0.5,34.3,34.3,97.0,148.5,148.5,0.45,34.3,1,2024,7,184,1
MIZ/AZL/2024/627,Mizoram,Aizawl,Aizawl Slope Failure (MIZ/AZL/2024/627),,23.71166667,92.87833333,Debris,Slide,2 July 2024,2024-07-02,1,1,23.7,92.8,67.5,577.0,15.02,294.9,0.0,0.5,34.3,34.3,97.0,148.5,148.5,0.45,34.3,1,2024,7,184,1
MIZ/AZL/2024/628,Mizoram,Aizawl,Aizawl Slope Failure (MIZ/AZL/2024/628),,23.71111111,92.87861111,Debris,Slide,28 June 2024,2024-06-28,1,1,23.7,92.8,67.5,607.0,19.65,344.6,0.0,0.0,9.9,9.9,33.3,70.5,70.5,0.45,9.9,1,2024,6,180,1
MIZ/AZL/2024/629,Mizoram,Aizawl,Aizawl Slope Failure (MIZ/AZL/2024/629),,23.70333333,92.87638889,Debris,Slide,18 July 2024,2024-07-18,1,1,23.7,92.8,67.5,569.0,19.5,0.0,0.4,0.9,3.9,3.9,38.4,59.5,59.5,0.45,3.9,1,2024,7,200,1
MIZ/AZL/2024/634,Mizoram,Aizawl,Aizawl Slope Failure (MIZ/AZL/2024/634),,23.73361111,92.84833333,Debris,Slide,7 June 2024,2024-06-07,1,1,23.7,92.8,67.5,709.0,25.12,184.4,0.0,0.0,1.6,1.6,1.7,15.2,15.2,0.45,1.6,1,2024,6,159,1
MIZ/AZL/2024/635,Mizoram,Aizawl,Aizawl Slope Failure (MIZ/AZL/2024/635),,23.73361111,92.85305556,Debris,Complex,28 August 2024,2024-08-28,1,1,23.7,92.8,67.5,792.0,32.94,281.4,0.0,0.0,28.7,28.7,34.4,97.4,97.4,0.45,28.7,1,2024,8,241,1
MIZ/AZL/2024/636,Mizoram,Aizawl,Aizawl Slope Failure (MIZ/AZL/2024/636),,23.735,92.85666667,Debris,Slide,2 July 2024,2024-07-02,1,1,23.7,92.8,67.5,791.0,33.31,185.1,0.0,0.5,34.3,34.3,97.0,148.5,148.5,0.45,34.3,1,2024,7,184,1
MIZ/AZL/2024/637,Mizoram,Aizawl,Aizawl Slope Failure (MIZ/AZL/2024/637),,23.73666667,92.85611111,Debris,Slide,2 July 2024,2024-07-02,1,1,23.7,92.8,67.5,752.0,22.89,155.4,0.0,0.5,34.3,34.3,97.0,148.5,148.5,0.45,34.3,1,2024,7,184,1
MIZ/AZL/2024/638,Mizoram,Aizawl,Aizawl Slope Failure (MIZ/AZL/2024/638),,23.73583333,92.85194444,Debris,Slide,28 May 2024,2024-05-28,1,1,23.7,92.8,67.5,683.0,37.13,279.0,0.0,1.8,82.5,82.5,112.2,146.0,146.0,0.45,82.5,1,2024,5,149,0
MIZ/AZL/2024/639,Mizoram,Aizawl,Aizawl Slope Failure (MIZ/AZL/2024/639),,23.74416667,92.85555556,Debris,Slide,25 September 2024,2024-09-25,1,1,23.7,92.8,67.5,837.0,4.12,90.0,0.05,0.1,23.4,23.4,44.3,56.0,56.0,0.45,23.4,1,2024,9,269,1
MIZ/AZL/2024/640,Mizoram,Aizawl,Aizawl Slope Failure (MIZ/AZL/2024/640),,23.74361111,92.85416667,Debris,Slide,25 September 2024,2024-09-25,1,1,23.7,92.8,67.5,842.0,10.97,107.7,0.05,0.1,23.4,23.4,44.3,56.0,56.0,0.45,23.4,1,2024,9,269,1
MIZ/AZL/2024/641,Mizoram,Aizawl,Aizawl Slope Failure (MIZ/AZL/2024/641),,23.76111111,92.84777778,Debris,Slide,2 July 2024,2024-07-02,1,1,23.7,92.8,67.5,762.0,26.39,217.5,0.0,0.5,35.1,35.1,107.2,166.2,166.2,0.45,35.1,1,2024,7,184,1
MIZ/AZL/2024/642,Mizoram,Aizawl,Aizawl Slope Failure (MIZ/AZL/2024/642),,23.76166667,92.85083333,Debris,Complex,2 July 2024,2024-07-02,1,1,23.7,92.8,67.5,775.0,22.88,228.3,0.0,0.5,35.1,35.1,107.2,166.2,166.2,0.45,35.1,1,2024,7,184,1
MIZ/AZL/2024/643,Mizoram,Aizawl,Aizawl Slope Failure (MIZ/AZL/2024/643),,23.76527778,92.85,Earth/Soil,Slide,2 July 2024,2024-07-02,1,1,23.7,92.8,67.5,793.0,19.76,158.7,0.0,0.5,35.1,35.1,107.2,166.2,166.2,0.45,35.1,1,2024,7,184,1
MIZ/AZL/2024/644,Mizoram,Aizawl,Aizawl Slope Failure (MIZ/AZL/2024/644),,23.76861111,92.85138889,Earth/Soil,Slide,2 July 2024,2024-07-02,1,1,23.7,92.8,67.5,726.0,20.62,186.2,0.0,0.5,35.1,35.1,107.2,166.2,166.2,0.45,35.1,1,2024,7,184,1
MIZ/AZL/2024/645,Mizoram,Aizawl,Aizawl Slope Failure (MIZ/AZL/2024/645),,23.77777778,92.8479,Earth/Soil,Slide,28 May 2024,2024-05-28,1,1,23.7,92.8,67.5,706.0,22.25,135.2,0.0,1.9,66.6,66.6,88.5,113.2,113.2,0.45,66.6,1,2024,5,149,0
MIZ/AZL/2024/646,Mizoram,Aizawl,Aizawl Slope Failure (MIZ/AZL/2024/646),,23.774,92.848,Debris,Slide,28 June 2024,2024-06-28,1,1,23.7,92.8,67.5,630.0,19.91,214.0,0.0,0.0,11.1,11.1,39.2,70.9,70.9,0.45,11.1,1,2024,6,180,1
MIZ/AZL/2024/647,Mizoram,Aizawl,Aizawl Slope Failure (MIZ/AZL/2024/647),,23.7775,92.84833333,Debris,Slide,28 May 2024,2024-05-28,1,1,23.7,92.8,67.5,731.0,29.33,133.8,0.0,1.9,66.6,66.6,88.5,113.2,113.2,0.45,66.6,1,2024,5,149,0
MIZ/AZL/2024/648,Mizoram,Aizawl,Aizawl Slope Failure (MIZ/AZL/2024/648),,23.77833333,92.84666667,Debris,Slide,28 May 2024,2024-05-28,1,1,23.7,92.8,67.5,685.0,32.9,157.0,0.0,1.9,66.6,66.6,88.5,113.2,113.2,0.45,66.6,1,2024,5,149,0
MIZ/AZL/2024/649,Mizoram,Aizawl,Aizawl Slope Failure (MIZ/AZL/2024/649),,23.77166667,92.84805556,Debris,Slide,23 July 2023,2023-07-23,1,1,23.7,92.8,67.5,680.0,31.69,184.6,1.25,4.6,15.8,15.8,45.1,105.4,105.4,0.45,15.8,1,2023,7,204,1
MIZ/AZL/2024/652,Mizoram,Aizawl,Aizawl Slope Failure (MIZ/AZL/2024/652),,23.77361111,92.84944444,Debris,Slide,28 May 2024,2024-05-28,1,1,23.7,92.8,67.5,701.0,21.35,209.7,0.0,1.9,66.6,66.6,88.5,113.2,113.2,0.45,66.6,1,2024,5,149,0
MIZ/AZL/2024/657,Mizoram,Aizawl,Aizawl Slope Failure (MIZ/AZL/2024/657),,23.82638889,92.8325,Debris,Slide,28 May 2024,2024-05-28,1,1,23.8,92.8,46.67,402.0,34.29,161.1,0.0,1.9,66.6,66.6,88.5,113.2,113.2,0.45,66.6,1,2024,5,149,0
MIZ/AZL/2024/659,Mizoram,Aizawl,Aizawl Slope Failure (MIZ/AZL/2024/659),,23.83277778,92.8325,Debris,Slide,2 July 2024,2024-07-02,1,1,23.8,92.8,46.67,391.0,33.85,167.6,0.25,1.9,35.7,35.7,102.9,178.0,178.0,0.45,35.7,1,2024,7,184,1
MIZ/AZL/2024/660,Mizoram,Aizawl,Aizawl Slope Failure (MIZ/AZL/2024/660),,23.83888889,92.83194444,Earth/Soil,Slide,2 July 2024,2024-07-02,1,1,23.8,92.8,46.67,246.0,22.99,201.8,0.25,1.9,35.7,35.7,102.9,178.0,178.0,0.45,35.7,1,2024,7,184,1
MIZ/AZL/2024/661,Mizoram,Aizawl,Aizawl Slope Failure (MIZ/AZL/2024/661),,23.84777778,92.83694444,Debris,Slide,28 May 2024,2024-05-28,1,1,23.8,92.8,46.67,364.0,19.73,171.3,0.0,9.9,78.3,78.3,106.3,125.1,125.1,0.45,78.3,1,2024,5,149,0
MIZ/AZL/2024/662,Mizoram,Aizawl,Aizawl Slope Failure (MIZ/AZL/2024/662),,23.85194444,92.83305556,Earth/Soil,Slide,25 September 2024,2024-09-25,1,1,23.8,92.8,46.67,144.0,20.26,203.0,0.0,0.0,21.9,21.9,45.5,57.5,57.5,0.45,21.9,1,2024,9,269,1
MIZ/AZL/2024/663,Mizoram,Aizawl,Aizawl Slope Failure (MIZ/AZL/2024/663),,23.86222222,92.83666667,Debris,Slide,2 July 2024,2024-07-02,1,1,23.8,92.8,46.67,252.0,16.87,112.9,0.0,0.3,33.8,33.8,104.5,179.3,179.3,0.45,33.8,1,2024,7,184,1
MIZ/AZL/2024/665,Mizoram,Aizawl,Aizawl Slope Failure (MIZ/AZL/2024/665),,23.87777778,92.84083333,Debris,Slide,25 September 2024,2024-09-25,1,1,23.8,92.8,46.67,323.0,31.86,283.8,0.0,0.0,21.9,21.9,45.5,57.5,57.5,0.45,21.9,1,2024,9,269,1
MIZ/AZL/2024/666,Mizoram,Aizawl,Aizawl Slope Failure (MIZ/AZL/2024/666),,23.88583333,92.85055556,Rock,Slide,28 September 2024,2024-09-28,1,1,23.8,92.8,46.67,523.0,15.03,200.6,0.0,0.0,1.3,1.3,11.4,58.2,58.2,0.45,1.3,1,2024,9,272,1
MIZ/AZL/2024/667,Mizoram,Aizawl,Aizawl Slope Failure (MIZ/AZL/2024/667),,23.89277778,92.85083333,Debris,Slide,28 September 2024,2024-09-28,1,1,23.8,92.8,46.67,609.0,12.79,137.6,0.0,0.0,1.3,1.3,11.4,58.2,58.2,0.45,1.3,1,2024,9,272,1
MIZ/AZL/2024/668,Mizoram,Aizawl,Aizawl Slope Failure (MIZ/AZL/2024/668),,23.89138889,92.84888889,Debris,Slide,2 July 2024,2024-07-02,1,1,23.8,92.8,46.67,583.0,10.64,100.6,0.0,0.3,33.8,33.8,104.5,179.3,179.3,0.45,33.8,1,2024,7,184,1
MIZ/AZL/2024/669,Mizoram,Aizawl,Aizawl Slope Failure (MIZ/AZL/2024/669),,23.89305556,92.84722222,Earth/Soil,Slide,28 September 2024,2024-09-28,1,1,23.8,92.8,46.67,545.0,24.55,198.4,0.0,0.0,1.3,1.3,11.4,58.2,58.2,0.45,1.3,1,2024,9,272,1
MIZ/AZL/2024/670,Mizoram,Aizawl,Aizawl Slope Failure (MIZ/AZL/2024/670),,23.88361111,92.85305556,Earth/Soil,Slide,17 August 2024,2024-08-17,1,1,23.8,92.8,46.67,629.0,24.17,182.9,2.35,8.5,30.2,30.2,76.6,116.0,116.0,0.45,30.2,1,2024,8,230,1
MIZ/AZL/2024/671,Mizoram,Aizawl,Aizawl Slope Failure (MIZ/AZL/2024/671),,23.88527778,92.8575,Earth/Soil,Slide,25 September 2024,2024-09-25,1,1,23.8,92.8,46.67,764.0,26.74,27.1,0.0,0.0,21.9,21.9,45.5,57.5,57.5,0.45,21.9,1,2024,9,269,1
MIZ/AZL/2024/672,Mizoram,Aizawl,Aizawl Slope Failure (MIZ/AZL/2024/672),,23.76972222,92.76,Earth/Soil,Slide,2 July 2024,2024-07-02,1,1,23.7,92.7,157.5,1149.0,40.2,206.3,0.05,1.3,37.3,37.3,101.5,157.1,157.1,0.45,37.3,1,2024,7,184,1
MIZ/AZL/2024/705,Mizoram,Aizawl,Aizawl Slope Failure (MIZ/AZL/2024/705),,24.03503889,93.54139444,Debris,Slide,28 September 2024,2024-09-28,1,1,24.0,93.5,11.67,965.0,18.47,222.4,0.0,0.0,1.5,1.5,9.9,56.3,56.3,0.45,1.5,1,2024,9,272,1
MIZ/AZL/2024/706,Mizoram,Aizawl,Aizawl Slope Failure (MIZ/AZL/2024/706),,24.05808333,93.49808333,Earth/Soil,Slide,7 October 2024,2024-10-07,1,1,24.0,93.4,1.67,1249.0,7.95,312.1,0.0,0.0,3.5,3.5,10.0,80.7,80.7,0.45,3.5,1,2024,10,281,0
MIZ/AZL/2024/707,Mizoram,Aizawl,Aizawl Slope Failure (MIZ/AZL/2024/707),,24.04531667,93.49220278,Debris,Slide,7 October 2024,2024-10-07,1,1,24.0,93.4,1.67,1352.0,12.41,350.6,0.0,0.0,3.5,3.5,10.0,80.7,80.7,0.45,3.5,1,2024,10,281,0
MIZ/AZL/2024/708,Mizoram,Aizawl,Aizawl Slope Failure (MIZ/AZL/2024/708),,24.090025,93.54191667,Debris,Slide,7 October 2024,2024-10-07,1,1,24.0,93.5,11.67,671.0,16.19,288.8,0.0,0.0,3.8,3.8,11.0,74.2,74.2,0.45,3.8,1,2024,10,281,0
MIZ/AZL/2024/709,Mizoram,Aizawl,Aizawl Slope Failure (MIZ/AZL/2024/709),,24.10864167,93.54198333,Debris,Slide,28 September 2024,2024-09-28,1,1,24.1,93.5,26.67,751.0,10.7,6.8,0.0,0.0,1.1,1.1,7.6,27.0,27.0,0.45,1.1,1,2024,9,272,1
MIZ/AZL/2024/710,Mizoram,Aizawl,Aizawl Slope Failure (MIZ/AZL/2024/710),,24.12682222,93.54013889,Debris,Slide,28 September 2024,2024-09-28,1,1,24.1,93.5,26.67,760.0,9.23,255.9,0.0,0.0,1.1,1.1,7.6,27.0,27.0,0.45,1.1,1,2024,9,272,1
MIZ/AZL/2024/711,Mizoram,Aizawl,Aizawl Slope Failure (MIZ/AZL/2024/711),,24.12715278,93.53351389,Earth/Soil,Slide,7 October 2024,2024-10-07,1,1,24.1,93.5,26.67,639.0,14.13,0.0,0.0,0.0,7.3,7.3,12.2,70.7,70.7,0.45,7.3,1,2024,10,281,0
MIZ/AZL/2024/712,Mizoram,Aizawl,Aizawl Slope Failure (MIZ/AZL/2024/712),,24.17180556,93.54406667,Debris,Slide,2 July 2024,2024-07-02,1,1,24.1,93.5,26.67,682.0,22.54,41.5,0.15,0.9,24.8,24.8,73.7,137.5,137.5,0.45,24.8,1,2024,7,184,1
MIZ/AZL/2024/713,Mizoram,Aizawl,Aizawl Slope Failure (MIZ/AZL/2024/713),,24.18291667,93.53441944,Debris,Slide,2 July 2024,2024-07-02,1,1,24.1,93.5,26.67,810.0,22.77,23.4,0.15,0.9,24.8,24.8,73.7,137.5,137.5,0.45,24.8,1,2024,7,184,1
MIZ/AZL/2024/714,Mizoram,Aizawl,Aizawl Slope Failure (MIZ/AZL/2024/714),,24.18566111,93.53935278,Debris,Slide,2 July 2024,2024-07-02,1,1,24.1,93.5,26.67,663.0,15.98,123.5,0.15,0.9,24.8,24.8,73.7,137.5,137.5,0.45,24.8,1,2024,7,184,1
MIZ/AZL/2024/715,Mizoram,Aizawl,Aizawl Slope Failure (MIZ/AZL/2024/715),,24.24449722,93.55275833,Debris,Slide,2 July 2024,2024-07-02,1,1,24.2,93.5,4.17,1040.0,19.31,59.5,0.2,0.9,28.2,28.2,93.2,136.7,136.7,0.45,28.2,1,2024,7,184,1
MIZ/AZL/2024/716,Mizoram,Aizawl,Aizawl Slope Failure (MIZ/AZL/2024/716),,24.24755556,93.54809722,Debris,Slide,2 July 2024,2024-07-02,1,1,24.2,93.5,4.17,1218.0,22.57,70.6,0.2,0.8,24.4,24.4,98.7,152.2,152.2,0.45,24.4,1,2024,7,184,1
MIZ/AZL/2024/717,Mizoram,Aizawl,Aizawl Slope Failure (MIZ/AZL/2024/717),,24.28840278,93.58591389,Debris,Slide,13 August 2024,2024-08-13,1,1,24.2,93.5,4.17,822.0,25.12,161.5,0.0,0.9,8.0,8.0,18.9,52.9,52.9,0.45,8.0,1,2024,8,226,1
MIZ/AZL/2024/718,Mizoram,Aizawl,Aizawl Slope Failure (MIZ/AZL/2024/718),,24.29982222,93.59040833,Debris,Slide,13 August 2024,2024-08-13,1,1,24.2,93.5,4.17,774.0,5.13,159.4,0.0,0.9,8.0,8.0,18.9,52.9,52.9,0.45,8.0,1,2024,8,226,1
MIZ/AZL/2024/719,Mizoram,Aizawl,Aizawl Slope Failure (MIZ/AZL/2024/719),,24.30768611,93.58120556,Debris,Slide,13 August 2024,2024-08-13,1,1,24.3,93.5,11.67,736.0,6.1,337.7,0.0,0.9,8.0,8.0,18.9,52.9,52.9,0.45,8.0,1,2024,8,226,1
MIZ/AZL/2024/720,Mizoram,Aizawl,Aizawl Slope Failure (MIZ/AZL/2024/720),,24.30711944,93.59375833,Earth/Soil,Slide,13 August 2024,2024-08-13,1,1,24.3,93.5,11.67,899.0,11.79,173.8,0.0,0.9,8.0,8.0,18.9,52.9,52.9,0.45,8.0,1,2024,8,226,1
MIZ/AZL/2024/721,Mizoram,Aizawl,Aizawl Slope Failure (MIZ/AZL/2024/721),,24.33915833,93.66233611,Debris,Slide,13 August 2024,2024-08-13,1,1,24.3,93.6,22.5,1030.0,12.49,319.4,0.0,0.1,2.7,2.7,18.3,64.1,64.1,0.45,2.7,1,2024,8,226,1
MIZ/AZL/2024/722,Mizoram,Aizawl,Aizawl Slope Failure (MIZ/AZL/2024/722),,24.33331944,93.65702778,Debris,Slide,13 August 2024,2024-08-13,1,1,24.3,93.6,22.5,1099.0,12.6,37.2,0.0,0.1,2.7,2.7,18.3,64.1,64.1,0.45,2.7,1,2024,8,226,1
MIZ/AZL/2024/723,Mizoram,Aizawl,Aizawl Slope Failure (MIZ/AZL/2024/723),,24.33300556,93.65357222,Debris,Slide,28 September 2024,2024-09-28,1,1,24.3,93.6,22.5,1156.0,1.57,280.4,0.0,0.0,1.1,1.1,16.3,41.9,41.9,0.45,1.1,1,2024,9,272,1
MIZ/AZL/2024/724,Mizoram,Aizawl,Aizawl Slope Failure (MIZ/AZL/2024/724),,24.3309,93.66054444,Debris,Slide,13 August 2024,2024-08-13,1,1,24.3,93.6,22.5,1047.0,8.68,346.3,0.0,0.1,2.7,2.7,18.3,64.1,64.1,0.45,2.7,1,2024,8,226,1
MIZ/AZL/2024/725,Mizoram,Aizawl,Aizawl Slope Failure (MIZ/AZL/2024/725),,24.32773611,93.57937222,Rock,Slide,2 July 2024,2024-07-02,1,1,24.3,93.5,11.67,805.0,15.4,94.1,0.2,0.8,24.4,24.4,98.7,152.2,152.2,0.45,24.4,1,2024,7,184,1
MIZ/AZL/2024/726,Mizoram,Aizawl,Aizawl Slope Failure (MIZ/AZL/2024/726),,24.39255556,93.65468611,Debris,Slide,13 August 2024,2024-08-13,1,1,24.3,93.6,22.5,1582.0,36.39,343.7,0.0,0.1,2.7,2.7,18.3,64.1,64.1,0.45,2.7,1,2024,8,226,1
MIZ/AZL/2024/728,Mizoram,Aizawl,Aizawl Slope Failure (MIZ/AZL/2024/728),,24.49112222,93.62215556,Earth/Soil,Slide,13 August 2024,2024-08-13,1,1,24.4,93.6,1.67,1257.0,22.09,65.5,0.0,1.4,3.3,3.3,32.0,70.7,70.7,0.45,3.3,1,2024,8,226,1
MIZ/AZL/2024/730,Mizoram,Aizawl,Aizawl Slope Failure (MIZ/AZL/2024/730),,24.48458889,93.58781944,Debris,Slide,13 August 2024,2024-08-13,1,1,24.4,93.5,3.33,804.0,13.75,193.8,0.1,2.2,6.0,6.0,39.8,95.9,95.9,0.45,6.0,1,2024,8,226,1
MIZ/AZL/2024/731,Mizoram,Aizawl,Aizawl Slope Failure (MIZ/AZL/2024/731),,24.492825,93.58643611,Earth/Soil,Slide,28 September 2024,2024-09-28,1,1,24.4,93.5,3.33,627.0,8.82,16.9,0.0,0.0,5.2,5.2,31.2,66.5,66.5,0.45,5.2,1,2024,9,272,1
MIZ/AZL/2024/732,Mizoram,Aizawl,Aizawl Slope Failure (MIZ/AZL/2024/732),,24.51785556,93.55086944,Debris,Slide,13 August 2024,2024-08-13,1,1,24.5,93.5,2.5,1027.0,8.38,42.3,0.1,2.2,6.0,6.0,39.8,95.9,95.9,0.45,6.0,1,2024,8,226,1
MIZ/AZL/2024/734,Mizoram,Aizawl,Aizawl Slope Failure (MIZ/AZL/2024/734),,24.52308611,93.57206944,Debris,Slide,28 September 2024,2024-09-28,1,1,24.5,93.5,2.5,756.0,10.03,202.5,0.0,0.0,5.2,5.2,31.2,66.5,66.5,0.45,5.2,1,2024,9,272,1
MIZ/AZL/2024/735,Mizoram,Aizawl,Aizawl Slope Failure (MIZ/AZL/2024/735),,24.48338333,93.58848056,Debris,Complex,28 September 2024,2024-09-28,1,1,24.4,93.5,3.33,832.0,19.32,188.9,0.0,0.0,5.2,5.2,31.2,66.5,66.5,0.45,5.2,1,2024,9,272,1
MIZ/KOL/2024/736,Mizoram,Kolasib,Kolasib Slope Failure (MIZ/KOL/2024/736),,24.450125,93.35963889,Earth/Soil,Slide,8 August 2024,2024-08-08,1,1,24.4,93.3,1.67,302.0,23.69,212.3,0.0,0.5,19.5,19.5,46.1,153.8,153.8,0.45,19.5,1,2024,8,221,1
MIZ/KOL/2024/737,Mizoram,Kolasib,Kolasib Slope Failure (MIZ/KOL/2024/737),,24.48857222,93.36792222,Debris,Slide,28 September 2024,2024-09-28,1,1,24.4,93.3,1.67,257.0,16.78,296.3,0.0,0.0,6.3,6.3,28.4,76.7,76.7,0.45,6.3,1,2024,9,272,1
MIZ/KOL/2024/738,Mizoram,Kolasib,Kolasib Slope Failure (MIZ/KOL/2024/738),,24.54263333,93.39741944,Debris,Slide,18 August 2024,2024-08-18,1,1,24.5,93.3,3.33,559.0,38.26,172.8,0.7,3.1,21.2,21.2,56.3,123.1,123.1,0.45,21.2,1,2024,8,231,1
MIZ/KOL/2024/739,Mizoram,Kolasib,Kolasib Slope Failure (MIZ/KOL/2024/739),,24.60002222,93.37166389,Earth/Soil,Slide,21 October 2024,2024-10-21,1,1,24.6,93.3,5.0,890.0,23.85,36.2,0.0,0.0,0.0,0.0,11.5,14.0,14.0,0.45,0.0,1,2024,10,295,0
MIZ/KOL/2024/740,Mizoram,Kolasib,Kolasib Slope Failure (MIZ/KOL/2024/740),,24.60067222,93.37223056,Earth/Soil,Slide,21 October 2024,2024-10-21,1,1,24.6,93.3,5.0,869.0,15.59,40.2,0.0,0.0,0.0,0.0,11.5,14.0,14.0,0.45,0.0,1,2024,10,295,0
MIZ/KOL/2024/741,Mizoram,Kolasib,Kolasib Slope Failure (MIZ/KOL/2024/741),,24.60372222,93.37223056,Debris,Slide,2 July 2024,2024-07-02,1,1,24.6,93.3,5.0,806.0,18.04,338.1,0.35,2.4,30.0,30.0,124.6,213.3,213.3,0.45,30.0,1,2024,7,184,1
MIZ/KOL/2024/742,Mizoram,Kolasib,Kolasib Slope Failure (MIZ/KOL/2024/742),,24.66895556,93.33700556,Debris,Slide,2 July 2024,2024-07-02,1,1,24.6,93.3,5.0,836.0,25.66,122.4,0.55,3.4,30.5,30.5,143.0,223.7,223.7,0.45,30.5,1,2024,7,184,1
MIZ/KOL/2024/744,Mizoram,Kolasib,Kolasib Slope Failure (MIZ/KOL/2024/744),,24.76606111,93.30076667,Earth/Soil,Slide,13 August 2024,2024-08-13,1,1,24.7,93.3,8.33,462.0,19.82,88.4,0.05,0.6,16.0,16.0,29.3,96.6,96.6,0.45,16.0,1,2024,8,226,1
MIZ/KOL/2024/745,Mizoram,Kolasib,Kolasib Slope Failure (MIZ/KOL/2024/745),,24.73838889,93.30909722,Debris,Slide,18 August 2024,2024-08-18,1,1,24.7,93.3,8.33,275.0,27.91,123.5,0.7,3.7,25.2,25.2,70.2,145.6,145.6,0.45,25.2,1,2024,8,231,1
MIZ/KOL/2024/746,Mizoram,Kolasib,Kolasib Slope Failure (MIZ/KOL/2024/746),,24.72074444,93.30899167,Debris,Slide,2 July 2024,2024-07-02,1,1,24.7,93.3,8.33,390.0,15.15,63.9,0.45,4.1,37.3,37.3,140.8,261.3,261.3,0.45,37.3,1,2024,7,184,1
MIZ/KOL/2024/747,Mizoram,Kolasib,Kolasib Slope Failure (MIZ/KOL/2024/747),,24.716225,93.32551389,Debris,Slide,18 August 2024,2024-08-18,1,1,24.7,93.3,8.33,103.0,17.41,45.9,0.7,3.7,25.2,25.2,70.2,145.6,145.6,0.45,25.2,1,2024,8,231,1
MIZ/KOL/2024/748,Mizoram,Kolasib,Kolasib Slope Failure (MIZ/KOL/2024/748),,24.70553333,93.33064167,Debris,Slide,28 September 2024,2024-09-28,1,1,24.7,93.3,8.33,377.0,11.46,271.4,0.05,0.1,4.4,4.4,22.7,63.0,63.0,0.45,4.4,1,2024,9,272,1
MIZ/KOL/2024/749,Mizoram,Kolasib,Kolasib Slope Failure (MIZ/KOL/2024/749),,24.60719444,93.46784722,Earth/Soil,Slide,19 August 2024,2024-08-19,1,1,24.6,93.4,1.67,1115.0,18.38,329.9,0.3,2.7,30.4,30.4,80.8,119.5,119.5,0.45,30.4,1,2024,8,232,1
MIZ/KOL/2024/750,Mizoram,Kolasib,Kolasib Slope Failure (MIZ/KOL/2024/750),,24.60853333,93.41668333,Debris,Slide,18 August 2024,2024-08-18,1,1,24.6,93.4,1.67,925.0,49.66,198.0,0.85,5.6,32.0,32.0,65.5,116.2,116.2,0.45,32.0,1,2024,8,231,1
MIZ/AZL/2024/752,Mizoram,Aizawl,Aizawl Slope Failure (MIZ/AZL/2024/752),,23.09758333,93.21623333,Debris,Slide,2 July 2024,2024-07-02,1,1,23.0,93.2,8.33,921.0,28.19,70.2,0.05,0.2,25.7,25.7,83.7,160.8,160.8,0.45,25.7,1,2024,7,184,1
MIZ/AZL/2024/753,Mizoram,Aizawl,Aizawl Slope Failure (MIZ/AZL/2024/753),,23.10851389,93.20975,Debris,Slide,28 June 2024,2024-06-28,1,1,23.1,93.2,21.67,1119.0,15.09,323.0,0.0,0.0,7.8,7.8,62.2,110.8,110.8,0.45,7.8,1,2024,6,180,1
MIZ/AZL/2024/754,Mizoram,Aizawl,Aizawl Slope Failure (MIZ/AZL/2024/754),,23.10172778,93.20231944,Debris,Complex,28 May 2024,2024-05-28,1,1,23.1,93.2,21.67,1208.0,21.15,66.9,0.1,0.3,46.5,46.5,61.1,91.0,91.0,0.45,46.5,1,2024,5,149,0
MIZ/AZL/2024/755,Mizoram,Aizawl,Aizawl Slope Failure (MIZ/AZL/2024/755),,23.101925,93.20426111,Debris,Slide,2 July 2024,2024-07-02,1,1,23.1,93.2,21.67,1143.0,27.72,31.0,0.05,0.2,25.7,25.7,83.7,160.8,160.8,0.45,25.7,1,2024,7,184,1
MIZ/AZL/2024/756,Mizoram,Aizawl,Aizawl Slope Failure (MIZ/AZL/2024/756),,23.10184722,93.20138889,Debris,Slide,28 September 2024,2024-09-28,1,1,23.1,93.2,21.67,1225.0,13.19,39.4,0.0,0.0,11.7,11.7,35.4,62.3,62.3,0.45,11.7,1,2024,9,272,1
MIZ/AZL/2024/759,Mizoram,Aizawl,Aizawl Slope Failure (MIZ/AZL/2024/759),,23.09759444,93.21089444,Debris,Slide,2 July 2024,2024-07-02,1,1,23.0,93.2,8.33,970.0,32.93,71.0,0.05,0.2,25.7,25.7,83.7,160.8,160.8,0.45,25.7,1,2024,7,184,1
MIZ/AZL/2024/760,Mizoram,Aizawl,Aizawl Slope Failure (MIZ/AZL/2024/760),,23.09561111,93.20786389,Debris,Slide,28 May 2024,2024-05-28,1,1,23.0,93.2,8.33,987.0,18.69,291.2,0.1,0.3,46.5,46.5,61.1,91.0,91.0,0.45,46.5,1,2024,5,149,0
MIZ/AZL/2024/762,Mizoram,Aizawl,Aizawl Slope Failure (MIZ/AZL/2024/762),,23.10100556,93.19393611,Debris,Slide,2 July 2024,2024-07-02,1,1,23.1,93.1,10.0,1025.0,21.4,170.7,0.05,0.2,25.7,25.7,83.7,160.8,160.8,0.45,25.7,1,2024,7,184,1
MIZ/AZL/2024/763,Mizoram,Aizawl,Aizawl Slope Failure (MIZ/AZL/2024/763),,23.10074722,93.18785278,Debris,Complex,2 July 2024,2024-07-02,1,1,23.1,93.1,10.0,959.0,29.71,225.3,0.05,0.2,25.7,25.7,83.7,160.8,160.8,0.45,25.7,1,2024,7,184,1
MIZ/AZL/2024/764,Mizoram,Aizawl,Aizawl Slope Failure (MIZ/AZL/2024/764),,23.09954722,93.18600278,Debris,Complex,2 July 2024,2024-07-02,1,1,23.0,93.1,3.33,896.0,9.44,222.6,0.05,0.2,25.7,25.7,83.7,160.8,160.8,0.45,25.7,1,2024,7,184,1
MIZ/AZL/2024/767,Mizoram,Aizawl,Aizawl Slope Failure (MIZ/AZL/2024/767),,23.0983,93.17597222,Debris,Slide,2 July 2024,2024-07-02,1,1,23.0,93.1,3.33,984.0,15.44,114.1,0.05,0.2,25.7,25.7,83.7,160.8,160.8,0.45,25.7,1,2024,7,184,1
MIZ/AZL/2024/768,Mizoram,Aizawl,Aizawl Slope Failure (MIZ/AZL/2024/768),,23.110975,93.21260278,Debris,Slide,28 May 2024,2024-05-28,1,1,23.1,93.2,21.67,993.0,18.55,308.9,0.1,0.3,46.5,46.5,61.1,91.0,91.0,0.45,46.5,1,2024,5,149,0
MIZ/AZL/2024/769,Mizoram,Aizawl,Aizawl Slope Failure (MIZ/AZL/2024/769),,23.25986389,93.16155278,Debris,Slide,28 October 2024,2024-10-28,1,1,23.2,93.1,11.67,1220.0,31.38,293.7,0.0,0.0,0.0,0.0,0.0,16.2,16.2,0.45,0.0,1,2024,10,302,0
MIZ/AZL/2024/770,Mizoram,Aizawl,Aizawl Slope Failure (MIZ/AZL/2024/770),,23.25828611,93.15288333,Debris,Slide,28 November 2024,2024-11-28,1,1,23.2,93.1,11.67,1197.0,20.71,227.6,0.0,0.0,1.8,1.8,1.8,15.8,15.8,0.45,1.8,1,2024,11,333,0
MIZ/AZL/2024/771,Mizoram,Aizawl,Aizawl Slope Failure (MIZ/AZL/2024/771),,23.26126111,93.15070556,Debris,Slide,28 November 2024,2024-11-28,1,1,23.2,93.1,11.67,1068.0,21.45,193.3,0.0,0.0,1.8,1.8,1.8,15.8,15.8,0.45,1.8,1,2024,11,333,0
MIZ/AZL/2024/772,Mizoram,Aizawl,Aizawl Slope Failure (MIZ/AZL/2024/772),,23.25951944,93.15917222,Debris,Complex,28 September 2024,2024-09-28,1,1,23.2,93.1,11.67,1236.0,16.8,321.2,0.0,0.0,3.0,3.0,20.6,66.4,66.4,0.45,3.0,1,2024,9,272,1
MIZ/AZL/2024/773,Mizoram,Aizawl,Aizawl Slope Failure (MIZ/AZL/2024/773),,23.27598056,93.14351667,Debris,Slide,2 July 2024,2024-07-02,1,1,23.2,93.1,11.67,659.0,10.83,358.7,0.0,0.1,24.9,24.9,71.5,128.3,128.3,0.45,24.9,1,2024,7,184,1
MIZ/AZL/2024/774,Mizoram,Aizawl,Aizawl Slope Failure (MIZ/AZL/2024/774),,23.27663889,93.14375,Rock,Slide,2 July 2024,2024-07-02,1,1,23.2,93.1,11.67,659.0,10.85,4.0,0.0,0.1,24.9,24.9,71.5,128.3,128.3,0.45,24.9,1,2024,7,184,1
MIZ/AZL/2024/775,Mizoram,Aizawl,Aizawl Slope Failure (MIZ/AZL/2024/775),,23.281075,93.144075,Debris,Slide,2 July 2024,2024-07-02,1,1,23.2,93.1,11.67,694.0,27.27,334.6,0.0,0.1,24.9,24.9,71.5,128.3,128.3,0.45,24.9,1,2024,7,184,1
MIZ/AZL/2024/776,Mizoram,Aizawl,Aizawl Slope Failure (MIZ/AZL/2024/776),,23.32829167,93.12184167,Debris,Slide,28 September 2024,2024-09-28,1,1,23.3,93.1,10.0,867.0,17.09,104.8,0.0,0.0,1.8,1.8,16.4,52.2,52.2,0.45,1.8,1,2024,9,272,1
MIZ/AZL/2024/777,Mizoram,Aizawl,Aizawl Slope Failure (MIZ/AZL/2024/777),,23.33529167,93.11214167,Debris,Slide,2 July 2024,2024-07-02,1,1,23.3,93.1,10.0,1145.0,21.16,126.6,0.0,0.1,24.9,24.9,71.5,128.3,128.3,0.45,24.9,1,2024,7,184,1
MIZ/KOL/2024/778,Mizoram,Kolasib,Kolasib Slope Failure (MIZ/KOL/2024/778),,23.41421944,93.10569167,Debris,Slide,13 August 2024,2024-08-13,1,1,23.4,93.1,10.0,964.0,33.15,270.0,0.0,0.3,12.3,12.3,18.3,53.8,53.8,0.45,12.3,1,2024,8,226,1
MIZ/KOL/2024/780,Mizoram,Kolasib,Kolasib Slope Failure (MIZ/KOL/2024/780),,23.50882222,93.09170278,Earth/Soil,Slide,2 July 2024,2024-07-02,1,1,23.5,93.0,9.17,686.0,17.62,188.2,0.05,0.9,30.1,30.1,87.5,142.9,142.9,0.45,30.1,1,2024,7,184,1
MIZ/KOL/2024/781,Mizoram,Kolasib,Kolasib Slope Failure (MIZ/KOL/2024/781),,23.54130278,93.10256944,Earth/Soil,Slide,12 September 2024,2024-09-12,1,1,23.5,93.1,25.0,641.0,11.89,35.3,0.0,0.0,1.9,1.9,24.0,57.2,57.2,0.45,1.9,1,2024,9,256,1
MIZ/KOL/2024/782,Mizoram,Kolasib,Kolasib Slope Failure (MIZ/KOL/2024/782),,23.54600556,93.09247222,Earth/Soil,Slide,12 September 2024,2024-09-12,1,1,23.5,93.0,9.17,816.0,23.42,356.4,0.0,0.0,3.8,3.8,35.4,71.9,71.9,0.45,3.8,1,2024,9,256,1
MIZ/KOL/2024/783,Mizoram,Kolasib,Kolasib Slope Failure (MIZ/KOL/2024/783),,23.54286944,93.08539722,Earth/Soil,Slide,12 September 2024,2024-09-12,1,1,23.5,93.0,9.17,918.0,23.68,322.7,0.0,0.0,3.8,3.8,35.4,71.9,71.9,0.45,3.8,1,2024,9,256,1
MIZ/KOL/2024/784,Mizoram,Kolasib,Kolasib Slope Failure (MIZ/KOL/2024/784),,23.56332778,93.10553333,Earth/Soil,Slide,22 October 2024,2024-10-22,1,1,23.5,93.1,25.0,681.0,23.36,211.4,0.0,0.0,2.4,2.4,3.1,10.4,10.4,0.45,2.4,1,2024,10,296,0
MIZ/KOL/2024/785,Mizoram,Kolasib,Kolasib Slope Failure (MIZ/KOL/2024/785),,23.56785,93.10472222,Debris,Slide,12 September 2024,2024-09-12,1,1,23.5,93.1,25.0,670.0,14.82,117.7,0.05,0.1,0.7,0.7,22.7,50.7,50.7,0.45,0.7,1,2024,9,256,1
MIZ/KOL/2024/786,Mizoram,Kolasib,Kolasib Slope Failure (MIZ/KOL/2024/786),,23.56413333,93.11378889,Earth/Soil,Slide,12 September 2024,2024-09-12,1,1,23.5,93.1,25.0,730.0,12.96,266.3,0.05,0.1,0.7,0.7,22.7,50.7,50.7,0.45,0.7,1,2024,9,256,1
MIZ/KOL/2024/787,Mizoram,Kolasib,Kolasib Slope Failure (MIZ/KOL/2024/787),,23.56233889,93.11890833,Debris,Slide,12 September 2024,2024-09-12,1,1,23.5,93.1,25.0,776.0,20.83,194.4,0.05,0.1,0.7,0.7,22.7,50.7,50.7,0.45,0.7,1,2024,9,256,1
MIZ/KOL/2024/789,Mizoram,Kolasib,Kolasib Slope Failure (MIZ/KOL/2024/789),,23.56238611,93.12376667,Earth/Soil,Slide,12 September 2024,2024-09-12,1,1,23.5,93.1,25.0,737.0,20.54,166.1,0.05,0.1,0.7,0.7,22.7,50.7,50.7,0.45,0.7,1,2024,9,256,1
MIZ/KOL/2024/790,Mizoram,Kolasib,Kolasib Slope Failure (MIZ/KOL/2024/790),,23.56404167,93.10752222,Earth/Soil,Slide,12 September 2024,2024-09-12,1,1,23.5,93.1,25.0,754.0,12.43,212.1,0.05,0.1,0.7,0.7,22.7,50.7,50.7,0.45,0.7,1,2024,9,256,1
MIZ/KOL/2024/791,Mizoram,Kolasib,Kolasib Slope Failure (MIZ/KOL/2024/791),,23.56145278,93.10908889,Debris,Slide,12 September 2024,2024-09-12,1,1,23.5,93.1,25.0,707.0,14.6,180.0,0.05,0.1,0.7,0.7,22.7,50.7,50.7,0.45,0.7,1,2024,9,256,1
MIZ/KOL/2024/792,Mizoram,Kolasib,Kolasib Slope Failure (MIZ/KOL/2024/792),,23.55881111,93.10900556,Earth/Soil,Slide,12 September 2024,2024-09-12,1,1,23.5,93.1,25.0,753.0,6.85,160.3,0.05,0.1,0.7,0.7,22.7,50.7,50.7,0.45,0.7,1,2024,9,256,1
MIZ/KOL/2024/794,Mizoram,Kolasib,Kolasib Slope Failure (MIZ/KOL/2024/794),,23.5356,93.10656944,Debris,Slide,13 September 2024,2024-09-13,1,1,23.5,93.1,25.0,670.0,21.78,255.8,0.0,0.0,1.9,1.9,8.5,49.7,49.7,0.45,1.9,1,2024,9,257,1
MIZ/AZL/2024/795,Mizoram,Aizawl,Aizawl Slope Failure (MIZ/AZL/2024/795),,23.34297778,93.057775,Debris,Slide,13 September 2024,2024-09-13,1,1,23.3,93.0,15.0,851.0,15.9,242.3,1.0,2.0,11.6,11.6,36.2,70.6,70.6,0.45,11.6,1,2024,9,257,1
MIZ/AZL/2024/796,Mizoram,Aizawl,Aizawl Slope Failure (MIZ/AZL/2024/796),,23.35406111,93.04156111,Debris,Slide,28 September 2024,2024-09-28,1,1,23.3,93.0,15.0,520.0,2.71,121.2,0.0,0.0,0.9,0.9,21.2,68.0,68.0,0.45,0.9,1,2024,9,272,1
MIZ/AZL/2024/797,Mizoram,Aizawl,Aizawl Slope Failure (MIZ/AZL/2024/797),,23.35958611,93.04477222,Debris,Slide,28 September 2024,2024-09-28,1,1,23.3,93.0,15.0,564.0,20.67,215.0,0.0,0.0,0.9,0.9,21.2,68.0,68.0,0.45,0.9,1,2024,9,272,1
MIZ/KOL/2024/798,Mizoram,Kolasib,Kolasib Slope Failure (MIZ/KOL/2024/798),,23.36556111,93.05125278,Rock,Fall,9 July 2024,2024-07-09,1,1,23.3,93.0,15.0,675.0,17.42,221.3,0.0,0.1,4.7,4.7,20.0,100.3,100.3,0.45,4.7,1,2024,7,191,1
MIZ/KOL/2024/799,Mizoram,Kolasib,Kolasib Slope Failure (MIZ/KOL/2024/799),,23.36966389,93.04609444,Debris,Slide,9 July 2024,2024-07-09,1,1,23.3,93.0,15.0,596.0,33.41,19.1,0.0,0.1,4.7,4.7,20.0,100.3,100.3,0.45,4.7,1,2024,7,191,1
MIZ/KOL/2024/801,Mizoram,Kolasib,Kolasib Slope Failure (MIZ/KOL/2024/801),,23.03821667,93.12529444,Rock,Slide,17 September 2024,2024-09-17,1,1,23.0,93.1,3.33,441.0,29.3,9.7,0.0,0.0,8.2,8.2,17.4,110.8,110.8,0.45,8.2,1,2024,9,261,1
MIZ/KOL/2024/802,Mizoram,Kolasib,Kolasib Slope Failure (MIZ/KOL/2024/802),,23.54294167,93.23821667,Debris,Slide,24 September 2024,2024-09-24,1,1,23.5,93.2,5.83,1507.0,30.5,196.4,0.15,0.3,17.7,17.7,17.8,33.3,33.3,0.45,17.7,1,2024,9,268,1
MIZ/KOL/2024/804,Mizoram,Kolasib,Kolasib Slope Failure (MIZ/KOL/2024/804),,24.55205833,93.25569167,Rock,Fall,9 July 2024,2024-07-09,1,1,24.5,93.2,5.0,242.0,13.12,34.1,0.05,0.9,24.1,24.1,59.0,132.2,132.2,0.45,24.1,1,2024,7,191,1
MIZ/KOL/2024/809,Mizoram,Kolasib,Kolasib Slope Failure (MIZ/KOL/2024/809),,24.599425,93.30004722,Debris,Slide,24 August 2024,2024-08-24,1,1,24.5,93.3,3.33,548.0,20.57,108.5,0.05,0.1,26.2,26.2,108.5,268.8,268.8,0.45,26.2,1,2024,8,237,1
MIZ/KOL/2024/810,Mizoram,Kolasib,Kolasib Slope Failure (MIZ/KOL/2024/810),,24.60921944,93.30050278,Debris,Slide,24 September 2024,2024-09-24,1,1,24.6,93.3,5.0,733.0,31.16,1.3,0.0,0.0,2.8,2.8,3.5,11.4,11.4,0.45,2.8,1,2024,9,268,1
MIZ/KOL/2024/812,Mizoram,Kolasib,Kolasib Slope Failure (MIZ/KOL/2024/812),,24.64528611,93.28593611,Debris,Slide,24 September 2024,2024-09-24,1,1,24.6,93.2,4.17,526.0,22.09,272.8,0.0,0.0,1.7,1.7,2.0,5.3,5.3,0.45,1.7,1,2024,9,268,1
MIZ/KOL/2024/813,Mizoram,Kolasib,Kolasib Slope Failure (MIZ/KOL/2024/813),,24.02205833,93.29369167,Debris,Slide,24 September 2024,2024-09-24,1,1,24.0,93.2,10.0,1138.0,36.1,241.3,0.0,0.0,11.9,11.9,12.6,25.4,25.4,0.45,11.9,1,2024,9,268,1
MIZ/KOL/2024/814,Mizoram,Kolasib,Kolasib Slope Failure (MIZ/KOL/2024/814),,23.01689167,93.283175,Debris,Slide,24 September 2024,2024-09-24,1,1,23.0,93.2,8.33,847.0,29.06,185.6,0.0,2.0,17.1,17.1,17.2,24.7,24.7,0.45,17.1,1,2024,9,268,1
MIZ/KOL/2024/815,Mizoram,Kolasib,Kolasib Slope Failure (MIZ/KOL/2024/815),,24.02782222,93.28944444,Debris,Slide,2 July 2024,2024-07-02,1,1,24.0,93.2,10.0,778.0,25.2,279.7,0.3,2.3,36.0,36.0,93.2,163.2,163.2,0.45,36.0,1,2024,7,184,1
MIZ/KOL/2024/816,Mizoram,Kolasib,Kolasib Slope Failure (MIZ/KOL/2024/816),,24.04014167,93.2915,Debris,Slide,2 July 2024,2024-07-02,1,1,24.0,93.2,10.0,661.0,30.16,157.7,0.6,2.7,32.1,32.1,102.0,158.3,158.3,0.45,32.1,1,2024,7,184,1
MIZ/KOL/2024/817,Mizoram,Kolasib,Kolasib Slope Failure (MIZ/KOL/2024/817),,24.03980278,93.29373889,Debris,Slide,2 July 2024,2024-07-02,1,1,24.0,93.2,10.0,741.0,20.13,162.8,0.6,2.7,32.1,32.1,102.0,158.3,158.3,0.45,32.1,1,2024,7,184,1
MIZ/KOL/2024/818,Mizoram,Kolasib,Kolasib Slope Failure (MIZ/KOL/2024/818),,24.05823611,93.28901944,Debris,Slide,2 July 2024,2024-07-02,1,1,24.0,93.2,10.0,546.0,29.87,175.1,0.6,2.7,32.1,32.1,102.0,158.3,158.3,0.45,32.1,1,2024,7,184,1
MIZ/KOL/2024/819,Mizoram,Kolasib,Kolasib Slope Failure (MIZ/KOL/2024/819),,24.09210556,93.29866667,Rock,Slide,24 September 2024,2024-09-24,1,1,24.0,93.2,10.0,909.0,18.7,161.4,0.0,0.0,17.3,17.3,19.1,24.2,24.2,0.45,17.3,1,2024,9,268,1
MIZ/KOL/2024/820,Mizoram,Kolasib,Kolasib Slope Failure (MIZ/KOL/2024/820),,24.12428889,93.318525,Earth/Soil,Slide,2 July 2024,2024-07-02,1,1,24.1,93.3,9.17,584.0,7.86,15.1,0.6,2.4,35.3,35.3,110.9,184.1,184.1,0.45,35.3,1,2024,7,184,1
MIZ/KOL/2024/825,Mizoram,Kolasib,Kolasib Slope Failure (MIZ/KOL/2024/825),,24.297775,93.34159722,Debris,Slide,24 September 2024,2024-09-24,1,1,24.2,93.3,4.17,507.0,29.66,200.4,0.05,0.3,24.0,24.0,24.0,25.7,25.7,0.45,24.0,1,2024,9,268,1
MIZ/KOL/2024/827,Mizoram,Kolasib,Kolasib Slope Failure (MIZ/KOL/2024/827),,24.35137778,93.34095556,Debris,Slide,24 September 2024,2024-09-24,1,1,24.3,93.3,5.83,323.0,21.63,150.8,1.65,5.7,22.6,22.6,22.7,25.5,25.5,0.45,22.6,1,2024,9,268,1
MIZ/KOL/2024/830,Mizoram,Kolasib,Kolasib Slope Failure (MIZ/KOL/2024/830),,23.631219,93.118033,Debris,Slide,15 August 2024,2024-08-15,1,1,23.6,93.1,8.33,681.0,7.47,68.0,1.0,2.3,21.4,21.4,52.6,88.8,88.8,0.45,21.4,1,2024,8,228,1
MIZ/KOL/2024/834,Mizoram,Kolasib,Kolasib Slope Failure (MIZ/KOL/2024/834),,23.62418333,93.14208611,Debris,Slide,15 August 2024,2024-08-15,1,1,23.6,93.1,8.33,1371.0,16.84,135.6,1.0,2.3,21.4,21.4,52.6,88.8,88.8,0.45,21.4,1,2024,8,228,1
MIZ/KOL/2024/836,Mizoram,Kolasib,Kolasib Slope Failure (MIZ/KOL/2024/836),,23.56672222,93.13764444,Debris,Slide,9 July 2024,2024-07-09,1,1,23.5,93.1,25.0,1109.0,26.51,200.6,0.1,0.3,12.8,12.8,30.4,103.4,103.4,0.45,12.8,1,2024,7,191,1
MIZ/KOL/2024/837,Mizoram,Kolasib,Kolasib Slope Failure (MIZ/KOL/2024/837),,24.04014167,93.2915,Debris,Slide,2 July 2024,2024-07-02,1,1,24.0,93.2,10.0,661.0,30.16,157.7,0.6,2.7,32.1,32.1,102.0,158.3,158.3,0.45,32.1,1,2024,7,184,1
MIZ/KOL/2024/838,Mizoram,Kolasib,Kolasib Slope Failure (MIZ/KOL/2024/838),,24.56771111,93.14291667,Debris,Complex,9 July 2024,2024-07-09,1,1,24.5,93.1,16.67,442.0,8.37,232.7,0.05,0.6,24.9,24.9,55.8,150.2,150.2,0.45,24.9,1,2024,7,191,1
MIZ/KOL/2024/839,Mizoram,Kolasib,Kolasib Slope Failure (MIZ/KOL/2024/839),,24.57467222,93.14389722,Debris,Slide,9 July 2024,2024-07-09,1,1,24.5,93.1,16.67,575.0,19.81,130.3,0.05,0.6,24.9,24.9,55.8,150.2,150.2,0.45,24.9,1,2024,7,191,1
MIZ/KOL/2024/840,Mizoram,Kolasib,Kolasib Slope Failure (MIZ/KOL/2024/840),,24.57470833,93.13897222,Debris,Complex,9 July 2024,2024-07-09,1,1,24.5,93.1,16.67,374.0,27.25,78.4,0.05,0.6,24.9,24.9,55.8,150.2,150.2,0.45,24.9,1,2024,7,191,1
MIZ/KOL/2024/841,Mizoram,Kolasib,Kolasib Slope Failure (MIZ/KOL/2024/841),,24.57151389,93.141725,Debris,Complex,2 July 2024,2024-07-02,1,1,24.5,93.1,16.67,398.0,25.36,93.6,0.2,0.8,28.3,28.3,117.4,217.2,217.2,0.45,28.3,1,2024,7,184,1
MIZ/KOL/2024/842,Mizoram,Kolasib,Kolasib Slope Failure (MIZ/KOL/2024/842),,24.56917222,93.14073611,Debris,Slide,2 July 2024,2024-07-02,1,1,24.5,93.1,16.67,295.0,20.56,200.4,0.2,0.8,28.3,28.3,117.4,217.2,217.2,0.45,28.3,1,2024,7,184,1
MIZ/KOL/2024/843,Mizoram,Kolasib,Kolasib Slope Failure (MIZ/KOL/2024/843),,24.5606,93.13071389,Debris,Slide,7 July 2024,2024-07-07,1,1,24.5,93.1,16.67,443.0,21.44,305.5,0.7,1.4,7.1,7.1,37.1,190.6,190.6,0.45,7.1,1,2024,7,189,1
MIZ/KOL/2024/844,Mizoram,Kolasib,Kolasib Slope Failure (MIZ/KOL/2024/844),,24.55987778,93.12541667,Debris,Slide,7 July 2024,2024-07-07,1,1,24.5,93.1,16.67,312.0,30.82,79.0,0.0,0.0,8.8,8.8,34.8,218.6,218.6,0.45,8.8,1,2024,7,189,1
MIZ/KOL/2024/845,Mizoram,Kolasib,Kolasib Slope Failure (MIZ/KOL/2024/845),,24.08927222,93.12408611,Debris,Slide,28 September 2024,2024-09-28,1,1,24.0,93.1,4.17,970.0,5.69,153.1,0.0,0.0,2.3,2.3,22.6,69.1,69.1,0.45,2.3,1,2024,9,272,1
MIZ/KOL/2024/846,Mizoram,Kolasib,Kolasib Slope Failure (MIZ/KOL/2024/846),,24.10641389,93.12339944,Debris,Slide,28 September 2024,2024-09-28,1,1,24.1,93.1,3.33,987.0,25.91,48.7,0.0,0.0,2.3,2.3,22.6,69.1,69.1,0.45,2.3,1,2024,9,272,1
MIZ/KOL/2024/847,Mizoram,Kolasib,Kolasib Slope Failure (MIZ/KOL/2024/847),,24.10710778,93.11535444,Debris,Slide,7 July 2024,2024-07-07,1,1,24.1,93.1,3.33,991.0,25.0,129.4,0.05,0.1,6.8,6.8,21.3,157.2,157.2,0.45,6.8,1,2024,7,189,1
MIZ/KOL/2024/848,Mizoram,Kolasib,Kolasib Slope Failure (MIZ/KOL/2024/848),,24.10015917,93.10461389,Rock,Slide,24 September 2024,2024-09-24,1,1,24.1,93.1,3.33,422.0,17.62,254.7,1.1,4.9,14.0,14.0,14.3,21.5,21.5,0.45,14.0,1,2024,9,268,1
MIZ/KOL/2024/849,Mizoram,Kolasib,Kolasib Slope Failure (MIZ/KOL/2024/849),,24.11104722,93.10374167,Earth/Soil,Slide,24 September 2024,2024-09-24,1,1,24.1,93.1,3.33,542.0,29.68,224.1,1.35,3.6,17.9,17.9,18.5,28.9,28.9,0.45,17.9,1,2024,9,268,1
MIZ/KOL/2024/850,Mizoram,Kolasib,Kolasib Slope Failure (MIZ/KOL/2024/850),,24.10506389,93.09593611,Earth/Soil,Slide,24 September 2024,2024-09-24,1,1,24.1,93.0,4.17,362.0,36.53,141.2,1.35,3.6,17.9,17.9,18.5,28.9,28.9,0.45,17.9,1,2024,9,268,1
MIZ/KOL/2024/851,Mizoram,Kolasib,Kolasib Slope Failure (MIZ/KOL/2024/851),,24.10743611,93.09532222,Debris,Slide,24 September 2024,2024-09-24,1,1,24.1,93.0,4.17,410.0,24.35,131.7,1.35,3.6,17.9,17.9,18.5,28.9,28.9,0.45,17.9,1,2024,9,268,1
MIZ/KOL/2024/852,Mizoram,Kolasib,Kolasib Slope Failure (MIZ/KOL/2024/852),,24.10687222,93.08849722,Earth/Soil,Slide,24 September 2024,2024-09-24,1,1,24.1,93.0,4.17,202.0,21.3,180.0,1.35,3.6,17.9,17.9,18.5,28.9,28.9,0.45,17.9,1,2024,9,268,1
MIZ/AZL/2024/853,Mizoram,Aizawl,Aizawl Slope Failure (MIZ/AZL/2024/853),,23.24231111,93.17726667,Debris,Slide,17 July 2024,2024-07-17,1,1,23.2,93.1,11.67,634.0,17.62,171.0,0.0,0.0,6.6,6.6,35.5,78.4,78.4,0.45,6.6,1,2024,7,199,1
MIZ/AZL/2024/854,Mizoram,Aizawl,Aizawl Slope Failure (MIZ/AZL/2024/854),,23.24500833,93.17587222,Debris,Slide,24 September 2024,2024-09-24,1,1,23.2,93.1,11.67,603.0,24.54,27.0,0.05,0.2,10.4,10.4,11.0,23.7,23.7,0.45,10.4,1,2024,9,268,1
MIZ/AZL/2024/855,Mizoram,Aizawl,Aizawl Slope Failure (MIZ/AZL/2024/855),,23.24454722,93.17027222,Debris,Slide,19 July 2024,2024-07-19,1,1,23.2,93.1,11.67,871.0,36.03,15.4,0.0,0.4,4.4,4.4,12.2,62.5,62.5,0.45,4.4,1,2024,7,201,1
MIZ/AZL/2024/856,Mizoram,Aizawl,Aizawl Slope Failure (MIZ/AZL/2024/856),,23.20960722,93.13104722,Debris,Slide,2 July 2024,2024-07-02,1,1,23.2,93.1,11.67,920.0,17.01,6.8,0.0,0.1,21.7,21.7,71.8,128.8,128.8,0.45,21.7,1,2024,7,184,1
MIZ/AZL/2024/857,Mizoram,Aizawl,Aizawl Slope Failure (MIZ/AZL/2024/857),,23.21068583,93.1212325,Debris,Slide,2 July 2024,2024-07-02,1,1,23.2,93.1,11.67,1122.0,18.7,280.0,0.05,0.6,22.8,22.8,81.3,149.9,149.9,0.45,22.8,1,2024,7,184,1
MIZ/KOL/2024/858,Mizoram,Kolasib,Kolasib Slope Failure (MIZ/KOL/2024/858),,23.49216111,93.23695,Rock,Slide,17 July 2024,2024-07-17,1,1,23.4,93.2,40.0,1316.0,22.24,97.6,0.0,0.0,17.7,17.7,36.0,78.0,78.0,0.45,17.7,1,2024,7,199,1
MIZ/KOL/2024/859,Mizoram,Kolasib,Kolasib Slope Failure (MIZ/KOL/2024/859),,23.504575,93.23805,Debris,Complex,17 July 2024,2024-07-17,1,1,23.5,93.2,5.83,1410.0,23.16,160.3,0.0,0.0,17.7,17.7,36.0,78.0,78.0,0.45,17.7,1,2024,7,199,1
MIZ/KOL/2024/860,Mizoram,Kolasib,Kolasib Slope Failure (MIZ/KOL/2024/860),,24.15364444,93.02183611,Debris,Slide,7 June 2024,2024-06-07,1,1,24.1,93.0,4.17,287.0,11.58,278.3,0.0,0.0,6.5,6.5,10.2,39.6,39.6,0.45,6.5,1,2024,6,159,1
MIZ/KOL/2024/861,Mizoram,Kolasib,Kolasib Slope Failure (MIZ/KOL/2024/861),,24.15817222,93.02488611,Earth/Soil,Slide,28 September 2024,2024-09-28,1,1,24.1,93.0,4.17,555.0,21.44,240.6,0.0,0.0,3.1,3.1,23.8,62.0,62.0,0.45,3.1,1,2024,9,272,1
MIZ/KOL/2024/862,Mizoram,Kolasib,Kolasib Slope Failure (MIZ/KOL/2024/862),,24.23419444,93.02469167,Earth/Soil,Slide,28 September 2024,2024-09-28,1,1,24.2,93.0,5.0,69.0,19.88,145.0,0.0,0.0,0.7,0.7,9.5,48.8,48.8,0.45,0.7,1,2024,9,272,1
MIZ/KOL/2024/863,Mizoram,Kolasib,Kolasib Slope Failure (MIZ/KOL/2024/863),,24.32836667,93.00923056,Earth/Soil,Slide,28 September 2024,2024-09-28,1,1,24.3,93.0,1.67,474.0,35.4,51.2,0.0,0.0,1.3,1.3,23.2,68.2,68.2,0.45,1.3,1,2024,9,272,1
MIZ/KOL/2024/865,Mizoram,Kolasib,Kolasib Slope Failure (MIZ/KOL/2024/865),,24.40520278,93.06672222,Debris,Slide,9 July 2024,2024-07-09,1,1,24.4,93.0,1.67,344.0,30.77,342.8,0.1,0.6,18.7,18.7,53.7,173.7,173.7,0.45,18.7,1,2024,7,191,1
MIZ/KOL/2024/866,Mizoram,Kolasib,Kolasib Slope Failure (MIZ/KOL/2024/866),,24.4259,93.13580556,Earth/Soil,Slide,28 May 2024,2024-05-28,1,1,24.4,93.1,5.0,506.0,6.59,239.1,6.85,16.9,95.5,95.5,111.5,122.8,122.8,0.45,95.5,1,2024,5,149,0
MIZ/KOL/2024/867,Mizoram,Kolasib,Kolasib Slope Failure (MIZ/KOL/2024/867),,24.44347778,93.15817778,Debris,Complex,7 July 2024,2024-07-07,1,1,24.4,93.1,5.0,63.0,4.98,15.0,0.0,0.1,5.9,5.9,64.7,221.8,221.8,0.45,5.9,1,2024,7,189,1
MIZ/KOL/2024/869,Mizoram,Kolasib,Kolasib Slope Failure (MIZ/KOL/2024/869),,24.44857778,93.15738611,Debris,Complex,7 July 2024,2024-07-07,1,1,24.4,93.1,5.0,87.0,17.19,347.4,0.0,0.1,5.9,5.9,64.7,221.8,221.8,0.45,5.9,1,2024,7,189,1
MIZ/KOL/2024/873,Mizoram,Kolasib,Kolasib Slope Failure (MIZ/KOL/2024/873),,24.65409167,93.204625,Debris,Slide,17 July 2024,2024-07-17,1,1,24.6,93.2,4.17,123.0,6.96,265.3,0.7,1.7,27.3,27.3,83.1,157.9,157.9,0.45,27.3,1,2024,7,199,1
MIZ/KOL/2024/874,Mizoram,Kolasib,Kolasib Slope Failure (MIZ/KOL/2024/874),,24.65018056,93.20256667,Debris,Slide,17 July 2024,2024-07-17,1,1,24.6,93.2,4.17,204.0,12.96,273.7,0.7,1.7,27.3,27.3,83.1,157.9,157.9,0.45,27.3,1,2024,7,199,1
MIZ/KOL/2024/875,Mizoram,Kolasib,Kolasib Slope Failure (MIZ/KOL/2024/875),,24.6273,93.20404444,Earth/Soil,Slide,17 July 2024,2024-07-17,1,1,24.6,93.2,4.17,197.0,27.04,338.8,0.7,1.7,27.3,27.3,83.1,157.9,157.9,0.45,27.3,1,2024,7,199,1
MIZ/KOL/2024/876,Mizoram,Kolasib,Kolasib Slope Failure (MIZ/KOL/2024/876),,24.62604722,93.22583889,Debris,Complex,12 June 2024,2024-06-12,1,1,24.6,93.2,4.17,122.0,1.78,196.9,1.2,5.1,32.3,32.3,46.1,81.0,81.0,0.45,32.3,1,2024,6,164,1
MIZ/KOL/2024/877,Mizoram,Kolasib,Kolasib Slope Failure (MIZ/KOL/2024/877),,24.58605,93.21056389,Debris,Slide,24 September 2024,2024-09-24,1,1,24.5,93.2,5.0,72.0,7.82,66.6,4.1,8.6,16.9,16.9,17.3,20.8,20.8,0.45,16.9,1,2024,9,268,1
MIZ/KOL/2024/878,Mizoram,Kolasib,Kolasib Slope Failure (MIZ/KOL/2024/878),,24.577475,93.19105,Debris,Slide,22 October 2024,2024-10-22,1,1,24.5,93.1,16.67,130.0,10.04,35.8,0.0,0.0,0.0,0.0,0.5,30.2,30.2,0.45,0.0,1,2024,10,296,0
MIZ/KOL/2024/879,Mizoram,Kolasib,Kolasib Slope Failure (MIZ/KOL/2024/879),,24.56062778,93.18938889,Earth/Soil,Slide,7 July 2024,2024-07-07,1,1,24.5,93.1,16.67,102.0,7.62,0.0,0.7,1.4,7.1,7.1,37.1,190.6,190.6,0.45,7.1,1,2024,7,189,1
MIZ/KOL/2024/880,Mizoram,Kolasib,Kolasib Slope Failure (MIZ/KOL/2024/880),,24.5716,93.17273056,Debris,Slide,12 June 2024,2024-06-12,1,1,24.5,93.1,16.67,193.0,23.37,189.6,1.15,4.8,30.8,30.8,44.1,81.9,81.9,0.45,30.8,1,2024,6,164,1
MIZ/KOL/2024/881,Mizoram,Kolasib,Kolasib Slope Failure (MIZ/KOL/2024/881),,24.56925833,93.177275,Debris,Slide,28 May 2024,2024-05-28,1,1,24.5,93.1,16.67,194.0,25.3,107.7,0.5,1.1,95.2,95.2,107.4,119.6,119.6,0.45,95.2,1,2024,5,149,0
MIZ/KOL/2024/882,Mizoram,Kolasib,Kolasib Slope Failure (MIZ/KOL/2024/882),,24.57296389,93.17700556,Debris,Slide,7 July 2024,2024-07-07,1,1,24.5,93.1,16.67,316.0,13.11,16.9,0.7,1.4,7.1,7.1,37.1,190.6,190.6,0.45,7.1,1,2024,7,189,1
MIZ/KOL/2024/883,Mizoram,Kolasib,Kolasib Slope Failure (MIZ/KOL/2024/883),,24.5768,93.106075,Debris,Slide,12 June 2024,2024-06-12,1,1,24.5,93.1,16.67,91.0,8.42,213.2,1.1,4.7,35.3,35.3,45.7,80.5,80.5,0.45,35.3,1,2024,6,164,1
MIZ/KOL/2024/884,Mizoram,Kolasib,Kolasib Slope Failure (MIZ/KOL/2024/884),,24.526075,93.05379167,Debris,Slide,28 May 2024,2024-05-28,1,1,24.5,93.0,10.0,140.0,7.42,136.2,2.0,5.6,91.9,91.9,110.7,120.5,120.5,0.45,91.9,1,2024,5,149,0
MIZ/KOL/2024/885,Mizoram,Kolasib,Kolasib Slope Failure (MIZ/KOL/2024/885),,24.458325,93.09439167,Debris,Slide,24 September 2024,2024-09-24,1,1,24.4,93.0,1.67,427.0,22.09,267.2,1.9,7.5,14.3,14.3,14.3,19.4,19.4,0.45,14.3,1,2024,9,268,1
MZ/AZL/84A10/2024/120,Mizoram,Aizawl,Aizawl Slope Failure (MZ/AZL/84A10/2024/120),Tachhip,23.57722222,92.71222222,Earth/Soil,Complex,28 May 2024,2024-05-28,1,1,23.5,92.7,85.0,902.0,11.22,172.2,0.0,6.0,86.1,86.1,119.8,162.8,162.8,0.45,86.1,1,2024,5,149,0
MIZ/AZL/84A10/2025/002,Mizoram,Aizawl,Aizawl Slope Failure (MIZ/AZL/84A10/2025/002),Kulikawn East,23.6868033,92.7251987,Rock,Slide,29 May 2025,2025-05-29,1,1,23.6,92.7,115.83,895.0,29.99,337.0,0.1,0.3,33.7,33.7,77.0,147.2,147.2,0.45,33.7,1,2025,5,149,0
MIZ/AZL/84A10/2025/003,Mizoram,Aizawl,Aizawl Slope Failure (MIZ/AZL/84A10/2025/003),"Ngaizel, Kulikawn",23.7002691,92.7181685,Rock,Fall,13 May 2025,2025-05-13,1,1,23.7,92.7,157.5,1072.0,20.29,110.2,0.0,0.0,0.7,0.7,5.0,6.9,6.9,0.45,0.7,1,2025,5,133,0
MIZ/AZL/84A10/2025/004,Mizoram,Aizawl,Aizawl Slope Failure (MIZ/AZL/84A10/2025/004),"Zohnuai, Vaivakawn, Aizawl",23.74247,92.705587,Debris,Subsidence,31 May 2025,2025-05-31,1,1,23.7,92.7,157.5,949.0,34.76,288.6,0.25,1.7,18.2,18.2,124.2,208.9,208.9,0.45,18.2,1,2025,5,151,0
MIZ/AZL/84A09/2025/009,Mizoram,Aizawl,Aizawl Slope Failure (MIZ/AZL/84A09/2025/009),"Zuangtui, Aizawl",23.75024,92.736662,Debris,Flow,01 June 2025,2025-06-01,1,1,23.7,92.7,157.5,1125.0,35.82,158.0,0.05,0.5,20.8,20.8,124.2,252.8,252.8,0.45,20.8,1,2025,6,152,1
MIZ/AZL/84A09/2025/011,Mizoram,Aizawl,Aizawl Slope Failure (MIZ/AZL/84A09/2025/011),Chaltlang Lily Veng,23.755925,92.726753,Rock,Fall,24 May 2025,2025-05-24,1,1,23.7,92.7,157.5,923.0,37.49,252.1,0.0,0.0,9.9,9.9,18.2,35.6,35.6,0.45,9.9,1,2025,5,144,0
MIZ/AZL/84A10/2025/012,Mizoram,Aizawl,Aizawl Slope Failure (MIZ/AZL/84A10/2025/012),"Chanmari West, Aizawl",23.745802,92.717053,Earth/Soil,Slide,01 June 2025,2025-06-01,1,1,23.7,92.7,157.5,902.0,23.54,225.5,0.05,0.5,20.8,20.8,124.2,252.8,252.8,0.45,20.8,1,2025,6,152,1
MIZ/AZL/84A11/2025/015,Mizoram,Aizawl,Aizawl Slope Failure (MIZ/AZL/84A11/2025/015),Sumsuih,23.469247,92.744068,Earth/Soil,Slide,01 June 2025,2025-06-01,1,1,23.4,92.7,74.17,1350.0,14.77,306.6,2.25,6.6,36.3,36.3,215.2,368.1,368.1,0.45,36.3,1,2025,6,152,1
MIZ/AZL/84A15/2025/016,Mizoram,Aizawl,Aizawl Slope Failure (MIZ/AZL/84A15/2025/016),Sialsuk,23.410771,92.753123,Debris,Slide,28 May 2024,2024-05-28,1,1,23.4,92.7,74.17,1149.0,21.06,354.0,0.2,5.8,86.2,86.2,122.7,168.4,168.4,0.45,86.2,1,2024,5,149,0
MIZ/AZL/84A15/2025/017,Mizoram,Aizawl,Aizawl Slope Failure (MIZ/AZL/84A15/2025/017),Aizawl-Thenzawl-Lunglei Highway,23.367366,92.767304,Rock,Slide,01 June 2025,2025-06-01,1,1,23.3,92.7,53.33,1076.0,37.11,132.4,1.4,5.6,45.5,45.5,250.7,391.1,391.1,0.45,45.5,1,2025,6,152,1
MIZ/AZL/84A15/2025/018,Mizoram,Aizawl,Aizawl Slope Failure (MIZ/AZL/84A15/2025/018),Aizawl-Thenzawl-Lunglei Highway,23.353485,92.780193,Debris,Slide,31 May 2025,2025-05-31,1,1,23.3,92.7,53.33,833.0,24.33,159.0,0.25,1.9,44.4,44.4,239.3,355.2,355.2,0.45,44.4,1,2025,5,151,0
MIZ/AZL/84A15/2025/019,Mizoram,Aizawl,Aizawl Slope Failure (MIZ/AZL/84A15/2025/019),Aizawl-Thenzawl-Lunglei Highway,23.350187,92.778852,Debris,Slide,30 May 2025,2025-05-30,1,1,23.3,92.7,53.33,786.0,28.07,235.9,2.4,7.3,161.5,161.5,215.0,307.2,307.2,0.45,161.5,1,2025,5,150,0
MIZ/AZL/84A15/2025/020,Mizoram,Aizawl,Aizawl Slope Failure (MIZ/AZL/84A15/2025/020),Aizawl-Thenzawl-Lunglei Highway,23.341022,92.776761,Debris,Slide,30 May 2025,2025-05-30,1,1,23.3,92.7,53.33,760.0,29.75,185.4,2.4,7.3,161.5,161.5,215.0,307.2,307.2,0.45,161.5,1,2025,5,150,0
MIZ/AZL/84A15/2025/021,Mizoram,Aizawl,Aizawl Slope Failure (MIZ/AZL/84A15/2025/021),Aizawl-Thenzawl-Lunglei Highway,23.339144,92.786128,Debris,Slide,30 May 2025,2025-05-30,1,1,23.3,92.7,53.33,689.0,22.72,69.4,2.4,7.3,161.5,161.5,215.0,307.2,307.2,0.45,161.5,1,2025,5,150,0
MIZ/AZL/84A15/2025/022,Mizoram,Aizawl,Aizawl Slope Failure (MIZ/AZL/84A15/2025/022),Thenzawl Quarry,23.336229,92.787113,Debris,Flow,30 May 2025,2025-05-30,1,1,23.3,92.7,53.33,664.0,22.09,155.1,1.3,4.5,136.8,136.8,189.1,270.5,270.5,0.45,136.8,1,2025,5,150,0
MIZ/AZL/84A15/2025/023,Mizoram,Aizawl,Aizawl Slope Failure (MIZ/AZL/84A15/2025/023),Aizawl-Thenzawl-Lunglei Highway,23.313871,92.792739,Debris,Slide,01 June 2025,2025-06-01,1,1,23.3,92.7,53.33,583.0,19.22,310.3,1.25,6.9,47.8,47.8,266.1,390.5,390.5,0.45,47.8,1,2025,6,152,1
MIZ/SER/84A15/2025/024,Mizoram,Serchhip,Serchhip Slope Failure (MIZ/SER/84A15/2025/024),Aizawl-Thenzawl-Lunglei Highway,23.315355,92.790619,Debris,Slide,31 May 2025,2025-05-31,1,1,23.3,92.7,53.33,637.0,27.81,318.9,0.15,1.5,49.4,49.4,220.1,316.7,316.7,0.45,49.4,1,2025,5,151,0
MIZ/SER/84A15/2025/025,Mizoram,Serchhip,Serchhip Slope Failure (MIZ/SER/84A15/2025/025),Outside Thenzawl,23.316491,92.788798,Debris,Slide,31 May 2025,2025-05-31,1,1,23.3,92.7,53.33,644.0,16.64,285.2,0.15,1.5,49.4,49.4,220.1,316.7,316.7,0.45,49.4,1,2025,5,151,0
MIZ/SER/84A12/2025/026,Mizoram,Serchhip,Serchhip Slope Failure (MIZ/SER/84A12/2025/026),Aizawl-Thenzawl-Lunglei Highway,23.239637,92.748175,Debris,Slide,30 May 2025,2025-05-30,1,1,23.2,92.7,35.0,770.0,3.36,85.2,2.95,10.3,165.9,165.9,209.6,293.5,293.5,0.45,165.9,1,2025,5,150,0
MIZ/SER/84A12/2025/027,Mizoram,Serchhip,Serchhip Slope Failure (MIZ/SER/84A12/2025/027),Buangpui,23.239077,92.745631,Earth/Soil,Slide,31 May 2025,2025-05-31,1,1,23.2,92.7,35.0,761.0,8.31,50.4,0.1,1.0,37.6,37.6,234.8,328.2,328.2,0.45,37.6,1,2025,5,151,0
MIZ/SER/84A12/2025/028,Mizoram,Serchhip,Serchhip Slope Failure (MIZ/SER/84A12/2025/028),Buangpui,23.239137,92.744468,Debris,Slide,01 June 2025,2025-06-01,1,1,23.2,92.7,35.0,764.0,7.44,20.2,1.45,9.0,55.2,55.2,258.7,381.3,381.3,0.45,55.2,1,2025,6,152,1
MIZ/SER/84A12/2025/029,Mizoram,Serchhip,Serchhip Slope Failure (MIZ/SER/84A12/2025/029),Buangpui,23.239797,92.744214,Debris,Slide,31 May 2025,2025-05-31,1,1,23.2,92.7,35.0,786.0,5.38,65.4,0.1,1.0,37.6,37.6,234.8,328.2,328.2,0.45,37.6,1,2025,5,151,0
MIZ/SER/84A12/2025/030,Mizoram,Serchhip,Serchhip Slope Failure (MIZ/SER/84A12/2025/030),Buangpui,23.238785,92.744224,Debris,Slide,31 May 2025,2025-05-31,1,1,23.2,92.7,35.0,764.0,6.52,30.8,0.1,1.0,37.6,37.6,234.8,328.2,328.2,0.45,37.6,1,2025,5,151,0
MIZ/LUNG/84A12/2025/032,Mizoram,Lunglei,Lunglei Slope Failure (MIZ/LUNG/84A12/2025/032),Kanghmun,23.214239,92.740856,Debris,Slide,31 May 2025,2025-05-31,1,1,23.2,92.7,35.0,826.0,22.39,192.6,0.1,1.0,37.6,37.6,234.8,328.2,328.2,0.45,37.6,1,2025,5,151,0
MIZ/LUNG/84A12/2025/033,Mizoram,Lunglei,Lunglei Slope Failure (MIZ/LUNG/84A12/2025/033),Aizawl-Thenzawl-Lunglei Highway,23.203253,92.735838,Earth/Soil,Slide,31 May 2025,2025-05-31,1,1,23.2,92.7,35.0,713.0,14.19,213.5,0.1,1.0,37.6,37.6,234.8,328.2,328.2,0.45,37.6,1,2025,5,151,0
MIZ/LUNG/84A12/2025/034,Mizoram,Lunglei,Lunglei Slope Failure (MIZ/LUNG/84A12/2025/034),Aizawl-Thenzawl-Lunglei Highway,23.200475,92.735007,Debris,Slide,01 June 2025,2025-06-01,1,1,23.2,92.7,35.0,756.0,7.28,356.0,1.45,9.0,55.2,55.2,258.7,381.3,381.3,0.45,55.2,1,2025,6,152,1
MIZ/LUNG/84A12/2025/035,Mizoram,Lunglei,Lunglei Slope Failure (MIZ/LUNG/84A12/2025/035),Aizawl-Thenzawl-Lunglei Highway,23.195661,92.73562,Rock,Slide,01 June 2025,2025-06-01,1,1,23.1,92.7,103.33,757.0,13.8,355.8,1.45,9.0,55.2,55.2,258.7,381.3,381.3,0.45,55.2,1,2025,6,152,1
MIZ/LUNG/84A12/2025/036,Mizoram,Lunglei,Lunglei Slope Failure (MIZ/LUNG/84A12/2025/036),Aizawl-Thenzawl-Lunglei Highway,23.194007,92.734654,Rock,Slide,30 May 2025,2025-05-30,1,1,23.1,92.7,103.33,787.0,5.18,263.8,0.4,3.6,111.5,111.5,155.3,234.4,234.4,0.45,111.5,1,2025,5,150,0
MIZ/LUNG/84A12/2025/037,Mizoram,Lunglei,Lunglei Slope Failure (MIZ/LUNG/84A12/2025/037),Aizawl-Thenzawl-Lunglei Highway,23.193468,92.734849,Debris,Slide,30 May 2025,2025-05-30,1,1,23.1,92.7,103.33,787.0,9.7,320.7,0.4,3.6,111.5,111.5,155.3,234.4,234.4,0.45,111.5,1,2025,5,150,0
MIZ/LUNG/84A12/2025/038,Mizoram,Lunglei,Lunglei Slope Failure (MIZ/LUNG/84A12/2025/038),Ramlaitui,23.183856,92.735346,Debris,Slide,30 May 2025,2025-05-30,1,1,23.1,92.7,103.33,840.0,11.03,118.5,0.4,3.6,111.5,111.5,155.3,234.4,234.4,0.45,111.5,1,2025,5,150,0
MIZ/LUNG/84A12/2025/040,Mizoram,Lunglei,Lunglei Slope Failure (MIZ/LUNG/84A12/2025/040),Ramlaitui,23.181806,92.736868,Earth/Soil,Slide,30 May 2025,2025-05-30,1,1,23.1,92.7,103.33,850.0,7.21,94.4,0.4,3.6,111.5,111.5,155.3,234.4,234.4,0.45,111.5,1,2025,5,150,0
MIZ/LUNG/84A12/2025/041,Mizoram,Lunglei,Lunglei Slope Failure (MIZ/LUNG/84A12/2025/041),Ramlaitui,23.18077,92.735789,Debris,Flow,31 May 2025,2025-05-31,1,1,23.1,92.7,103.33,769.0,24.03,149.0,0.1,1.5,39.3,39.3,182.6,268.1,268.1,0.45,39.3,1,2025,5,151,0
MIZ/LUNG/84A12/2025/042,Mizoram,Lunglei,Lunglei Slope Failure (MIZ/LUNG/84A12/2025/042),Ramlaitui,23.173606,92.739793,Debris,Slide,31 May 2025,2025-05-31,1,1,23.1,92.7,103.33,797.0,13.85,186.3,0.1,1.5,39.3,39.3,182.6,268.1,268.1,0.45,39.3,1,2025,5,151,0
MIZ/LUNG/84A12/2025/043,Mizoram,Lunglei,Lunglei Slope Failure (MIZ/LUNG/84A12/2025/043),Aizawl-Thenzawl-Lunglei Highway,23.150939,92.748258,Debris,Slide,31 May 2025,2025-05-31,1,1,23.1,92.7,103.33,877.0,27.22,331.2,0.1,1.5,39.3,39.3,182.6,268.1,268.1,0.45,39.3,1,2025,5,151,0
MIZ/LUNG/84A16/2025/044,Mizoram,Lunglei,Lunglei Slope Failure (MIZ/LUNG/84A16/2025/044),Sekhum,23.140846,92.751229,Debris,Slide,31 May 2025,2025-05-31,1,1,23.1,92.7,103.33,847.0,24.19,163.7,0.1,1.5,39.3,39.3,182.6,268.1,268.1,0.45,39.3,1,2025,5,151,0
MIZ/LUNG/84A12/2025/045,Mizoram,Lunglei,Lunglei Slope Failure (MIZ/LUNG/84A12/2025/045),Aizawl-Thenzawl-Lunglei Highway,23.1351,92.748694,Debris,Slide,31 May 2025,2025-05-31,1,1,23.1,92.7,103.33,883.0,23.35,192.7,0.1,1.5,39.3,39.3,182.6,268.1,268.1,0.45,39.3,1,2025,5,151,0
MIZ/LUNG/84A12/2025/046,Mizoram,Lunglei,Lunglei Slope Failure (MIZ/LUNG/84A12/2025/046),Aizawl-Thenzawl-Lunglei Highway,23.134009,92.746247,Earth/Soil,Slide,31 May 2025,2025-05-31,1,1,23.1,92.7,103.33,794.0,25.38,204.7,0.1,1.5,39.3,39.3,182.6,268.1,268.1,0.45,39.3,1,2025,5,151,0
MIZ/LUNG/84A12/2025/047,Mizoram,Lunglei,Lunglei Slope Failure (MIZ/LUNG/84A12/2025/047),Aizawl-Thenzawl-Lunglei Highway,23.132082,92.746268,Debris,Slide,31 May 2025,2025-05-31,1,1,23.1,92.7,103.33,810.0,27.45,205.1,0.1,1.5,39.3,39.3,182.6,268.1,268.1,0.45,39.3,1,2025,5,151,0
MIZ/LUNG/84A12/2025/048,Mizoram,Lunglei,Lunglei Slope Failure (MIZ/LUNG/84A12/2025/048),N. Mualthuam,23.114694,92.743931,Debris,Slide,01 June 2025,2025-06-01,1,1,23.1,92.7,103.33,861.0,15.41,354.4,1.05,8.5,39.2,39.2,162.5,296.1,296.1,0.45,39.2,1,2025,6,152,1
MIZ/LUNG/84A12/2025/049,Mizoram,Lunglei,Lunglei Slope Failure (MIZ/LUNG/84A12/2025/049),N. Mualthuam,23.114225,92.746024,Debris,Slide,31 May 2025,2025-05-31,1,1,23.1,92.7,103.33,741.0,27.42,273.2,0.1,1.2,32.8,32.8,151.4,258.5,258.5,0.45,32.8,1,2025,5,151,0
MIZ/LUNG/84A12/2025/050,Mizoram,Lunglei,Lunglei Slope Failure (MIZ/LUNG/84A12/2025/050),N. Mualthuam,23.111824,92.745097,Debris,Slide,31 May 2025,2025-05-31,1,1,23.1,92.7,103.33,849.0,12.38,36.5,0.1,1.2,32.8,32.8,151.4,258.5,258.5,0.45,32.8,1,2025,5,151,0
MIZ/LUNG/84A16/2025/051,Mizoram,Lunglei,Lunglei Slope Failure (MIZ/LUNG/84A16/2025/051),Aizawl-Thenzawl-Lunglei Highway,23.015005,92.765065,Rock,Slide,30 May 2025,2025-05-30,1,1,23.0,92.7,55.83,905.0,35.06,294.3,0.1,0.6,60.7,60.7,104.1,195.0,195.0,0.45,60.7,1,2025,5,150,0
MIZ/LUNG/84A16/2025/052,Mizoram,Lunglei,Lunglei Slope Failure (MIZ/LUNG/84A16/2025/052),Aizawl-Thenzawl-Lunglei Highway,23.022804,92.755698,Debris,Slide,31 May 2025,2025-05-31,1,1,23.0,92.7,55.83,826.0,11.26,309.7,0.05,0.8,34.5,34.5,121.9,222.3,222.3,0.45,34.5,1,2025,5,151,0
MIZ/LUNG/84B09/2025/053,Mizoram,Lunglei,Lunglei Slope Failure (MIZ/LUNG/84B09/2025/053),Aizawl-Thenzawl-Lunglei Highway,22.973735,92.725975,Debris,Slide,30 May 2025,2025-05-30,1,1,22.9,92.7,22.5,549.0,27.61,164.5,0.15,1.0,79.6,79.6,141.6,247.7,247.7,0.45,79.6,1,2025,5,150,0
MIZ/LAW/84B14/2025/055,Mizoram,Lawngtlai,Lawngtlai Slope Failure (MIZ/LAW/84B14/2025/055),"College Veng, Lawngtlai",22.519716,92.891037,Debris,Slide,31 May 2025,2025-05-31,1,1,22.5,92.8,30.0,899.0,9.17,355.2,0.0,0.7,25.3,25.3,92.6,282.4,282.4,0.45,25.3,1,2025,5,151,0
MIZ/LAW/84B15/2025/056,Mizoram,Lawngtlai,Lawngtlai Slope Failure (MIZ/LAW/84B15/2025/056),NH 54,22.48765,92.886806,Rock,Fall,31 May 2025,2025-05-31,1,1,22.4,92.8,16.67,967.0,35.95,210.6,0.0,0.7,25.3,25.3,92.6,282.4,282.4,0.45,25.3,1,2025,5,151,0
MIZ/SIA/84B15/2025/057,Mizoram,Siaha,Siaha Slope Failure (MIZ/SIA/84B15/2025/057),Kawchaw W,22.404215,92.951647,Debris,Slide,31 May 2025,2025-05-31,1,1,22.4,92.9,25.83,220.0,28.61,145.3,0.0,2.0,37.4,37.4,107.5,282.2,282.2,0.45,37.4,1,2025,5,151,0
MIZ/SIA/84B15/2025/058,Mizoram,Siaha,Siaha Slope Failure (MIZ/SIA/84B15/2025/058),NH 54,22.444376,92.947323,Debris,Slide,30 May 2025,2025-05-30,1,1,22.4,92.9,25.83,384.0,32.34,234.2,0.0,0.1,37.5,37.5,129.9,249.8,249.8,0.45,37.5,1,2025,5,150,0
MIZ/SIA/84B15/2025/059,Mizoram,Siaha,Siaha Slope Failure (MIZ/SIA/84B15/2025/059),"Meiseviah, Siaha",22.491822,92.970252,Earth/Soil,Slide,31 May 2025,2025-05-31,1,1,22.4,92.9,25.83,951.0,5.95,245.1,0.05,0.7,27.9,27.9,91.5,282.7,282.7,0.45,27.9,1,2025,5,151,0
MIZ/SIA/84B15/2025/060,Mizoram,Siaha,Siaha Slope Failure (MIZ/SIA/84B15/2025/060),"Meiseviah, Siaha",22.491,92.97076,Debris,Slide,31 May 2025,2025-05-31,1,1,22.4,92.9,25.83,949.0,21.24,162.5,0.05,0.7,27.9,27.9,91.5,282.7,282.7,0.45,27.9,1,2025,5,151,0
MIZ/SIA/84F03/2025/061,Mizoram,Siaha,Siaha Slope Failure (MIZ/SIA/84F03/2025/061),Lobo,22.469737,93.100868,Debris,Slide,01 June 2025,2025-06-01,1,1,22.4,93.1,4.17,1130.0,12.01,189.8,0.3,3.3,33.7,33.7,87.7,254.9,254.9,0.45,33.7,1,2025,6,152,1
MIZ/SIA/84B15/2025/061,Mizoram,Siaha,Siaha Slope Failure (MIZ/SIA/84B15/2025/061),Siaha to Kawlchaw,22.437107,92.946912,Debris,Slide,31 May 2025,2025-05-31,1,1,22.4,92.9,25.83,365.0,20.18,109.4,0.0,2.0,37.4,37.4,107.5,282.2,282.2,0.45,37.4,1,2025,5,151,0
MIZ/LAW/84B14/2025/061,Mizoram,Lawngtlai,Lawngtlai Slope Failure (MIZ/LAW/84B14/2025/061),Thingkah,22.54735,92.882032,Debris,Slide,31 May 2025,2025-05-31,1,1,22.5,92.8,30.0,806.0,29.24,150.6,0.0,0.7,25.3,25.3,92.6,282.4,282.4,0.45,25.3,1,2025,5,151,0
MIZ/LUNG/84B14/2025/062,Mizoram,Lunglei,Lunglei Slope Failure (MIZ/LUNG/84B14/2025/062),NH 54,22.641087,92.867635,Debris,Slide,31 May 2025,2025-05-31,1,1,22.6,92.8,10.0,1050.0,28.5,351.4,0.1,0.7,31.3,31.3,102.8,249.5,249.5,0.45,31.3,1,2025,5,151,0
MIZ/LUNG/84B14/2025/063,Mizoram,Lunglei,Lunglei Slope Failure (MIZ/LUNG/84B14/2025/063),NH 54,22.660692,92.855602,Debris,Slide,31 May 2025,2025-05-31,1,1,22.6,92.8,10.0,1008.0,16.61,332.1,0.1,0.7,31.3,31.3,102.8,249.5,249.5,0.45,31.3,1,2025,5,151,0
MIZ/LUNG/84B14/2025/064,Mizoram,Lunglei,Lunglei Slope Failure (MIZ/LUNG/84B14/2025/064),NH 54,22.688472,92.842907,Debris,Slide,31 May 2025,2025-05-31,1,1,22.6,92.8,10.0,972.0,37.53,140.3,0.1,0.7,31.3,31.3,102.8,249.5,249.5,0.45,31.3,1,2025,5,151,0
MIZ/LUNG/84B14/2025/065,Mizoram,Lunglei,Lunglei Slope Failure (MIZ/LUNG/84B14/2025/065),NH 54,22.702165,92.836523,Debris,Slide,31 May 2025,2025-05-31,1,1,22.7,92.8,13.33,788.0,27.95,173.7,0.1,0.7,31.3,31.3,102.8,249.5,249.5,0.45,31.3,1,2025,5,151,0
MIZ/LUNG/84B14/2025/066,Mizoram,Lunglei,Lunglei Slope Failure (MIZ/LUNG/84B14/2025/066),NH 54,22.706999,92.841597,Debris,Slide,31 May 2025,2025-05-31,1,1,22.7,92.8,13.33,822.0,36.67,164.6,0.1,0.7,31.3,31.3,102.8,249.5,249.5,0.45,31.3,1,2025,5,151,0
MIZ/LUNG/84B14/2025/067,Mizoram,Lunglei,Lunglei Slope Failure (MIZ/LUNG/84B14/2025/067),NH 54,22.745387,92.841543,Debris,Slide,31 May 2025,2025-05-31,1,1,22.7,92.8,13.33,633.0,3.95,7.5,0.1,1.0,39.9,39.9,118.9,257.6,257.6,0.45,39.9,1,2025,5,151,0
MIZ/LUNG/84B13/2025/070,Mizoram,Lunglei,Lunglei Slope Failure (MIZ/LUNG/84B13/2025/070),NH 54,22.788323,92.833817,Debris,Slide,31 May 2025,2025-05-31,1,1,22.7,92.8,13.33,715.0,21.21,203.2,0.15,1.3,35.5,35.5,122.3,233.0,233.0,0.45,35.5,1,2025,5,151,0
MIZ/LUNG/84B13/2025/071,Mizoram,Lunglei,Lunglei Slope Failure (MIZ/LUNG/84B13/2025/071),NH 54,22.793307,92.819831,Debris,Slide,31 May 2025,2025-05-31,1,1,22.7,92.8,13.33,836.0,36.63,88.9,0.15,1.3,35.5,35.5,122.3,233.0,233.0,0.45,35.5,1,2025,5,151,0
MIZ/LUNG/84B13/2025/072,Mizoram,Lunglei,Lunglei Slope Failure (MIZ/LUNG/84B13/2025/072),Theiriat,22.866131,92.772713,Debris,Slide,01 June 2025,2025-06-01,1,1,22.8,92.7,45.83,1140.0,25.81,68.7,1.4,9.6,43.9,43.9,141.6,275.1,275.1,0.45,43.9,1,2025,6,152,1
MIZ/LUNG/84B13/2025/073,Mizoram,Lunglei,Lunglei Slope Failure (MIZ/LUNG/84B13/2025/073),Serkawn PHE Complex,22.903567,92.758702,Debris,Flow,01 June 2025,2025-06-01,1,1,22.9,92.7,22.5,1208.0,12.24,172.8,1.4,9.6,43.9,43.9,141.6,275.1,275.1,0.45,43.9,1,2025,6,152,1
MIZ/LUNG/84B13/2025/074,Mizoram,Lunglei,Lunglei Slope Failure (MIZ/LUNG/84B13/2025/074),"Zohnuai, Lunglei",22.903454,92.760096,Debris,Slide,01 June 2025,2025-06-01,1,1,22.9,92.7,22.5,1195.0,18.41,53.0,1.4,9.6,43.9,43.9,141.6,275.1,275.1,0.45,43.9,1,2025,6,152,1
MIZ/LUNG/84B13/2025/075,Mizoram,Lunglei,Lunglei Slope Failure (MIZ/LUNG/84B13/2025/075),"Serkawn, Lunglei",22.904615,92.75705,Debris,Slide,01 June 2025,2025-06-01,1,1,22.9,92.7,22.5,1148.0,16.91,191.1,1.4,9.6,43.9,43.9,141.6,275.1,275.1,0.45,43.9,1,2025,6,152,1
MIZ/LUNG/84B13/2025/076,Mizoram,Lunglei,Lunglei Slope Failure (MIZ/LUNG/84B13/2025/076),"Zohnuai, Lunglei",22.922528,92.752404,Debris,Slide,01 June 2025,2025-06-01,1,1,22.9,92.7,22.5,1071.0,23.4,186.0,1.2,9.7,39.3,39.3,139.0,267.8,267.8,0.45,39.3,1,2025,6,152,1
MIZ/LUNG/84B09/2025/077,Mizoram,Lunglei,Lunglei Slope Failure (MIZ/LUNG/84B09/2025/077),"Bazar Veng, Lunglei",22.895235,92.747812,Debris,Slide,02 June 2025,2025-06-02,1,1,22.8,92.7,45.83,993.0,17.74,186.5,0.35,0.9,27.0,27.0,109.0,283.4,283.4,0.45,27.0,1,2025,6,153,1
MIZ/LUNG/84B13/2025/078,Mizoram,Lunglei,Lunglei Slope Failure (MIZ/LUNG/84B13/2025/078),NH 54,22.88042,92.821692,Debris,Slide,01 June 2025,2025-06-01,1,1,22.8,92.8,36.67,877.0,15.18,147.9,1.4,9.6,43.9,43.9,141.6,275.1,275.1,0.45,43.9,1,2025,6,152,1
MIZ/LUNG/84B13/2025/079,Mizoram,Lunglei,Lunglei Slope Failure (MIZ/LUNG/84B13/2025/079),NH 54,22.892426,92.822937,Debris,Slide,31 May 2025,2025-05-31,1,1,22.8,92.8,36.67,818.0,32.09,347.1,0.1,1.0,38.1,38.1,125.4,233.3,233.3,0.45,38.1,1,2025,5,151,0
MIZ/HNAH/84B13/2025/080,Mizoram,Hnahthial,Hnahthial Slope Failure (MIZ/HNAH/84B13/2025/080),NH 54,22.902089,92.879909,Debris,Slide,31 May 2025,2025-05-31,1,1,22.9,92.8,8.33,473.0,25.0,53.3,0.2,1.3,37.5,37.5,113.8,202.5,202.5,0.45,37.5,1,2025,5,151,0
MIZ/HNAH/84B13/2025/081,Mizoram,Hnahthial,Hnahthial Slope Failure (MIZ/HNAH/84B13/2025/081),Hnahthial Kanaan Veng,22.967715,92.925677,Debris,Slide,31 May 2025,2025-05-31,1,1,22.9,92.9,12.5,762.0,17.7,175.1,0.1,1.1,38.9,38.9,116.8,207.0,207.0,0.45,38.9,1,2025,5,151,0
MIZ/HNAH/84B13/2025/082,Mizoram,Hnahthial,Hnahthial Slope Failure (MIZ/HNAH/84B13/2025/082),"Electric Veng, Hnahthial",22.971217,92.925544,Earth/Soil,Slide,31 May 2025,2025-05-31,1,1,22.9,92.9,12.5,706.0,17.16,176.7,0.1,1.1,38.9,38.9,116.8,207.0,207.0,0.45,38.9,1,2025,5,151,0
MIZ/HNAH/84B13/2025/083,Mizoram,Hnahthial,Hnahthial Slope Failure (MIZ/HNAH/84B13/2025/083),"Electric Veng, Hnahthial",22.969582,92.925917,Earth/Soil,Slide,31 May 2025,2025-05-31,1,1,22.9,92.9,12.5,722.0,21.6,202.1,0.1,1.1,38.9,38.9,116.8,207.0,207.0,0.45,38.9,1,2025,5,151,0
MIZ/HNAH/84A16/2025/084,Mizoram,Hnahthial,Hnahthial Slope Failure (MIZ/HNAH/84A16/2025/084),Pangzawl,23.077813,92.89844,Debris,Slide,31 May 2025,2025-05-31,1,1,23.0,92.8,9.17,691.0,22.73,323.7,0.05,0.8,30.0,30.0,112.6,218.5,218.5,0.45,30.0,1,2025,5,151,0
MIZ/HNAH/84A16/2025/085,Mizoram,Hnahthial,Hnahthial Slope Failure (MIZ/HNAH/84A16/2025/085),Pangzawl,23.081023,92.897247,Debris,Slide,31 May 2025,2025-05-31,1,1,23.0,92.8,9.17,788.0,14.47,67.7,0.05,0.8,30.0,30.0,112.6,218.5,218.5,0.45,30.0,1,2025,5,151,0
MIZ/HNAH/84A16/2025/086,Mizoram,Hnahthial,Hnahthial Slope Failure (MIZ/HNAH/84A16/2025/086),Pangzawl,23.084343,92.898597,Debris,Slide,31 May 2025,2025-05-31,1,1,23.0,92.8,9.17,815.0,25.43,28.9,0.05,0.8,30.0,30.0,112.6,218.5,218.5,0.45,30.0,1,2025,5,151,0
MIZ/HNAH/84A16/2025/087,Mizoram,Hnahthial,Hnahthial Slope Failure (MIZ/HNAH/84A16/2025/087),Pangzawl,23.170678,92.899334,Rock,Slide,01 June 2025,2025-06-01,1,1,23.1,92.8,9.17,862.0,8.16,221.3,1.3,8.9,32.9,32.9,124.6,254.6,254.6,0.45,32.9,1,2025,6,152,1
MIZ/SER/84A16/2025/088,Mizoram,Serchhip,Serchhip Slope Failure (MIZ/SER/84A16/2025/088),Bungtlang,23.180345,92.900082,Debris,Slide,01 June 2025,2025-06-01,1,1,23.1,92.9,8.33,791.0,21.42,2.0,1.3,8.9,32.9,32.9,124.6,254.6,254.6,0.45,32.9,1,2025,6,152,1
MIZ/SER/84A16/2025/089,Mizoram,Serchhip,Serchhip Slope Failure (MIZ/SER/84A16/2025/089),Bungtlang Vengsang,23.187383,92.89826,Earth/Soil,Slide,01 June 2025,2025-06-01,1,1,23.1,92.8,9.17,869.0,25.41,279.5,1.3,8.9,32.9,32.9,124.6,254.6,254.6,0.45,32.9,1,2025,6,152,1
MIZ/SER/84A16/2025/090,Mizoram,Serchhip,Serchhip Slope Failure (MIZ/SER/84A16/2025/090),Bungtlang,23.187762,92.898034,Earth/Soil,Slide,01 June 2025,2025-06-01,1,1,23.1,92.8,9.17,825.0,20.41,289.2,1.3,8.9,32.9,32.9,124.6,254.6,254.6,0.45,32.9,1,2025,6,152,1
MIZ/SER/84A16/2025/091,Mizoram,Serchhip,Serchhip Slope Failure (MIZ/SER/84A16/2025/091),Bungtlang,23.188273,92.898879,Earth/Soil,Slide,31 May 2025,2025-05-31,1,1,23.1,92.8,9.17,834.0,20.58,275.2,0.05,0.8,32.0,32.0,124.8,228.9,228.9,0.45,32.0,1,2025,5,151,0
MIZ/SER/84A16/2025/092,Mizoram,Serchhip,Serchhip Slope Failure (MIZ/SER/84A16/2025/092),Bungtlang,23.193401,92.900218,Debris,Flow,29 May 2025,2025-05-29,1,1,23.1,92.9,8.33,864.0,25.13,23.2,0.05,0.5,33.1,33.1,76.9,164.5,164.5,0.45,33.1,1,2025,5,149,0
MIZ/SER/84A16/2025/093,Mizoram,Serchhip,Serchhip Slope Failure (MIZ/SER/84A16/2025/093),Bungtlang,23.198119,92.899566,Debris,Slide,31 May 2025,2025-05-31,1,1,23.1,92.8,9.17,907.0,16.23,298.1,0.05,0.8,32.0,32.0,124.8,228.9,228.9,0.45,32.0,1,2025,5,151,0
MIZ/SER/84A16/2025/094,Mizoram,Serchhip,Serchhip Slope Failure (MIZ/SER/84A16/2025/094),NH 54,23.223594,92.914767,Debris,Slide,31 May 2025,2025-05-31,1,1,23.2,92.9,22.5,770.0,26.23,320.9,0.05,0.9,43.6,43.6,143.2,236.2,236.2,0.45,43.6,1,2025,5,151,0
MIZ/SER/84A16/2025/095,Mizoram,Serchhip,Serchhip Slope Failure (MIZ/SER/84A16/2025/095),NH 54,23.225227,92.912496,Debris,Slide,31 May 2025,2025-05-31,1,1,23.2,92.9,22.5,691.0,21.47,318.4,0.05,0.9,43.6,43.6,143.2,236.2,236.2,0.45,43.6,1,2025,5,151,0
MIZ/SER/84A15/2025/097,Mizoram,Serchhip,Serchhip Slope Failure (MIZ/SER/84A15/2025/097),"P&E Veng, Serchhip",23.322039,92.859147,Debris,Slide,31 May 2025,2025-05-31,1,1,23.3,92.8,52.5,1026.0,3.36,274.8,0.25,1.9,44.4,44.4,239.3,355.2,355.2,0.45,44.4,1,2025,5,151,0
MIZ/SER/84A15/2025/098,Mizoram,Serchhip,Serchhip Slope Failure (MIZ/SER/84A15/2025/098),"P&E Veng, Serchhip",23.319156,92.857722,Debris,Slide,31 May 2025,2025-05-31,1,1,23.3,92.8,52.5,1042.0,6.39,151.1,0.25,1.9,44.4,44.4,239.3,355.2,355.2,0.45,44.4,1,2025,5,151,0
MIZ/SER/84A15/2025/099,Mizoram,Serchhip,Serchhip Slope Failure (MIZ/SER/84A15/2025/099),"P&E Veng, Serchhip",23.317543,92.858683,Debris,Slide,31 May 2025,2025-05-31,1,1,23.3,92.8,52.5,1012.0,11.47,352.3,0.25,1.9,44.4,44.4,239.3,355.2,355.2,0.45,44.4,1,2025,5,151,0
MIZ/SER/84A15/2025/100,Mizoram,Serchhip,Serchhip Slope Failure (MIZ/SER/84A15/2025/100),"P&E Veng, Serchhip",23.318568,92.852294,Debris,Slide,31 May 2025,2025-05-31,1,1,23.3,92.8,52.5,780.0,11.17,173.5,0.15,1.5,49.4,49.4,220.1,316.7,316.7,0.45,49.4,1,2025,5,151,0
MIZ/SER/84A15/2025/101,Mizoram,Serchhip,Serchhip Slope Failure (MIZ/SER/84A15/2025/101),"P&E Veng, Serchhip",23.323423,92.860926,Earth/Soil,Slide,31 May 2025,2025-05-31,1,1,23.3,92.8,52.5,971.0,15.85,350.0,0.25,1.9,44.4,44.4,239.3,355.2,355.2,0.45,44.4,1,2025,5,151,0
MIZ/SER/84A15/2025/102,Mizoram,Serchhip,Serchhip Slope Failure (MIZ/SER/84A15/2025/102),"P&E Veng, Serchhip",23.319412,92.855415,Debris,Slide,31 May 2025,2025-05-31,1,1,23.3,92.8,52.5,957.0,27.4,158.1,0.25,1.9,44.4,44.4,239.3,355.2,355.2,0.45,44.4,1,2025,5,151,0
MIZ/SER/84A15/2025/103,Mizoram,Serchhip,Serchhip Slope Failure (MIZ/SER/84A15/2025/103),"P&E Veng, Serchhip",23.319184,92.856725,Debris,Flow,31 May 2025,2025-05-31,1,1,23.3,92.8,52.5,1030.0,22.8,187.4,0.25,1.9,44.4,44.4,239.3,355.2,355.2,0.45,44.4,1,2025,5,151,0
MIZ/SER/84A15/2025/104,Mizoram,Serchhip,Serchhip Slope Failure (MIZ/SER/84A15/2025/104),"Field Veng, Serchhip",23.309286,92.850807,Debris,Flow,31 May 2025,2025-05-31,1,1,23.3,92.8,52.5,928.0,28.57,191.0,0.15,1.5,49.4,49.4,220.1,316.7,316.7,0.45,49.4,1,2025,5,151,0
MIZ/SER/84A15/2025/105,Mizoram,Serchhip,Serchhip Slope Failure (MIZ/SER/84A15/2025/105),"Field Veng, Serchhip",23.10112,92.852784,Earth/Soil,Slide,31 May 2025,2025-05-31,1,1,23.1,92.8,9.17,798.0,3.1,35.6,0.05,2.4,34.7,34.7,133.6,215.9,215.9,0.45,34.7,1,2025,5,151,0
MIZ/SER/84A15/2025/106,Mizoram,Serchhip,Serchhip Slope Failure (MIZ/SER/84A15/2025/106),"Ramthlun Veng, Serchhip",23.309914,92.853522,Earth/Soil,Slide,31 May 2025,2025-05-31,1,1,23.3,92.8,52.5,972.0,23.78,291.5,0.15,1.5,49.4,49.4,220.1,316.7,316.7,0.45,49.4,1,2025,5,151,0
MIZ/SER/84A15/2025/107,Mizoram,Serchhip,Serchhip Slope Failure (MIZ/SER/84A15/2025/107),"AOC, Serchhip",23.315273,92.856524,Debris,Slide,31 May 2025,2025-05-31,1,1,23.3,92.8,52.5,962.0,32.19,156.8,0.25,1.9,44.4,44.4,239.3,355.2,355.2,0.45,44.4,1,2025,5,151,0
MIZ/SER/84A15/2025/108,Mizoram,Serchhip,Serchhip Slope Failure (MIZ/SER/84A15/2025/108),Serchhip,23.311529,92.85443,Debris,Slide,31 May 2025,2025-05-31,1,1,23.3,92.8,52.5,946.0,21.2,177.3,0.15,1.5,49.4,49.4,220.1,316.7,316.7,0.45,49.4,1,2025,5,151,0
MIZ/SER/84A15/2025/109,Mizoram,Serchhip,Serchhip Slope Failure (MIZ/SER/84A15/2025/109),Serchhip,23.31637,92.854172,Debris,Slide,31 May 2025,2025-05-31,1,1,23.3,92.8,52.5,896.0,29.28,175.9,0.25,1.9,44.4,44.4,239.3,355.2,355.2,0.45,44.4,1,2025,5,151,0
MIZ/SER/84A15/2025/110,Mizoram,Serchhip,Serchhip Slope Failure (MIZ/SER/84A15/2025/110),"Chandmari, Serchhip",23.310074,92.858498,Debris,Slide,31 May 2025,2025-05-31,1,1,23.3,92.8,52.5,1032.0,26.44,109.6,0.15,1.5,49.4,49.4,220.1,316.7,316.7,0.45,49.4,1,2025,5,151,0
MIZ/SER/84A15/2025/111,Mizoram,Serchhip,Serchhip Slope Failure (MIZ/SER/84A15/2025/111),"Chandmari, Serchhip",23.309295,92.860017,Debris,Slide,31 May 2025,2025-05-31,1,1,23.3,92.8,52.5,1027.0,17.22,127.0,0.15,1.5,49.4,49.4,220.1,316.7,316.7,0.45,49.4,1,2025,5,151,0
MIZ/SER/84A15/2025/112,Mizoram,Serchhip,Serchhip Slope Failure (MIZ/SER/84A15/2025/112),"Chandmari, Serchhip",23.308629,92.860039,Earth/Soil,Slide,31 May 2025,2025-05-31,1,1,23.3,92.8,52.5,998.0,22.54,161.0,0.15,1.5,49.4,49.4,220.1,316.7,316.7,0.45,49.4,1,2025,5,151,0
MIZ/SER/84A15/2025/113,Mizoram,Serchhip,Serchhip Slope Failure (MIZ/SER/84A15/2025/113),Serchhip,23.308778,92.858357,Debris,Slide,31 May 2025,2025-05-31,1,1,23.3,92.8,52.5,963.0,12.43,40.8,0.15,1.5,49.4,49.4,220.1,316.7,316.7,0.45,49.4,1,2025,5,151,0
MIZ/SER/84A15/2025/114,Mizoram,Serchhip,Serchhip Slope Failure (MIZ/SER/84A15/2025/114),Serchhip,23.300837,92.855693,Debris,Slide,31 May 2025,2025-05-31,1,1,23.3,92.8,52.5,899.0,23.21,316.1,0.15,1.5,49.4,49.4,220.1,316.7,316.7,0.45,49.4,1,2025,5,151,0
MIZ/SER/84A15/2025/115,Mizoram,Serchhip,Serchhip Slope Failure (MIZ/SER/84A15/2025/115),Serchhip,23.300787,92.853572,Debris,Slide,31 May 2025,2025-05-31,1,1,23.3,92.8,52.5,1010.0,27.75,317.4,0.15,1.5,49.4,49.4,220.1,316.7,316.7,0.45,49.4,1,2025,5,151,0
MIZ/SER/84A15/2025/116,Mizoram,Serchhip,Serchhip Slope Failure (MIZ/SER/84A15/2025/116),Serchhip,23.305323,92.852358,Debris,Slide,31 May 2025,2025-05-31,1,1,23.3,92.8,52.5,1095.0,25.88,343.8,0.15,1.5,49.4,49.4,220.1,316.7,316.7,0.45,49.4,1,2025,5,151,0
MIZ/SER/84A15/2025/118,Mizoram,Serchhip,Serchhip Slope Failure (MIZ/SER/84A15/2025/118),"Chandmari, Serchhip",23.304746,92.862109,Debris,Slide,08 June 2025,2025-06-08,1,1,23.3,92.8,52.5,992.0,27.77,143.2,0.0,0.0,7.1,7.1,13.4,109.8,109.8,0.45,7.1,1,2025,6,159,1
MIZ/SER/84A15/2025/119,Mizoram,Serchhip,Serchhip Slope Failure (MIZ/SER/84A15/2025/119),Serchhip,23.298928,92.857435,Debris,Slide,31 May 2025,2025-05-31,1,1,23.2,92.8,39.17,922.0,16.36,299.0,0.15,1.5,49.4,49.4,220.1,316.7,316.7,0.45,49.4,1,2025,5,151,0
MIZ/SER/84A15/2025/120,Mizoram,Serchhip,Serchhip Slope Failure (MIZ/SER/84A15/2025/120),"Chandmari, Serchhip",23.310846,92.858915,Debris,Flow,31 May 2025,2025-05-31,1,1,23.3,92.8,52.5,1067.0,18.2,89.1,0.15,1.5,49.4,49.4,220.1,316.7,316.7,0.45,49.4,1,2025,5,151,0
MIZ/SER/84A15/2025/121,Mizoram,Serchhip,Serchhip Slope Failure (MIZ/SER/84A15/2025/121),"Chandmari, Serchhip",23.311335,92.858026,Debris,Slide,31 May 2025,2025-05-31,1,1,23.3,92.8,52.5,1058.0,10.07,140.6,0.15,1.5,49.4,49.4,220.1,316.7,316.7,0.45,49.4,1,2025,5,151,0
MIZ/SER/84A15/2025/123,Mizoram,Serchhip,Serchhip Slope Failure (MIZ/SER/84A15/2025/123),"Saron, Serchhip",23.3057,92.852802,Debris,Slide,31 May 2025,2025-05-31,1,1,23.3,92.8,52.5,1041.0,26.67,5.1,0.15,1.5,49.4,49.4,220.1,316.7,316.7,0.45,49.4,1,2025,5,151,0
MIZ/SER/84A15/2025/124,Mizoram,Serchhip,Serchhip Slope Failure (MIZ/SER/84A15/2025/124),"Chhim Veng, Serchhip",23.307093,92.856289,Debris,Slide,01 June 2025,2025-06-01,1,1,23.3,92.8,52.5,999.0,8.5,64.7,1.2,4.7,44.5,44.5,230.7,359.2,359.2,0.45,44.5,1,2025,6,152,1
MIZ/SER/84A15/2025/125,Mizoram,Serchhip,Serchhip Slope Failure (MIZ/SER/84A15/2025/125),"Chhim Veng, Serchhip",23.307524,92.857678,Debris,Subsidence,01 June 2025,2025-06-01,1,1,23.3,92.8,52.5,988.0,19.73,50.0,1.2,4.7,44.5,44.5,230.7,359.2,359.2,0.45,44.5,1,2025,6,152,1
MIZ/SER/84A15/2025/126,Mizoram,Serchhip,Serchhip Slope Failure (MIZ/SER/84A15/2025/126),"Chhim Veng, Serchhip",23.305939,92.857538,Debris,Flow,01 June 2025,2025-06-01,1,1,23.3,92.8,52.5,933.0,20.81,38.1,1.2,4.7,44.5,44.5,230.7,359.2,359.2,0.45,44.5,1,2025,6,152,1
MIZ/SER/84A15/2025/127,Mizoram,Serchhip,Serchhip Slope Failure (MIZ/SER/84A15/2025/127),"Dinthar, Serchhip",23.303906,92.853173,Debris,Flow,01 June 2025,2025-06-01,1,1,23.3,92.8,52.5,1076.0,33.94,352.3,1.2,4.7,44.5,44.5,230.7,359.2,359.2,0.45,44.5,1,2025,6,152,1
MIZ/SER/84A15/2025/128,Mizoram,Serchhip,Serchhip Slope Failure (MIZ/SER/84A15/2025/128),"Dinthar, Serchhip",23.301381,92.853078,Debris,Flow,31 May 2025,2025-05-31,1,1,23.3,92.8,52.5,1008.0,17.94,0.0,0.15,1.5,49.4,49.4,220.1,316.7,316.7,0.45,49.4,1,2025,5,151,0
MIZ/SER/84A15/2025/129,Mizoram,Serchhip,Serchhip Slope Failure (MIZ/SER/84A15/2025/129),"Dinthar, Serchhip",23.299628,92.855609,Debris,Slide,31 May 2025,2025-05-31,1,1,23.2,92.8,39.17,989.0,24.34,331.4,0.15,1.5,49.4,49.4,220.1,316.7,316.7,0.45,49.4,1,2025,5,151,0
MIZ/SER/84A15/2025/130,Mizoram,Serchhip,Serchhip Slope Failure (MIZ/SER/84A15/2025/130),"Dinthar, Serchhip",23.298137,92.857412,Earth/Soil,Slide,29 May 2025,2025-05-29,1,1,23.2,92.8,39.17,959.0,19.23,340.4,0.75,1.6,33.9,33.9,68.1,146.5,146.5,0.45,33.9,1,2025,5,149,0
MIZ/SER/84A15/2025/131,Mizoram,Serchhip,Serchhip Slope Failure (MIZ/SER/84A15/2025/131),Serchhip,23.293453,92.858089,Debris,Slide,30 May 2025,2025-05-30,1,1,23.2,92.8,39.17,910.0,13.55,4.3,1.3,4.5,136.8,136.8,189.1,270.5,270.5,0.45,136.8,1,2025,5,150,0
MIZ/SER/84A15/2025/133,Mizoram,Serchhip,Serchhip Slope Failure (MIZ/SER/84A15/2025/133),"Dinthar, Serchhip",23.298166,92.858694,Earth/Soil,Slide,31 May 2025,2025-05-31,1,1,23.2,92.8,39.17,920.0,7.7,348.5,0.15,1.5,49.4,49.4,220.1,316.7,316.7,0.45,49.4,1,2025,5,151,0
MIZ/SER/84A15/2025/134,Mizoram,Serchhip,Serchhip Slope Failure (MIZ/SER/84A15/2025/134),New Serchhip,23.346456,92.851511,Debris,Slide,01 June 2025,2025-06-01,1,1,23.3,92.8,52.5,884.0,20.99,166.4,1.2,4.5,48.6,48.6,255.9,399.9,399.9,0.45,48.6,1,2025,6,152,1
MIZ/SER/84A15/2025/135,Mizoram,Serchhip,Serchhip Slope Failure (MIZ/SER/84A15/2025/135),New Serchhip,23.3466,92.854847,Debris,Slide,01 June 2025,2025-06-01,1,1,23.3,92.8,52.5,899.0,16.56,331.0,1.2,4.5,48.6,48.6,255.9,399.9,399.9,0.45,48.6,1,2025,6,152,1
MIZ/SER/84A15/2025/137,Mizoram,Serchhip,Serchhip Slope Failure (MIZ/SER/84A15/2025/137),Serchhip Bypass road,23.301587,92.868485,Debris,Slide,31 May 2025,2025-05-31,1,1,23.3,92.8,52.5,870.0,14.7,7.9,0.15,1.5,49.4,49.4,220.1,316.7,316.7,0.45,49.4,1,2025,5,151,0
MIZ/SER/84A15/2025/138,Mizoram,Serchhip,Serchhip Slope Failure (MIZ/SER/84A15/2025/138),Serchhip Bypass road,23.313996,92.863984,Debris,Flow,31 May 2025,2025-05-31,1,1,23.3,92.8,52.5,942.0,32.15,2.9,0.25,1.9,44.4,44.4,239.3,355.2,355.2,0.45,44.4,1,2025,5,151,0
MIZ/SER/84A15/2025/140,Mizoram,Serchhip,Serchhip Slope Failure (MIZ/SER/84A15/2025/140),Serchhip Bypass road,23.3228,92.862406,Debris,Slide,31 May 2025,2025-05-31,1,1,23.3,92.8,52.5,958.0,19.91,351.4,0.25,1.9,44.4,44.4,239.3,355.2,355.2,0.45,44.4,1,2025,5,151,0
MIZ/SER/84A15/2025/141,Mizoram,Serchhip,Serchhip Slope Failure (MIZ/SER/84A15/2025/141),NH 54,23.286141,92.868152,Debris,Slide,31 May 2025,2025-05-31,1,1,23.2,92.8,39.17,953.0,29.22,159.7,0.15,1.5,49.4,49.4,220.1,316.7,316.7,0.45,49.4,1,2025,5,151,0
MIZ/SER/84A15/2025/142,Mizoram,Serchhip,Serchhip Slope Failure (MIZ/SER/84A15/2025/142),NH 54,23.281219,92.869608,Debris,Flow,31 May 2025,2025-05-31,1,1,23.2,92.8,39.17,989.0,27.53,144.0,0.15,1.5,49.4,49.4,220.1,316.7,316.7,0.45,49.4,1,2025,5,151,0
MIZ/SER/84A15/2025/143,Mizoram,Serchhip,Serchhip Slope Failure (MIZ/SER/84A15/2025/143),NH 54,23.274148,92.871011,Debris,Flow,31 May 2025,2025-05-31,1,1,23.2,92.8,39.17,1066.0,31.2,158.6,0.15,1.5,49.4,49.4,220.1,316.7,316.7,0.45,49.4,1,2025,5,151,0
MIZ/SER/84A15/2025/144,Mizoram,Serchhip,Serchhip Slope Failure (MIZ/SER/84A15/2025/144),NH 54,23.272548,92.874296,Earth/Soil,Slide,31 May 2025,2025-05-31,1,1,23.2,92.8,39.17,1077.0,37.3,112.7,0.05,1.1,39.4,39.4,163.2,269.4,269.4,0.45,39.4,1,2025,5,151,0
MIZ/SER/84A15/2025/145,Mizoram,Serchhip,Serchhip Slope Failure (MIZ/SER/84A15/2025/145),NH 54,23.271227,92.874544,Debris,Slide,01 June 2025,2025-06-01,1,1,23.2,92.8,39.17,953.0,24.82,119.9,1.2,4.9,40.9,40.9,171.3,303.7,303.7,0.45,40.9,1,2025,6,152,1
MIZ/SER/84A15/2025/146,Mizoram,Serchhip,Serchhip Slope Failure (MIZ/SER/84A15/2025/146),NH 54,23.270548,92.877577,Debris,Flow,01 June 2025,2025-06-01,1,1,23.2,92.8,39.17,1087.0,33.52,161.4,1.2,4.9,40.9,40.9,171.3,303.7,303.7,0.45,40.9,1,2025,6,152,1
MIZ/SER/84A15/2025/147,Mizoram,Serchhip,Serchhip Slope Failure (MIZ/SER/84A15/2025/147),NH 54,23.67701,92.87895,Debris,Flow,01 June 2025,2025-06-01,1,1,23.6,92.8,47.5,430.0,13.33,108.1,0.35,2.4,27.8,27.8,159.1,295.7,295.7,0.45,27.8,1,2025,6,152,1
MIZ/SER/84A16/2025/148,Mizoram,Serchhip,Serchhip Slope Failure (MIZ/SER/84A16/2025/148),Keitum,23.243855,92.905242,Debris,Slide,31 May 2025,2025-05-31,1,1,23.2,92.9,22.5,754.0,23.02,130.2,0.05,0.9,43.6,43.6,143.2,236.2,236.2,0.45,43.6,1,2025,5,151,0
MIZ/SER/84A15/2025/149,Mizoram,Serchhip,Serchhip Slope Failure (MIZ/SER/84A15/2025/149),Serchhip - Thenzawl road,23.286735,92.85703,Debris,Slide,31 May 2025,2025-05-31,1,1,23.2,92.8,39.17,930.0,28.13,34.4,0.15,1.5,49.4,49.4,220.1,316.7,316.7,0.45,49.4,1,2025,5,151,0
MIZ/SER/84A15/2025/150,Mizoram,Serchhip,Serchhip Slope Failure (MIZ/SER/84A15/2025/150),Serchhip - Thenzawl road,23.284565,92.857096,Debris,Slide,31 May 2025,2025-05-31,1,1,23.2,92.8,39.17,850.0,27.29,343.8,0.15,1.5,49.4,49.4,220.1,316.7,316.7,0.45,49.4,1,2025,5,151,0
MIZ/SER/84A15/2025/151,Mizoram,Serchhip,Serchhip Slope Failure (MIZ/SER/84A15/2025/151),Serchhip - Thenzawl road,23.281443,92.840145,Debris,Slide,01 June 2025,2025-06-01,1,1,23.2,92.8,39.17,639.0,13.56,219.4,1.2,4.7,44.5,44.5,230.7,359.2,359.2,0.45,44.5,1,2025,6,152,1
MIZ/SER/84A15/2025/152,Mizoram,Serchhip,Serchhip Slope Failure (MIZ/SER/84A15/2025/152),Serchhip - Thenzawl road,23.280947,92.8367,Rock,Slide,01 June 2025,2025-06-01,1,1,23.2,92.8,39.17,683.0,36.66,104.5,1.2,4.7,44.5,44.5,230.7,359.2,359.2,0.45,44.5,1,2025,6,152,1
MIZ/SER/84A15/2025/153,Mizoram,Serchhip,Serchhip Slope Failure (MIZ/SER/84A15/2025/153),Serchhip - Thenzawl road,23.288276,92.830821,Debris,Slide,31 May 2025,2025-05-31,1,1,23.2,92.8,39.17,560.0,17.67,133.8,0.15,1.5,49.4,49.4,220.1,316.7,316.7,0.45,49.4,1,2025,5,151,0
MIZ/SER/84A11/2025/154,Mizoram,Serchhip,Serchhip Slope Failure (MIZ/SER/84A11/2025/154),Thenzawl - Buarpui road,23.293863,92.741368,Debris,Slide,01 June 2025,2025-06-01,1,1,23.2,92.7,35.0,758.0,24.61,160.5,1.25,6.9,47.8,47.8,266.1,390.5,390.5,0.45,47.8,1,2025,6,152,1
MIZ/SER/84A11/2025/155,Mizoram,Serchhip,Serchhip Slope Failure (MIZ/SER/84A11/2025/155),Thenzawl - Buarpui road,23.295774,92.740012,Debris,Slide,01 June 2025,2025-06-01,1,1,23.2,92.7,35.0,749.0,24.46,187.4,1.25,6.9,47.8,47.8,266.1,390.5,390.5,0.45,47.8,1,2025,6,152,1
MIZ/SER/84A11/2025/156,Mizoram,Serchhip,Serchhip Slope Failure (MIZ/SER/84A11/2025/156),Thenzawl - Buarpui road,23.30265,92.742945,Debris,Slide,01 June 2025,2025-06-01,1,1,23.3,92.7,53.33,658.0,22.9,206.6,1.25,6.9,47.8,47.8,266.1,390.5,390.5,0.45,47.8,1,2025,6,152,1
MIZ/SER/84A11/2025/157,Mizoram,Serchhip,Serchhip Slope Failure (MIZ/SER/84A11/2025/157),Thenzawl - Buarpui road,23.307135,92.707624,Debris,Flow,31 May 2025,2025-05-31,1,1,23.3,92.7,53.33,476.0,22.24,36.5,0.15,1.4,43.6,43.6,251.0,345.5,345.5,0.45,43.6,1,2025,5,151,0
MIZ/SER/84A11/2025/158,Mizoram,Serchhip,Serchhip Slope Failure (MIZ/SER/84A11/2025/158),Thenzawl - Buarpui road,23.306409,92.706083,Debris,Slide,31 May 2025,2025-05-31,1,1,23.3,92.7,53.33,435.0,22.55,74.9,0.15,1.4,43.6,43.6,251.0,345.5,345.5,0.45,43.6,1,2025,5,151,0
MIZ/SER/84A11/2025/159,Mizoram,Serchhip,Serchhip Slope Failure (MIZ/SER/84A11/2025/159),Thenzawl - Buarpui road,23.306012,92.704212,Debris,Flow,31 May 2025,2025-05-31,1,1,23.3,92.7,53.33,463.0,26.09,73.1,0.15,1.4,43.6,43.6,251.0,345.5,345.5,0.45,43.6,1,2025,5,151,0
MIZ/SER/84A11/2025/160,Mizoram,Serchhip,Serchhip Slope Failure (MIZ/SER/84A11/2025/160),Thenzawl - Buarpui road,23.300291,92.69577,Debris,Flow,01 June 2025,2025-06-01,1,1,23.3,92.6,8.33,416.0,30.01,59.9,1.65,8.0,52.4,52.4,288.6,414.5,414.5,0.45,52.4,1,2025,6,152,1
MIZ/SER/84A11/2025/161,Mizoram,Serchhip,Serchhip Slope Failure (MIZ/SER/84A11/2025/161),Thenzawl - Buarpui road,23.299806,92.694901,Debris,Flow,01 June 2025,2025-06-01,1,1,23.2,92.6,25.0,393.0,33.64,51.7,1.65,8.0,52.4,52.4,288.6,414.5,414.5,0.45,52.4,1,2025,6,152,1
MIZ/SER/84A11/2025/162,Mizoram,Serchhip,Serchhip Slope Failure (MIZ/SER/84A11/2025/162),Thenzawl - Buarpui road,23.299312,92.692614,Debris,Flow,01 June 2025,2025-06-01,1,1,23.2,92.6,25.0,433.0,10.88,147.4,1.65,8.0,52.4,52.4,288.6,414.5,414.5,0.45,52.4,1,2025,6,152,1
MIZ/LUNG/84A11/2025/163,Mizoram,Lunglei,Lunglei Slope Failure (MIZ/LUNG/84A11/2025/163),Thenzawl - Buarpui road,23.297521,92.689449,Debris,Flow,01 June 2025,2025-06-01,1,1,23.2,92.6,25.0,328.0,21.71,132.7,1.65,8.0,52.4,52.4,288.6,414.5,414.5,0.45,52.4,1,2025,6,152,1
MIZ/LUNG/84A11/2025/164,Mizoram,Lunglei,Lunglei Slope Failure (MIZ/LUNG/84A11/2025/164),Thenzawl - Buarpui road,23.30374,92.672816,Debris,Slide,01 June 2025,2025-06-01,1,1,23.3,92.6,8.33,513.0,23.46,289.1,1.65,8.0,52.4,52.4,288.6,414.5,414.5,0.45,52.4,1,2025,6,152,1
MIZ/LUNG/84A11/2025/165,Mizoram,Lunglei,Lunglei Slope Failure (MIZ/LUNG/84A11/2025/165),Thenzawl - Buarpui road,23.304123,92.671521,Debris,Flow,01 June 2025,2025-06-01,1,1,23.3,92.6,8.33,572.0,26.75,339.1,1.65,8.0,52.4,52.4,288.6,414.5,414.5,0.45,52.4,1,2025,6,152,1
MIZ/LUNG/84A11/2025/166,Mizoram,Lunglei,Lunglei Slope Failure (MIZ/LUNG/84A11/2025/166),Thenzawl - Buarpui road,23.306105,92.671296,Debris,Flow,01 June 2025,2025-06-01,1,1,23.3,92.6,8.33,556.0,23.2,354.6,1.65,8.0,52.4,52.4,288.6,414.5,414.5,0.45,52.4,1,2025,6,152,1
MIZ/LUNG/84A11/2025/167,Mizoram,Lunglei,Lunglei Slope Failure (MIZ/LUNG/84A11/2025/167),Thenzawl - Buarpui road,23.306338,92.666573,Debris,Flow,01 June 2025,2025-06-01,1,1,23.3,92.6,8.33,658.0,30.07,285.2,1.65,8.0,52.4,52.4,288.6,414.5,414.5,0.45,52.4,1,2025,6,152,1
MIZ/LUNG/84A11/2025/168,Mizoram,Lunglei,Lunglei Slope Failure (MIZ/LUNG/84A11/2025/168),New Khawlek,23.32044,92.643229,Debris,Slide,01 June 2025,2025-06-01,1,1,23.3,92.6,8.33,738.0,10.43,325.7,1.65,8.0,52.4,52.4,288.6,414.5,414.5,0.45,52.4,1,2025,6,152,1
MIZ/LUNG/84A11/2025/169,Mizoram,Lunglei,Lunglei Slope Failure (MIZ/LUNG/84A11/2025/169),Thenzawl - Buarpui road,23.301901,92.649401,Debris,Slide,01 June 2025,2025-06-01,1,1,23.3,92.6,8.33,733.0,16.01,122.0,1.65,8.0,52.4,52.4,288.6,414.5,414.5,0.45,52.4,1,2025,6,152,1
MIZ/LUNG/84A12/2025/170,Mizoram,Lunglei,Lunglei Slope Failure (MIZ/LUNG/84A12/2025/170),Buarpui,23.246611,92.655112,Debris,Slide,01 June 2025,2025-06-01,1,1,23.2,92.6,25.0,406.0,28.34,222.6,1.4,6.9,55.6,55.6,305.0,444.5,444.5,0.45,55.6,1,2025,6,152,1
MIZ/LUNG/84A12/2025/171,Mizoram,Lunglei,Lunglei Slope Failure (MIZ/LUNG/84A12/2025/171),West Bungtlang to Changpui road,23.2388,92.636923,Earth/Soil,Slide,01 June 2025,2025-06-01,1,1,23.2,92.6,25.0,790.0,18.42,300.0,1.4,6.9,55.6,55.6,305.0,444.5,444.5,0.45,55.6,1,2025,6,152,1
MIZ/LUNG/84A12/2025/172,Mizoram,Lunglei,Lunglei Slope Failure (MIZ/LUNG/84A12/2025/172),West Bungtlang to Changpui road,23.234538,92.637234,Debris,Slide,01 June 2025,2025-06-01,1,1,23.2,92.6,25.0,820.0,13.41,109.2,1.4,6.9,55.6,55.6,305.0,444.5,444.5,0.45,55.6,1,2025,6,152,1
MIZ/LUNG/84A12/2025/173,Mizoram,Lunglei,Lunglei Slope Failure (MIZ/LUNG/84A12/2025/173),West Bungtlang to Changpui road,23.206413,92.632701,Debris,Slide,01 June 2025,2025-06-01,1,1,23.2,92.6,25.0,518.0,15.22,229.6,1.4,6.9,55.6,55.6,305.0,444.5,444.5,0.45,55.6,1,2025,6,152,1
MIZ/LUNG/84A12/2025/174,Mizoram,Lunglei,Lunglei Slope Failure (MIZ/LUNG/84A12/2025/174),West Bungtlang to Changpui road,23.197283,92.632661,Earth/Soil,Slide,01 June 2025,2025-06-01,1,1,23.1,92.6,20.0,587.0,12.89,313.3,0.85,3.8,43.5,43.5,265.7,413.6,413.6,0.45,43.5,1,2025,6,152,1
MIZ/LUNG/84A12/2025/175,Mizoram,Lunglei,Lunglei Slope Failure (MIZ/LUNG/84A12/2025/175),Changpui,23.174558,92.612556,Earth/Soil,Slide,01 June 2025,2025-06-01,1,1,23.1,92.6,20.0,766.0,7.13,249.4,0.85,3.8,43.5,43.5,265.7,413.6,413.6,0.45,43.5,1,2025,6,152,1
MIZ/LUNG/84A12/2025/176,Mizoram,Lunglei,Lunglei Slope Failure (MIZ/LUNG/84A12/2025/176),Changpui,23.1739,92.611378,Debris,Slide,01 June 2025,2025-06-01,1,1,23.1,92.6,20.0,769.0,11.59,213.3,0.85,3.8,43.5,43.5,265.7,413.6,413.6,0.45,43.5,1,2025,6,152,1
MIZ/LUNG/84A12/2025/177,Mizoram,Lunglei,Lunglei Slope Failure (MIZ/LUNG/84A12/2025/177),Changpui,23.173258,92.611929,Debris,Flow,01 June 2025,2025-06-01,1,1,23.1,92.6,20.0,787.0,15.11,233.2,0.85,3.8,43.5,43.5,265.7,413.6,413.6,0.45,43.5,1,2025,6,152,1
MIZ/LUNG/84A12/2025/178,Mizoram,Lunglei,Lunglei Slope Failure (MIZ/LUNG/84A12/2025/178),Changpui,23.17252,92.611434,Debris,Flow,01 June 2025,2025-06-01,1,1,23.1,92.6,20.0,773.0,16.87,264.4,0.85,3.8,43.5,43.5,265.7,413.6,413.6,0.45,43.5,1,2025,6,152,1
MIZ/LUNG/84A12/2025/179,Mizoram,Lunglei,Lunglei Slope Failure (MIZ/LUNG/84A12/2025/179),Changpui,23.172659,92.611828,Earth/Soil,Slide,01 June 2025,2025-06-01,1,1,23.1,92.6,20.0,787.0,10.25,206.6,0.85,3.8,43.5,43.5,265.7,413.6,413.6,0.45,43.5,1,2025,6,152,1
MIZ/LUNG/84A12/2025/180,Mizoram,Lunglei,Lunglei Slope Failure (MIZ/LUNG/84A12/2025/180),Thenhlum,23.198272,92.589291,Earth/Soil,Slide,01 June 2025,2025-06-01,1,1,23.1,92.5,11.67,702.0,20.14,280.8,1.4,6.9,55.6,55.6,305.0,444.5,444.5,0.45,55.6,1,2025,6,152,1
MIZ/LUNG/84A12/2025/181,Mizoram,Lunglei,Lunglei Slope Failure (MIZ/LUNG/84A12/2025/181),Thenhlum,23.198961,92.590043,Earth/Soil,Slide,01 June 2025,2025-06-01,1,1,23.1,92.5,11.67,656.0,20.13,296.2,1.4,6.9,55.6,55.6,305.0,444.5,444.5,0.45,55.6,1,2025,6,152,1
MIZ/LUNG/84A12/2025/182,Mizoram,Lunglei,Lunglei Slope Failure (MIZ/LUNG/84A12/2025/182),Thenhlum,23.199095,92.586671,Earth/Soil,Flow,01 June 2025,2025-06-01,1,1,23.1,92.5,11.67,712.0,25.62,275.3,1.4,6.9,55.6,55.6,305.0,444.5,444.5,0.45,55.6,1,2025,6,152,1
MIZ/LUNG/84A12/2025/183,Mizoram,Lunglei,Lunglei Slope Failure (MIZ/LUNG/84A12/2025/183),Thenhlum,23.199415,92.585883,Earth/Soil,Flow,01 June 2025,2025-06-01,1,1,23.1,92.5,11.67,662.0,26.74,296.6,1.4,6.9,55.6,55.6,305.0,444.5,444.5,0.45,55.6,1,2025,6,152,1
MIZ/LUNG/84A12/2025/184,Mizoram,Lunglei,Lunglei Slope Failure (MIZ/LUNG/84A12/2025/184),Thenhlum,23.200105,92.584517,Debris,Flow,01 June 2025,2025-06-01,1,1,23.2,92.5,29.17,663.0,26.86,323.4,1.4,6.9,55.6,55.6,305.0,444.5,444.5,0.45,55.6,1,2025,6,152,1
MIZ/LUNG/84A12/2025/185,Mizoram,Lunglei,Lunglei Slope Failure (MIZ/LUNG/84A12/2025/185),Thenhlum to West Bunghmun road,23.200655,92.5813,Debris,Flow,01 June 2025,2025-06-01,1,1,23.2,92.5,29.17,738.0,19.61,327.1,1.4,6.9,55.6,55.6,305.0,444.5,444.5,0.45,55.6,1,2025,6,152,1
MIZ/LUNG/84A12/2025/186,Mizoram,Lunglei,Lunglei Slope Failure (MIZ/LUNG/84A12/2025/186),Thenhlum to West Bunghmun road,23.201843,92.579666,Debris,Flow,01 June 2025,2025-06-01,1,1,23.2,92.5,29.17,721.0,13.9,305.0,1.4,6.9,55.6,55.6,305.0,444.5,444.5,0.45,55.6,1,2025,6,152,1
MIZ/LUNG/84A12/2025/187,Mizoram,Lunglei,Lunglei Slope Failure (MIZ/LUNG/84A12/2025/187),Thenhlum to West Bunghmun road,23.202247,92.57903,Debris,Flow,01 June 2025,2025-06-01,1,1,23.2,92.5,29.17,748.0,28.71,315.0,1.4,6.9,55.6,55.6,305.0,444.5,444.5,0.45,55.6,1,2025,6,152,1
MIZ/LUNG/84A12/2025/188,Mizoram,Lunglei,Lunglei Slope Failure (MIZ/LUNG/84A12/2025/188),Thenhlum to West Bunghmun road,23.203107,92.577972,Debris,Flow,01 June 2025,2025-06-01,1,1,23.2,92.5,29.17,750.0,21.05,311.5,1.4,5.4,57.9,57.9,317.6,456.7,456.7,0.45,57.9,1,2025,6,152,1
MIZ/LUNG/84A12/2025/189,Mizoram,Lunglei,Lunglei Slope Failure (MIZ/LUNG/84A12/2025/189),Thenhlum to West Bunghmun road,23.203903,92.576807,Debris,Flow,01 June 2025,2025-06-01,1,1,23.2,92.5,29.17,748.0,23.79,340.9,1.4,5.4,57.9,57.9,317.6,456.7,456.7,0.45,57.9,1,2025,6,152,1
MIZ/LUNG/84A12/2025/190,Mizoram,Lunglei,Lunglei Slope Failure (MIZ/LUNG/84A12/2025/190),Thenhlum to West Bunghmun road,23.204282,92.576174,Debris,Flow,01 June 2025,2025-06-01,1,1,23.2,92.5,29.17,739.0,23.65,282.3,1.4,5.4,57.9,57.9,317.6,456.7,456.7,0.45,57.9,1,2025,6,152,1
MIZ/LUNG/84A12/2025/191,Mizoram,Lunglei,Lunglei Slope Failure (MIZ/LUNG/84A12/2025/191),Thenhlum to West Bunghmun road,23.204481,92.575792,Earth/Soil,Slide,01 June 2025,2025-06-01,1,1,23.2,92.5,29.17,766.0,26.32,324.3,1.4,5.4,57.9,57.9,317.6,456.7,456.7,0.45,57.9,1,2025,6,152,1
MIZ/LUNG/84A12/2025/192,Mizoram,Lunglei,Lunglei Slope Failure (MIZ/LUNG/84A12/2025/192),Thenhlum to West Bunghmun road,23.205193,92.574684,Debris,Flow,01 June 2025,2025-06-01,1,1,23.2,92.5,29.17,786.0,29.07,334.1,1.4,5.4,57.9,57.9,317.6,456.7,456.7,0.45,57.9,1,2025,6,152,1
MIZ/LUNG/84A12/2025/193,Mizoram,Lunglei,Lunglei Slope Failure (MIZ/LUNG/84A12/2025/193),Thenhlum to West Bunghmun road,23.214589,92.572672,Debris,Slide,01 June 2025,2025-06-01,1,1,23.2,92.5,29.17,817.0,7.63,336.2,1.4,5.4,57.9,57.9,317.6,456.7,456.7,0.45,57.9,1,2025,6,152,1
MIZ/LUNG/84A12/2025/194,Mizoram,Lunglei,Lunglei Slope Failure (MIZ/LUNG/84A12/2025/194),Thenhlum to West Bunghmun road,23.212919,92.558022,Debris,Flow,01 June 2025,2025-06-01,1,1,23.2,92.5,29.17,874.0,14.49,26.9,1.4,5.4,57.9,57.9,317.6,456.7,456.7,0.45,57.9,1,2025,6,152,1
MIZ/LUNG/84A12/2025/195,Mizoram,Lunglei,Lunglei Slope Failure (MIZ/LUNG/84A12/2025/195),Thenhlum to West Bunghmun road,23.207082,92.509726,Debris,Slide,01 June 2025,2025-06-01,1,1,23.2,92.5,29.17,699.0,20.87,188.2,1.4,5.4,57.9,57.9,317.6,456.7,456.7,0.45,57.9,1,2025,6,152,1
MIZ/LUNG/84A12/2025/196,Mizoram,Lunglei,Lunglei Slope Failure (MIZ/LUNG/84A12/2025/196),Thenhlum to West Bunghmun road,23.195616,92.546251,Debris,Slide,01 June 2025,2025-06-01,1,1,23.1,92.5,11.67,540.0,15.94,199.3,1.4,5.4,57.9,57.9,317.6,456.7,456.7,0.45,57.9,1,2025,6,152,1
MIZ/LUNG/84A12/2025/197,Mizoram,Lunglei,Lunglei Slope Failure (MIZ/LUNG/84A12/2025/197),Thenhlum to West Bunghmun road,23.19796,92.543304,Debris,Slide,01 June 2025,2025-06-01,1,1,23.1,92.5,11.67,578.0,23.25,335.9,1.4,5.4,57.9,57.9,317.6,456.7,456.7,0.45,57.9,1,2025,6,152,1
MIZ/LUNG/84A12/2025/198,Mizoram,Lunglei,Lunglei Slope Failure (MIZ/LUNG/84A12/2025/198),Thenhlum to West Bunghmun road,23.190022,92.554302,Debris,Flow,01 June 2025,2025-06-01,1,1,23.1,92.5,11.67,642.0,12.8,114.2,1.4,5.4,57.9,57.9,317.6,456.7,456.7,0.45,57.9,1,2025,6,152,1
MIZ/LUNG/84A12/2025/199,Mizoram,Lunglei,Lunglei Slope Failure (MIZ/LUNG/84A12/2025/199),Thenhlum to West Bunghmun road,23.21035,92.539589,Debris,Slide,01 June 2025,2025-06-01,1,1,23.2,92.5,29.17,718.0,16.16,37.3,1.4,5.4,57.9,57.9,317.6,456.7,456.7,0.45,57.9,1,2025,6,152,1
MIZ/LUNG/84A12/2025/200,Mizoram,Lunglei,Lunglei Slope Failure (MIZ/LUNG/84A12/2025/200),Thenhlum to West Bunghmun road,23.208921,92.541174,Earth/Soil,Slide,01 June 2025,2025-06-01,1,1,23.2,92.5,29.17,652.0,16.66,332.2,1.4,5.4,57.9,57.9,317.6,456.7,456.7,0.45,57.9,1,2025,6,152,1
MIZ/LUNG/84A12/2025/201,Mizoram,Lunglei,Lunglei Slope Failure (MIZ/LUNG/84A12/2025/201),Thenhlum to West Bunghmun road,23.208823,92.53749,Debris,Slide,01 June 2025,2025-06-01,1,1,23.2,92.5,29.17,744.0,17.27,6.7,1.4,5.4,57.9,57.9,317.6,456.7,456.7,0.45,57.9,1,2025,6,152,1
MIZ/LUNG/84A12/2025/202,Mizoram,Lunglei,Lunglei Slope Failure (MIZ/LUNG/84A12/2025/202),Thenhlum to West Bunghmun road,23.206239,92.491221,Debris,Slide,01 June 2025,2025-06-01,1,1,23.2,92.4,2.5,656.0,10.45,338.5,1.4,5.4,57.9,57.9,317.6,456.7,456.7,0.45,57.9,1,2025,6,152,1
MIZ/LUNG/84A12/2025/203,Mizoram,Lunglei,Lunglei Slope Failure (MIZ/LUNG/84A12/2025/203),Thenhlum to West Bunghmun road,23.20549,92.543278,Earth/Soil,Slide,01 June 2025,2025-06-01,1,1,23.2,92.5,29.17,643.0,19.17,305.3,1.4,5.4,57.9,57.9,317.6,456.7,456.7,0.45,57.9,1,2025,6,152,1
MIZ/LUNG/84A12/2025/204,Mizoram,Lunglei,Lunglei Slope Failure (MIZ/LUNG/84A12/2025/204),Thenhlum to West Bunghmun road,23.219631,92.563324,Debris,Slide,01 June 2025,2025-06-01,1,1,23.2,92.5,29.17,937.0,19.2,116.8,1.4,5.4,57.9,57.9,317.6,456.7,456.7,0.45,57.9,1,2025,6,152,1
MIZ/LUNG/84A12/2025/205,Mizoram,Lunglei,Lunglei Slope Failure (MIZ/LUNG/84A12/2025/205),Tleu,23.204981,92.534603,Debris,Slide,01 June 2025,2025-06-01,1,1,23.2,92.5,29.17,773.0,9.17,123.1,1.4,5.4,57.9,57.9,317.6,456.7,456.7,0.45,57.9,1,2025,6,152,1
MIZ/LUNG/84A12/2025/206,Mizoram,Lunglei,Lunglei Slope Failure (MIZ/LUNG/84A12/2025/206),Tleu,23.206253,92.533605,Debris,Slide,01 June 2025,2025-06-01,1,1,23.2,92.5,29.17,767.0,16.67,176.6,1.4,5.4,57.9,57.9,317.6,456.7,456.7,0.45,57.9,1,2025,6,152,1
MIZ/LUNG/84A12/2025/207,Mizoram,Lunglei,Lunglei Slope Failure (MIZ/LUNG/84A12/2025/207),Tleu to West Bunghmun,23.209857,92.500587,Debris,Slide,01 June 2025,2025-06-01,1,1,23.2,92.5,29.17,619.0,4.78,139.7,1.4,5.4,57.9,57.9,317.6,456.7,456.7,0.45,57.9,1,2025,6,152,1
MIZ/LUNG/84A08/2025/208,Mizoram,Lunglei,Lunglei Slope Failure (MIZ/LUNG/84A08/2025/208),Tleu to West Bunghmun,23.206239,92.491221,Debris,Slide,01 June 2025,2025-06-01,1,1,23.2,92.4,2.5,656.0,10.45,338.5,1.4,5.4,57.9,57.9,317.6,456.7,456.7,0.45,57.9,1,2025,6,152,1
MIZ/LUNG/84A08/2025/209,Mizoram,Lunglei,Lunglei Slope Failure (MIZ/LUNG/84A08/2025/209),Tleu to West Bunghmun,23.199961,92.488796,Debris,Slide,01 June 2025,2025-06-01,1,1,23.1,92.4,5.0,727.0,4.92,263.5,1.4,5.4,57.9,57.9,317.6,456.7,456.7,0.45,57.9,1,2025,6,152,1
MIZ/LUNG/84A08/2025/210,Mizoram,Lunglei,Lunglei Slope Failure (MIZ/LUNG/84A08/2025/210),West Bunghmun,23.17824,92.491031,Debris,Slide,01 June 2025,2025-06-01,1,1,23.1,92.4,5.0,770.0,13.97,313.6,1.4,5.4,57.9,57.9,317.6,456.7,456.7,0.45,57.9,1,2025,6,152,1
MIZ/LUNG/84A08/2025/211,Mizoram,Lunglei,Lunglei Slope Failure (MIZ/LUNG/84A08/2025/211),West Bunghmun,23.180969,92.488193,Debris,Slide,01 June 2025,2025-06-01,1,1,23.1,92.4,5.0,760.0,10.7,132.4,1.4,5.4,57.9,57.9,317.6,456.7,456.7,0.45,57.9,1,2025,6,152,1
MIZ/LUNG/84A08/2025/212,Mizoram,Lunglei,Lunglei Slope Failure (MIZ/LUNG/84A08/2025/212),West Bunghmun cemetary,23.180354,92.486971,Debris,Slide,01 June 2025,2025-06-01,1,1,23.1,92.4,5.0,726.0,6.24,170.5,1.4,5.4,57.9,57.9,317.6,456.7,456.7,0.45,57.9,1,2025,6,152,1
MIZ/LUNG/84A08/2025/213,Mizoram,Lunglei,Lunglei Slope Failure (MIZ/LUNG/84A08/2025/213),West Bunghmun,23.182466,92.487731,Debris,Flow,01 June 2025,2025-06-01,1,1,23.1,92.4,5.0,775.0,3.4,171.3,1.4,5.4,57.9,57.9,317.6,456.7,456.7,0.45,57.9,1,2025,6,152,1
MIZ/LUNG/84A12/2025/214,Mizoram,Lunglei,Lunglei Slope Failure (MIZ/LUNG/84A12/2025/214),Tleu,23.204706,92.533825,Debris,Flow,01 June 2025,2025-06-01,1,1,23.2,92.5,29.17,743.0,19.69,180.7,1.4,5.4,57.9,57.9,317.6,456.7,456.7,0.45,57.9,1,2025,6,152,1
MIZ/LUNG/84A11/2025/215,Mizoram,Lunglei,Lunglei Slope Failure (MIZ/LUNG/84A11/2025/215),West Bungtlang,23.251004,92.63667,Debris,Flow,01 June 2025,2025-06-01,1,1,23.2,92.6,25.0,758.0,11.49,156.5,1.4,6.9,55.6,55.6,305.0,444.5,444.5,0.45,55.6,1,2025,6,152,1
MIZ/SER/84A16/2025/216,Mizoram,Serchhip,Serchhip Slope Failure (MIZ/SER/84A16/2025/216),Keitum,23.234898,92.911307,Earth/Soil,Slide,01 June 2025,2025-06-01,1,1,23.2,92.9,22.5,681.0,10.39,280.8,1.3,6.3,33.5,33.5,147.6,266.6,266.6,0.45,33.5,1,2025,6,152,1
MIZ/SER/84A16/2025/217,Mizoram,Serchhip,Serchhip Slope Failure (MIZ/SER/84A16/2025/217),Serchhip to Khawbung S road,23.225619,92.924909,Earth/Soil,Slide,01 June 2025,2025-06-01,1,1,23.2,92.9,22.5,448.0,21.14,300.5,1.3,6.3,33.5,33.5,147.6,266.6,266.6,0.45,33.5,1,2025,6,152,1
MIZ/SER/84A16/2025/218,Mizoram,Serchhip,Serchhip Slope Failure (MIZ/SER/84A16/2025/218),Serchhip to Khawbung S road,23.223807,92.944448,Debris,Flow,01 June 2025,2025-06-01,1,1,23.2,92.9,22.5,495.0,4.96,80.3,1.3,6.3,33.5,33.5,147.6,266.6,266.6,0.45,33.5,1,2025,6,152,1
MIZ/SER/84A16/2025/219,Mizoram,Serchhip,Serchhip Slope Failure (MIZ/SER/84A16/2025/219),Khawlailung,23.21795,92.998007,Debris,Slide,01 June 2025,2025-06-01,1,1,23.2,92.9,22.5,1083.0,25.11,162.1,1.3,4.3,29.3,29.3,105.3,238.1,238.1,0.45,29.3,1,2025,6,152,1
MIZ/SER/84A16/2025/220,Mizoram,Serchhip,Serchhip Slope Failure (MIZ/SER/84A16/2025/220),Khawlailung,23.217324,92.99812,Debris,Flow,01 June 2025,2025-06-01,1,1,23.2,92.9,22.5,1062.0,27.16,161.0,1.3,4.3,29.3,29.3,105.3,238.1,238.1,0.45,29.3,1,2025,6,152,1
MIZ/SER/84E04/2025/221,Mizoram,Serchhip,Serchhip Slope Failure (MIZ/SER/84E04/2025/221),Serchhip to Khawbung S road,23.19917,93.000199,Debris,Flow,01 June 2025,2025-06-01,1,1,23.1,93.0,8.33,822.0,18.9,118.2,1.05,6.1,29.7,29.7,110.1,246.1,246.1,0.45,29.7,1,2025,6,152,1
MIZ/SER/84E04/2025/222,Mizoram,Serchhip,Serchhip Slope Failure (MIZ/SER/84E04/2025/222),Serchhip to Khawbung S road,23.1915,93.011024,Debris,Slide,31 May 2025,2025-05-31,1,1,23.1,93.0,8.33,876.0,27.07,125.8,0.05,0.8,28.3,28.3,116.5,225.3,225.3,0.45,28.3,1,2025,5,151,0
MIZ/SER/84E04/2025/223,Mizoram,Serchhip,Serchhip Slope Failure (MIZ/SER/84E04/2025/223),Serchhip to Khawbung S road,23.183361,93.066742,Debris,Slide,31 May 2025,2025-05-31,1,1,23.1,93.0,8.33,993.0,31.89,301.3,0.05,1.3,29.2,29.2,95.7,211.8,211.8,0.45,29.2,1,2025,5,151,0
MIZ/KHAW/84E04/2025/225,Mizoram,Khawzawl,Khawzawl Slope Failure (MIZ/KHAW/84E04/2025/225),Serchhip to Khawbung S road,23.229765,93.127521,Earth/Soil,Slide,31 May 2025,2025-05-31,1,1,23.2,93.1,11.67,1031.0,33.8,140.3,0.05,0.8,27.6,27.6,103.5,211.5,211.5,0.45,27.6,1,2025,5,151,0
MIZ/KHAW/84E04/2025/226,Mizoram,Khawzawl,Khawzawl Slope Failure (MIZ/KHAW/84E04/2025/226),Serchhip to Khawbung S road,23.2066,93.148665,Debris,Slide,01 June 2025,2025-06-01,1,1,23.2,93.1,11.67,810.0,33.03,132.7,1.2,4.7,23.9,23.9,91.6,222.1,222.1,0.45,23.9,1,2025,6,152,1
MIZ/KHAW/84E04/2025/227,Mizoram,Khawzawl,Khawzawl Slope Failure (MIZ/KHAW/84E04/2025/227),Serchhip to Khawbung S road,23.197704,93.163019,Debris,Slide,31 May 2025,2025-05-31,1,1,23.1,93.1,10.0,524.0,24.89,161.9,0.05,0.8,39.4,39.4,104.6,218.3,218.3,0.45,39.4,1,2025,5,151,0
MIZ/CHAM/84E04/2025/228,Mizoram,Champhai,Champhai Slope Failure (MIZ/CHAM/84E04/2025/228),Serchhip to Vaphai road,23.198136,93.166988,Debris,Flow,01 June 2025,2025-06-01,1,1,23.1,93.1,10.0,675.0,25.03,112.2,0.8,2.1,23.6,23.6,95.6,227.7,227.7,0.45,23.6,1,2025,6,152,1
MIZ/CHAM/84E04/2025/229,Mizoram,Champhai,Champhai Slope Failure (MIZ/CHAM/84E04/2025/229),Serchhip to Vaphai road,23.177311,93.198157,Debris,Flow,01 June 2025,2025-06-01,1,1,23.1,93.1,10.0,1088.0,35.79,177.5,0.7,2.3,26.5,26.5,94.6,204.6,204.6,0.45,26.5,1,2025,6,152,1
MIZ/KHAW/84E08/2025/231,Mizoram,Khawzawl,Khawzawl Slope Failure (MIZ/KHAW/84E08/2025/231),Vaphai,23.14788,93.323791,Debris,Slide,01 June 2025,2025-06-01,1,1,23.1,93.3,13.33,1574.0,15.89,55.4,0.15,1.0,22.5,22.5,69.2,190.4,190.4,0.45,22.5,1,2025,6,152,1
MIZ/KHAW/84E03/2025/232,Mizoram,Khawzawl,Khawzawl Slope Failure (MIZ/KHAW/84E03/2025/232),NH 6,23.486306,93.220639,Debris,Slide,12 June 2025,2025-06-12,1,1,23.4,93.2,40.0,822.0,22.02,326.9,0.0,0.0,0.6,0.6,8.3,32.1,32.1,0.45,0.6,1,2025,6,163,1
MIZ/KHAW/84E02/2025/233,Mizoram,Khawzawl,Khawzawl Slope Failure (MIZ/KHAW/84E02/2025/233),NH 6,23.544052,93.155591,Debris,Slide,14 June 2025,2025-06-14,1,1,23.5,93.1,25.0,1006.0,19.86,273.9,0.0,0.0,7.0,7.0,9.7,57.5,57.5,0.45,7.0,1,2025,6,165,1
MIZ/KHAW/84E02/2025/234,Mizoram,Khawzawl,Khawzawl Slope Failure (MIZ/KHAW/84E02/2025/234),NH 6,23.545766,93.147931,Debris,Slide,14 June 2025,2025-06-14,1,1,23.5,93.1,25.0,977.0,32.89,317.5,0.0,0.0,7.0,7.0,9.7,57.5,57.5,0.45,7.0,1,2025,6,165,1
MIZ/KHAW/84E02/2025/235,Mizoram,Khawzawl,Khawzawl Slope Failure (MIZ/KHAW/84E02/2025/235),NH 6,23.5266,93.192968,Debris,Slide,14 June 2025,2025-06-14,1,1,23.5,93.1,25.0,1214.0,24.93,313.4,0.0,0.0,4.5,4.5,6.4,47.5,47.5,0.45,4.5,1,2025,6,165,1
MIZ/SAI/84A14/2025/236,Mizoram,Saitual,Saitual Slope Failure (MIZ/SAI/84A14/2025/236),NH 6,23.667553,92.89259,Rock,Slide,15 June 2025,2025-06-15,1,1,23.6,92.8,47.5,425.0,30.81,63.0,0.45,1.1,10.9,10.9,30.1,65.8,65.8,0.45,10.9,1,2025,6,166,1
MIZ/SAI/84A14/2025/237,Mizoram,Saitual,Saitual Slope Failure (MIZ/SAI/84A14/2025/237),outside Maite,23.527592,92.984969,Debris,Subsidence,31 May 2025,2025-05-31,1,1,23.5,92.9,0.83,1340.0,37.51,310.3,0.1,2.0,23.5,23.5,173.8,264.4,264.4,0.45,23.5,1,2025,5,151,0
MIZ/AIZ/84A14/2025/238,Mizoram,Aizawl,Aizawl Slope Failure (MIZ/AIZ/84A14/2025/238),NH 6,23.700835,92.877449,Debris,Slide,15 June 2025,2025-06-15,1,1,23.7,92.8,67.5,558.0,19.02,107.4,0.7,1.6,14.4,14.4,32.2,74.6,74.6,0.45,14.4,1,2025,6,166,1
MIZ/AIZ/84A13/2025/239,Mizoram,Aizawl,Aizawl Slope Failure (MIZ/AIZ/84A13/2025/239),Sesawng,23.760466,92.848969,Debris,Flow,31 May 2025,2025-05-31,1,1,23.7,92.8,67.5,826.0,13.23,195.6,0.15,2.3,37.8,37.8,167.5,263.4,263.4,0.45,37.8,1,2025,5,151,0
MIZ/AIZ/84A13/2025/240,Mizoram,Aizawl,Aizawl Slope Failure (MIZ/AIZ/84A13/2025/240),Mualmam,23.807952,92.834037,Earth/Soil,Slide,01 June 2025,2025-06-01,1,1,23.8,92.8,46.67,572.0,36.43,337.0,0.0,0.4,23.1,23.1,153.8,278.3,278.3,0.45,23.1,1,2025,6,152,1
MIZ/AIZ/83D15/2025/241,Mizoram,Aizawl,Aizawl Slope Failure (MIZ/AIZ/83D15/2025/241),Zohmun,24.285871,92.94599,Debris,Slide,14 June 2025,2025-06-14,1,1,24.2,92.9,23.33,911.0,15.69,137.7,0.7,1.8,4.1,4.1,10.3,32.0,32.0,0.45,4.1,1,2025,6,165,1
MIZ/AIZ/83D15/2025/242,Mizoram,Aizawl,Aizawl Slope Failure (MIZ/AIZ/83D15/2025/242),Zohmun,24.288014,92.946017,Earth/Soil,Slide,14 June 2025,2025-06-14,1,1,24.2,92.9,23.33,914.0,24.24,160.7,0.7,1.8,4.1,4.1,10.3,32.0,32.0,0.45,4.1,1,2025,6,165,1
MIZ/AIZ/83D15/2025/243,Mizoram,Aizawl,Aizawl Slope Failure (MIZ/AIZ/83D15/2025/243),Mauchar,24.354658,92.925511,Debris,Slide,29 May 2025,2025-05-29,1,1,24.3,92.9,6.67,700.0,6.93,26.4,0.0,0.0,26.0,26.0,68.0,131.7,131.7,0.45,26.0,1,2025,5,149,0
MIZ/AIZ/83D15/2025/244,Mizoram,Aizawl,Aizawl Slope Failure (MIZ/AIZ/83D15/2025/244),Mauchar,24.365715,92.930137,Debris,Slide,01 June 2025,2025-06-01,1,1,24.3,92.9,6.67,601.0,21.47,124.5,0.0,0.0,31.1,31.1,127.1,236.3,236.3,0.45,31.1,1,2025,6,152,1
MIZ/AIZ/84A14/2025/245,Mizoram,Aizawl,Aizawl Slope Failure (MIZ/AIZ/84A14/2025/245),Sesawng,23.747519,92.853155,Debris,Slide,15 June 2025,2025-06-15,1,1,23.7,92.8,67.5,774.0,27.96,166.8,0.7,1.6,14.4,14.4,32.2,74.6,74.6,0.45,14.4,1,2025,6,166,1
MZ/LUN/84B09/2017/0001,Mizoram,Lunglei,Phairuangkai Slide,"Phairuangkai-West Rotlang road, ChangpuiVeng, Phairuangkai.",22.82104167,92.63873333,Earth/Soil,Flow,12 June 2017,2017-06-12,1,1,22.8,92.6,6.67,82.0,13.46,317.3,5.15,37.2,231.1,231.1,282.0,316.8,316.8,0.45,231.1,1,2017,6,163,1
Mizoram/Aizawl/84A09/2018/0 02,Mizoram,Aizawl,Selesih Slide,"Near the Auditorium of Central Agricultural University (College of Veterinary Science and Animal Husbandry), Selesih village, Aizawl District, Mizoram",24.80375556,92.733375,Rock,Creep,28 April 2018,2018-04-28,1,1,24.8,92.7,0.83,17.0,0.59,118.8,0.0,0.0,0.3,0.3,2.6,14.1,14.1,0.45,0.3,1,2018,4,118,0
Mizoram/Aizawl/84A14/2020/0 01,Mizoram,Aizawl,Zemabawk landslide,"Zemabawk area near Bharat Petroleum, Zemabawk, along NH6/306A Aizawl-Seling- Champhai road",24.73197222,92.75988889,Rock,Slide,2 February 2020,2020-02-02,1,1,24.7,92.7,0.83,13.0,0.28,180.0,0.0,0.0,0.0,0.0,3.0,3.3,3.3,0.45,0.0,1,2020,2,33,0
MZ/AZL/84A/10/2023/01,Mizoram,Aizawl,Vaivakawn landslide,"Vaivakawn, Aizawl",23.74150833,92.70785833,Rock,Slide,04 June 2023,2023-06-04,1,1,23.7,92.7,157.5,882.0,38.28,304.1,0.0,0.0,0.9,0.9,2.1,4.1,4.1,0.45,0.9,1,2023,6,155,1
MZ-31/2011,Mizoram,Aizawl,Naizawl rock fall,,23.70213889,92.71822222,Debris,Slide,22 May 2011,2011-05-22,1,1,23.7,92.7,157.5,1110.0,31.59,0.8,0.15,0.3,5.3,5.3,20.7,57.1,57.1,0.45,5.3,1,2011,5,142,0
MZ/AZL/84A10/2016/01,Mizoram,Aizawl,Tlungvel slide,Tlungvel-Seling main road,23.60830556,92.85058333,Earth/Soil,Slide,17 September 2016,2016-09-17,1,1,23.6,92.8,47.5,1071.0,34.52,143.9,0.1,0.3,14.9,14.9,42.9,78.1,78.1,0.45,14.9,1,2016,9,261,1
MZ/AZL/84A10/2016/02,Mizoram,Aizawl,Tlungvel Presbyterian church slide,Tlungvel village (near the Presbyterian church),23.61372222,92.85188889,Earth/Soil,Flow,17 September 2016,2016-09-17,1,1,23.6,92.8,47.5,1068.0,11.94,358.8,0.1,0.3,14.9,14.9,42.9,78.1,78.1,0.45,14.9,1,2016,9,261,1
MIZ/AZL/84A11/2025/010,Mizoram,Aizawl,Aizawl Slope Failure (MIZ/AZL/84A11/2025/010),Thiak road,23.4688,92.7208,Debris,Slide,02 January 2025,2025-01-02,1,1,23.4,92.7,74.17,1088.0,18.85,257.5,0.0,0.0,0.0,0.0,0.0,0.0,0.0,0.45,0.0,1,2025,1,2,0
MIZ/AZL/84A11/2025/020,Mizoram,Aizawl,Aizawl Slope Failure (MIZ/AZL/84A11/2025/020),Thiak to N. Lungsai (Aizawl- Thenzawl-Lunglei SH),23.4807,92.7025,Debris,Slide,13 September 2025,2025-09-13,1,1,23.4,92.7,74.17,993.0,18.52,255.6,0.15,0.9,14.3,14.3,48.2,94.9,94.9,0.45,14.3,1,2025,9,256,1
MIZ/AZL/84A11/2025/021,Mizoram,Aizawl,Aizawl Slope Failure (MIZ/AZL/84A11/2025/021),Thiak to N. Lungsai (Aizawl- Thenzawl-Lunglei SH),23.4855,92.7033,Debris,Slide,02 July 2024,2024-07-02,1,1,23.4,92.7,74.17,947.0,13.86,203.7,0.0,0.2,23.8,23.8,81.5,162.4,162.4,0.45,23.8,1,2024,7,184,1
MIZ/AZL/84A11/2025/023,Mizoram,Aizawl,Aizawl Slope Failure (MIZ/AZL/84A11/2025/023),Aizawl-Thenzawl-Lunglei SH,23.4946,92.7044,Debris,Slide,25 August 2024,2024-08-25,1,1,23.4,92.7,74.17,893.0,26.76,190.3,0.0,0.0,3.8,3.8,37.7,203.2,203.2,0.45,3.8,1,2024,8,238,1
MIZ/SER/84A12/2025/027,Mizoram,Serchhip,Serchhip Slope Failure (MIZ/SER/84A12/2025/027),Aizawl-Thenzawl-Lunglei SH,23.239287,92.74818,Debris,Slide,02 June 2025,2025-06-02,1,1,23.2,92.7,35.0,770.0,5.67,87.2,0.0,0.0,28.7,28.7,121.5,397.3,397.3,0.45,28.7,1,2025,6,153,1
MIZ/SER/84A12/2025/028,Mizoram,Serchhip,Serchhip Slope Failure (MIZ/SER/84A12/2025/028),Buangpui,23.237356,92.744978,Earth/Soil,Slide,05 June 2025,2025-06-05,1,1,23.2,92.7,35.0,776.0,0.76,42.6,0.0,0.0,0.4,0.4,14.3,333.0,333.0,0.45,0.4,1,2025,6,156,1
MIZ/LUN/84A12/2025/030,Mizoram,Lunglei,Lunglei Slope Failure (MIZ/LUN/84A12/2025/030),Aizawl-Thenzawl-Lunglei SH,23.230114,92.740067,Earth/Soil,Slide,02 June 2025,2025-06-02,1,1,23.2,92.7,35.0,768.0,12.67,336.4,0.0,0.0,28.7,28.7,121.5,397.3,397.3,0.45,28.7,1,2025,6,153,1
MIZ/LUN/84A12/2025/031,Mizoram,Lunglei,Lunglei Slope Failure (MIZ/LUN/84A12/2025/031),2 kms north of Kanghmun S,23.229731,92.73968,Earth/Soil,Slide,24 May 2025,2025-05-24,1,1,23.2,92.7,35.0,810.0,6.61,346.5,0.0,0.0,2.1,2.1,13.7,32.8,32.8,0.45,2.1,1,2025,5,144,0
MIZ/LUN/84A12/2025/032,Mizoram,Lunglei,Lunglei Slope Failure (MIZ/LUN/84A12/2025/032),Outside Kanghmun S,23.226843,92.740266,Earth/Soil,Slide,02 June 2025,2025-06-02,1,1,23.2,92.7,35.0,771.0,8.7,353.2,0.0,0.0,28.7,28.7,121.5,397.3,397.3,0.45,28.7,1,2025,6,153,1
MIZ/LUN/84A12/2025/033,Mizoram,Lunglei,Lunglei Slope Failure (MIZ/LUN/84A12/2025/033),Kanghmun S,23.225357,92.74039,Earth/Soil,Slide,06 June 2025,2025-06-06,1,1,23.2,92.7,35.0,768.0,5.32,42.6,0.0,0.0,1.8,1.8,5.0,303.5,303.5,0.45,1.8,1,2025,6,157,1
MIZ/LUN/84A12/2025/037,Mizoram,Lunglei,Lunglei Slope Failure (MIZ/LUN/84A12/2025/037),Outside Kanghmun S Aizawl- Thenzawl-Lunglei SH,23.204595,92.73861,Debris,Slide,3 June 2025,2025-06-03,1,1,23.2,92.7,35.0,752.0,18.65,234.5,0.0,0.0,11.1,11.1,95.0,366.7,366.7,0.45,11.1,1,2025,6,154,1
MIZ/LUN/84A12/2025/044,Mizoram,Lunglei,Lunglei Slope Failure (MIZ/LUN/84A12/2025/044),South of Kanghmun S,23.201335,92.734857,Rock,Slide,02 June 2025,2025-06-02,1,1,23.2,92.7,35.0,772.0,14.56,337.6,0.0,0.0,28.7,28.7,121.5,397.3,397.3,0.45,28.7,1,2025,6,153,1
MIZ/LUN/84A12/2025/045,Mizoram,Lunglei,Lunglei Slope Failure (MIZ/LUN/84A12/2025/045),South of Kanghmun S,23.201614,92.734453,Rock,Slide,02 June 2025,2025-06-02,1,1,23.2,92.7,35.0,772.0,22.59,301.2,0.0,0.0,28.7,28.7,121.5,397.3,397.3,0.45,28.7,1,2025,6,153,1
MIZ/LUN/84A12/2025/046,Mizoram,Lunglei,Lunglei Slope Failure (MIZ/LUN/84A12/2025/046),South of Kanghmun S,23.201759,92.734328,Rock,Slide,02 June 2025,2025-06-02,1,1,23.2,92.7,35.0,754.0,22.0,298.2,0.0,0.0,28.7,28.7,121.5,397.3,397.3,0.45,28.7,1,2025,6,153,1
MIZ/LUN/84A12/2025/048,Mizoram,Lunglei,Lunglei Slope Failure (MIZ/LUN/84A12/2025/048),"Between Kanghmun S to Ramlaitui, Aizawl-Thenzawl- Lunglei SH",23.199924,92.73481,Earth/Soil,Slide,02 June 2025,2025-06-02,1,1,23.1,92.7,103.33,769.0,14.2,14.4,0.0,0.0,28.7,28.7,121.5,397.3,397.3,0.45,28.7,1,2025,6,153,1
MIZ/LUN/84A12/2025/052,Mizoram,Lunglei,Lunglei Slope Failure (MIZ/LUN/84A12/2025/052),"North of Ramlaitui, Aizawl- Thenzawl-Lunglei SH",23.197825,92.73502,Debris,Slide,15 June 2025,2025-06-15,1,1,23.1,92.7,103.33,740.0,22.42,356.2,0.0,0.0,8.7,8.7,25.4,89.1,89.1,0.45,8.7,1,2025,6,166,1
MIZ/LUN/84A12/2025/055,Mizoram,Lunglei,Lunglei Slope Failure (MIZ/LUN/84A12/2025/055),"North of Ramlaitui, Aizawl- Thenzawl-Lunglei SH",23.193237,92.734819,Debris,Slide,02 June 2025,2025-06-02,1,1,23.1,92.7,103.33,805.0,6.47,287.6,0.0,0.0,23.9,23.9,105.3,314.5,314.5,0.45,23.9,1,2025,6,153,1
MIZ/LUN/84A12/2025/056,Mizoram,Lunglei,Lunglei Slope Failure (MIZ/LUN/84A12/2025/056),"North of Ramlaitui, Aizawl- Thenzawl-Lunglei SH",23.191775,92.734778,Debris,Slide,06 June 2025,2025-06-06,1,1,23.1,92.7,103.33,819.0,4.61,142.1,0.0,0.0,0.7,0.7,5.5,230.5,230.5,0.45,0.7,1,2025,6,157,1
MIZ/LUN/84A12/2025/057,Mizoram,Lunglei,Lunglei Slope Failure (MIZ/LUN/84A12/2025/057),"North of Ramlaitui, Aizawl- Thenzawl-Lunglei SH",23.191747,92.73459,Debris,Slide,02 June 2025,2025-06-02,1,1,23.1,92.7,103.33,819.0,4.61,142.1,0.0,0.0,23.9,23.9,105.3,314.5,314.5,0.45,23.9,1,2025,6,153,1
MIZ/LUN/84A12/2025/064,Mizoram,Lunglei,Lunglei Slope Failure (MIZ/LUN/84A12/2025/064),"Outside Ramlaitui, Aizawl- Thenzawl-Lunglei SH",23.188245,92.734327,Rock,Slide,02 June 2025,2025-06-02,1,1,23.1,92.7,103.33,818.0,4.57,232.2,0.0,0.0,23.9,23.9,105.3,314.5,314.5,0.45,23.9,1,2025,6,153,1
MIZ/LUN/84A12/2025/066,Mizoram,Lunglei,Lunglei Slope Failure (MIZ/LUN/84A12/2025/066),"Outside Ramlaitui, Aizawl- Thenzawl-Lunglei SH",23.18675,92.735178,Debris,Slide,02 June 2025,2025-06-02,1,1,23.1,92.7,103.33,836.0,21.9,287.7,0.0,0.0,23.9,23.9,105.3,314.5,314.5,0.45,23.9,1,2025,6,153,1
MIZ/LUN/84A12/2025/067,Mizoram,Lunglei,Lunglei Slope Failure (MIZ/LUN/84A12/2025/067),"Outside Ramlaitui, Aizawl- Thenzawl-Lunglei SH",23.186501,92.735632,Rock,Slide,13 September 2025,2025-09-13,1,1,23.1,92.7,103.33,857.0,21.03,275.1,0.3,0.9,4.0,4.0,28.9,80.3,80.3,0.45,4.0,1,2025,9,256,1
MIZ/LUN/84A12/2025/068,Mizoram,Lunglei,Lunglei Slope Failure (MIZ/LUN/84A12/2025/068),"Outside Ramlaitui, Aizawl- Thenzawl-Lunglei SH",23.186296,92.7356,Debris,Slide,13 September 2025,2025-09-13,1,1,23.1,92.7,103.33,857.0,10.64,280.5,0.3,0.9,4.0,4.0,28.9,80.3,80.3,0.45,4.0,1,2025,9,256,1
MIZ/LUN/84A12/2025/069,Mizoram,Lunglei,Lunglei Slope Failure (MIZ/LUN/84A12/2025/069),"Outside Ramlaitui, Aizawl- Thenzawl-Lunglei SH",23.186133,92.735682,Debris,Slide,13 September 2025,2025-09-13,1,1,23.1,92.7,103.33,857.0,15.65,318.8,0.3,0.9,4.0,4.0,28.9,80.3,80.3,0.45,4.0,1,2025,9,256,1
MIZ/LUN/84A12/2025/070,Mizoram,Lunglei,Lunglei Slope Failure (MIZ/LUN/84A12/2025/070),Outside Ramlaitui,23.184091,92.738895,Debris,Slide,01 June 2025,2025-06-01,1,1,23.1,92.7,103.33,754.0,17.55,265.6,1.15,8.0,42.1,42.1,192.9,308.6,308.6,0.45,42.1,1,2025,6,152,1
MIZ/LUN/84A12/2025/084,Mizoram,Lunglei,Lunglei Slope Failure (MIZ/LUN/84A12/2025/084),Aizawl-Thenzawl-Lunglei SH outside Ramlaitui,23.174341,92.740855,Debris,Slide,13 September 2025,2025-09-13,1,1,23.1,92.7,103.33,758.0,22.35,331.9,0.3,0.9,4.0,4.0,28.9,80.3,80.3,0.45,4.0,1,2025,9,256,1
MIZ/LUN/84A12/2025/093,Mizoram,Lunglei,Lunglei Slope Failure (MIZ/LUN/84A12/2025/093),South of Ramlaitui,23.164812,92.743396,Debris,Flow,02 June 2025,2025-06-02,1,1,23.1,92.7,103.33,769.0,23.17,288.7,0.0,0.0,23.9,23.9,105.3,314.5,314.5,0.45,23.9,1,2025,6,153,1
MIZ/LUN/84A12/2025/105,Mizoram,Lunglei,Lunglei Slope Failure (MIZ/LUN/84A12/2025/105),"Aizawl-Thenzawl-Lunglei SH, Ramlaitui to Sekhum",23.152289,92.746243,Debris,Slide,30 May 2025,2025-05-30,1,1,23.1,92.7,103.33,883.0,7.88,172.5,0.4,3.6,111.5,111.5,155.3,234.4,234.4,0.45,111.5,1,2025,5,150,0
MIZ/LUN/84A12/2025/114,Mizoram,Lunglei,Lunglei Slope Failure (MIZ/LUN/84A12/2025/114),"Aizawl-Thenzawl-Lunglei SH, Ramlaitui to Sekhum",23.147798,92.749742,Debris,Slide,13 September 2025,2025-09-13,1,1,23.1,92.7,103.33,900.0,14.14,162.3,0.3,0.9,4.0,4.0,28.9,80.3,80.3,0.45,4.0,1,2025,9,256,1
MIZ/LUN/84A16/2025/115,Mizoram,Lunglei,Lunglei Slope Failure (MIZ/LUN/84A16/2025/115),"Aizawl-Thenzawl-Lunglei SH, Ramlaitui to Sekhum",23.144687,92.750609,Debris,Slide,06 June 2025,2025-06-06,1,1,23.1,92.7,103.33,852.0,14.92,173.2,0.0,0.0,0.7,0.7,5.5,230.5,230.5,0.45,0.7,1,2025,6,157,1
MIZ/LUN/84A16/2025/119,Mizoram,Lunglei,Lunglei Slope Failure (MIZ/LUN/84A16/2025/119),Sekhum,23.141474,92.750577,Debris,Slide,29 May 2025,2025-05-29,1,1,23.1,92.7,103.33,808.0,21.05,168.5,0.35,0.9,31.8,31.8,62.9,131.9,131.9,0.45,31.8,1,2025,5,149,0
MIZ/LUN/84A16/2025/121,Mizoram,Lunglei,Lunglei Slope Failure (MIZ/LUN/84A16/2025/121),Sekhum,23.139887,92.751646,Debris,Slide,30 May 2025,2025-05-30,1,1,23.1,92.7,103.33,841.0,8.1,183.6,0.4,3.6,111.5,111.5,155.3,234.4,234.4,0.45,111.5,1,2025,5,150,0
MIZ/LUN/84A12/2025/128,Mizoram,Lunglei,Lunglei Slope Failure (MIZ/LUN/84A12/2025/128),Aizawl-Thenzawl-Lunglei SH Sekhum to N. Mualthuam,23.134961,92.747843,Debris,Flow,30 May 2025,2025-05-30,1,1,23.1,92.7,103.33,841.0,27.86,193.3,0.4,3.6,111.5,111.5,155.3,234.4,234.4,0.45,111.5,1,2025,5,150,0
MIZ/LUN/84A12/2025/133,Mizoram,Lunglei,Lunglei Slope Failure (MIZ/LUN/84A12/2025/133),Aizawl-Thenzawl-Lunglei SH Sekhum to N. Mualthuam,23.131999,92.744413,Earth/Soil,Slide,13 September 2025,2025-09-13,1,1,23.1,92.7,103.33,769.0,18.47,259.9,0.3,0.9,4.0,4.0,28.9,80.3,80.3,0.45,4.0,1,2025,9,256,1
MIZ/LUN/84A12/2025/150,Mizoram,Lunglei,Lunglei Slope Failure (MIZ/LUN/84A12/2025/150),Mualthuam N,23.11239,92.745417,Earth/Soil,Slide,01 June 2025,2025-06-01,1,1,23.1,92.7,103.33,849.0,10.56,307.2,1.05,8.5,39.2,39.2,162.5,296.1,296.1,0.45,39.2,1,2025,6,152,1
MIZ/LUN/84A12/2025/152,Mizoram,Lunglei,Lunglei Slope Failure (MIZ/LUN/84A12/2025/152),"Aizawl-Thenzawl-Lunglei SH, Mualthuam N Venghnuai",23.113126,92.74564,Earth/Soil,Slide,02 June 2025,2025-06-02,1,1,23.1,92.7,103.33,847.0,17.53,308.3,0.1,0.2,23.2,23.2,95.2,289.9,289.9,0.45,23.2,1,2025,6,153,1
MIZ/LUN/84A12/2025/154,Mizoram,Lunglei,Lunglei Slope Failure (MIZ/LUN/84A12/2025/154),"Aizawl-Thenzawl-Lunglei SH, Mualthuam N Venghnuai",23.108018,92.746279,Earth/Soil,Slide,30 May 2025,2025-05-30,1,1,23.1,92.7,103.33,775.0,5.41,108.1,0.1,1.6,90.5,90.5,135.2,231.3,231.3,0.45,90.5,1,2025,5,150,0
MIZ/LUN/84A12/2025/155,Mizoram,Lunglei,Lunglei Slope Failure (MIZ/LUN/84A12/2025/155),Mualthuam N,23.10565,92.745979,Debris,Slide,30 May 2025,2025-05-30,1,1,23.1,92.7,103.33,714.0,10.89,73.7,0.1,1.6,90.5,90.5,135.2,231.3,231.3,0.45,90.5,1,2025,5,150,0
MIZ/LUN/84A12/2025/157,Mizoram,Lunglei,Lunglei Slope Failure (MIZ/LUN/84A12/2025/157),Mualthuam N,23.104623,92.747711,Debris,Flow,1 June 2025,2025-06-01,1,1,23.1,92.7,103.33,741.0,11.33,139.3,1.05,8.5,39.2,39.2,162.5,296.1,296.1,0.45,39.2,1,2025,6,152,1
MIZ/LUN/84A16/2025/161,Mizoram,Lunglei,Lunglei Slope Failure (MIZ/LUN/84A16/2025/161),"Aizawl-Thenzawl-Lunglei SH, south of Mualthuam N",23.100785,92.751508,Earth/Soil,Slide,30 May 2025,2025-05-30,1,1,23.1,92.7,103.33,765.0,13.08,187.8,0.1,1.6,90.5,90.5,135.2,231.3,231.3,0.45,90.5,1,2025,5,150,0
MIZ/LUN/84A16/2025/162,Mizoram,Lunglei,Lunglei Slope Failure (MIZ/LUN/84A16/2025/162),"Aizawl-Thenzawl-Lunglei SH, south of Mualthuam N",23.099615,92.752199,Earth/Soil,Slide,06 June 2025,2025-06-06,1,1,23.0,92.7,55.83,777.0,6.55,168.7,0.0,0.0,1.6,1.6,5.4,205.8,205.8,0.45,1.6,1,2025,6,157,1
MIZ/LUN/84A16/2025/164,Mizoram,Lunglei,Lunglei Slope Failure (MIZ/LUN/84A16/2025/164),"Aizawl-Thenzawl-Lunglei SH, Near MPWD milestone 6kms to Haulawng",23.09459,92.753733,Earth/Soil,Flow,13 September 2025,2025-09-13,1,1,23.0,92.7,55.83,740.0,11.24,257.2,0.1,0.4,9.0,9.0,39.4,85.3,85.3,0.45,9.0,1,2025,9,256,1
MIZ/LUN/84A16/2025/165,Mizoram,Lunglei,Lunglei Slope Failure (MIZ/LUN/84A16/2025/165),"Below Aizawl-Thenzawl-Lunglei SH, Mualthuam N to Saichhoh",23.092076,92.752286,Earth/Soil,Slide,13 September 2025,2025-09-13,1,1,23.0,92.7,55.83,724.0,18.77,173.9,0.1,0.4,9.0,9.0,39.4,85.3,85.3,0.45,9.0,1,2025,9,256,1
MIZ/LUN/84A16/2025/175,Mizoram,Lunglei,Lunglei Slope Failure (MIZ/LUN/84A16/2025/175),"Aizawl-Thenzawl-Lunglei SH, Saichhoh",23.074255,92.76222,Debris,Slide,01 June 2025,2025-06-01,1,1,23.0,92.7,55.83,764.0,11.12,138.4,1.05,8.5,39.2,39.2,162.5,296.1,296.1,0.45,39.2,1,2025,6,152,1
MIZ/LUN/84A16/2025/177,Mizoram,Lunglei,Lunglei Slope Failure (MIZ/LUN/84A16/2025/177),"Aizawl-Thenzawl-Lunglei SH, Saichhoh to Haulawng",23.069585,92.765797,Debris,Slide,31 May 2025,2025-05-31,1,1,23.0,92.7,55.83,792.0,9.45,300.0,0.05,0.8,34.5,34.5,121.9,222.3,222.3,0.45,34.5,1,2025,5,151,0
MIZ/LUN/84A16/2025/178,Mizoram,Lunglei,Lunglei Slope Failure (MIZ/LUN/84A16/2025/178),"Aizawl-Thenzawl-Lunglei SH, Saichhoh to Haulawng",23.067473,92.767201,Earth/Soil,Slide,30 May 2025,2025-05-30,1,1,23.0,92.7,55.83,857.0,18.35,277.6,0.1,0.6,60.7,60.7,104.1,195.0,195.0,0.45,60.7,1,2025,5,150,0
MIZ/LUN/84A16/2025/181,Mizoram,Lunglei,Lunglei Slope Failure (MIZ/LUN/84A16/2025/181),"Aizawl-Thenzawl-Lunglei SH, Saichhoh to Haulawng",23.063838,92.769004,Debris,Slide,15 June 2025,2025-06-15,1,1,23.0,92.7,55.83,894.0,11.45,340.5,0.0,0.0,8.2,8.2,36.2,103.7,103.7,0.45,8.2,1,2025,6,166,1
MIZ/LUN/84A16/2025/182,Mizoram,Lunglei,Lunglei Slope Failure (MIZ/LUN/84A16/2025/182),"Aizawl-Thenzawl-Lunglei SH, Saichhoh to Haulawng",23.061745,92.770105,Debris,Slide,30 May 2025,2025-05-30,1,1,23.0,92.7,55.83,905.0,26.29,288.5,0.1,0.6,60.7,60.7,104.1,195.0,195.0,0.45,60.7,1,2025,5,150,0
NAG/KOH/83K02/2008/F-3A,Nagaland,Kohima,PR Hills slide,,25.66083,94.10278,Debris,Fall,02 August 2008,2008-08-02,1,1,25.6,94.1,90.0,1464.0,12.17,286.1,1.9,7.2,24.9,24.9,70.2,156.1,156.1,0.45,24.9,1,2008,8,215,1
NAG/KOH/83K02/2008/F-3B,Nagaland,Kohima,Officer Hill/ Naga Hospital Colony slide,,25.66667,94.10972,Debris,Slide,12 August 2007,2007-08-12,1,1,25.6,94.1,90.0,1438.0,11.14,122.2,0.45,2.8,21.3,21.3,44.3,80.0,80.0,0.45,21.3,1,2007,8,224,1
NAG/KOH/83K02/2008/F-4(A),Nagaland,Kohima,New Market slide,,25.66917,94.10722,Debris,Slide,16 August 2008,2008-08-16,1,1,25.6,94.1,90.0,1443.0,11.62,154.0,0.05,0.3,9.1,9.1,39.8,159.7,159.7,0.45,9.1,1,2008,8,229,1
NL/KOH/83K02/2014/04,Nagaland,Kohima,Meriema,National Highway (NH)- 61,25.71611,94.08883,Debris,Flow,03 July 2013,2013-07-03,1,1,25.7,94.0,65.0,1423.0,10.04,284.7,0.1,0.9,13.8,13.8,63.9,200.5,200.5,0.45,13.8,1,2013,7,184,1
NL/KOH/83G14/2014/15,Nagaland,Kohima,Piphema Peducha,NH-29,25.74697,93.98167,Rock-cum-Debris,Slide,08 September 2013,2013-09-08,1,1,25.7,93.9,34.17,884.0,11.71,344.9,2.05,5.4,19.5,19.5,33.2,84.7,84.7,0.45,19.5,1,2013,9,251,1
NL/DIM/83G13/2014/02,Nagaland,Dimapur,Kukidolong-2,NH 29,25.76939,93.80278,Earth/Soil,Slide,16 July 2013,2013-07-16,1,1,25.7,93.8,23.33,309.0,18.81,55.1,0.05,0.3,62.6,62.6,79.1,109.0,109.0,0.45,62.6,1,2013,7,197,1
NL/DIM/83G13/2014/01,Nagaland,Dimapur,Kukidolong-1,NH 29,25.78417,93.80028,Earth/Soil,Slide,16 July 2013,2013-07-16,1,1,25.7,93.8,23.33,227.0,4.28,285.5,0.05,0.3,62.6,62.6,79.1,109.0,109.0,0.45,62.6,1,2013,7,197,1
NAG/KIPH/83K13/2009/F-8,Nagaland,Tuensang,Mission compound slide,,25.88667,94.78639,Debris,Flow,21 June 2009,2009-06-21,1,1,25.8,94.7,16.67,1167.0,6.09,189.7,0.0,0.0,0.4,0.4,16.4,30.1,30.1,0.45,0.4,1,2009,6,172,1
NAG/KIPH/83K13/2009/F-7,Nagaland,Tuensang,Kesunisiki slide,,25.9,94.78917,Debris,Slide,21 June 2009,2009-06-21,1,1,25.9,94.7,10.83,1010.0,21.52,324.4,0.0,0.0,0.4,0.4,16.4,30.1,30.1,0.45,0.4,1,2009,6,172,1
NL/WKH/83J04/2021/01,Nagaland,Wokha,E-Khel slide,,26.10694722,94.25328889,Earth/Soil,Slide,18 September 2021,2021-09-18,1,1,26.1,94.2,20.83,1372.0,11.72,114.3,0.0,0.0,3.5,3.5,12.9,18.6,18.6,0.45,3.5,1,2021,9,261,1
NAG/TUE/83J15/2009/F-14,Nagaland,Tuensang,Ajang (Bhumbak Village),,26.34417,94.83333,Debris,Slide,20 June 2009,2009-06-20,1,1,26.3,94.8,11.67,1753.0,18.56,69.9,0.0,0.1,12.6,12.6,19.0,54.0,54.0,0.45,12.6,1,2009,6,171,1
NAG/TUE/83J15/2009/F-13,Nagaland,Tuensang,Ajang (Bhumbak Village),,26.36083,94.84,Rock,Fall,04 June 2009,2009-06-04,1,1,26.3,94.8,11.67,1972.0,42.1,231.0,0.15,2.9,12.5,12.5,19.6,47.6,47.6,0.45,12.5,1,2009,6,155,1
NAG/TUE/83J15/2009/F-12,Nagaland,Tuensang,Washomung (Bhumbak Village) slide,,26.37639,94.84056,Debris,Slide,20 June 2009,2009-06-20,1,1,26.3,94.8,11.67,1862.0,24.34,167.9,0.0,0.0,13.7,13.7,29.0,64.6,64.6,0.45,13.7,1,2009,6,171,1
NAG/TUE/83J15/2009/F-10,Nagaland,Tuensang,Yangpi Village slide,,26.38778,94.82583,Rock,Slide,27 July 2009,2009-07-27,1,1,26.3,94.8,11.67,1677.0,28.29,105.7,0.0,0.0,10.4,10.4,31.5,94.1,94.1,0.45,10.4,1,2009,7,208,1
NAG/TUE/83J15/2009/F-11,Nagaland,Tuensang,Noksen-Tuengsang road slide,,26.38778,94.82583,Debris,Slide,20 August 2009,2009-08-20,1,1,26.3,94.8,11.67,1677.0,28.29,105.7,0.15,0.9,18.8,18.8,45.7,176.3,176.3,0.45,18.8,1,2009,8,232,1
NL/MON/83J15/2014/08,Nagaland,Mon,Shamnyu slide,State Highway (Tobu to Mon road),26.39094,94.94406,Rock-cum-Debris,Flow,16 August 2013,2013-08-16,1,1,26.3,94.9,10.83,544.0,24.65,150.0,0.05,0.1,19.2,19.2,41.1,102.0,102.0,0.45,19.2,1,2013,8,228,1
NL/MON/83J15/2014/09,Nagaland,Mon,Shense slide,State Highway (Tobu to Mon road),26.39936,94.94553,Debris,Flow,17 August 2023,2023-08-17,1,1,26.3,94.9,10.83,590.0,25.42,219.4,0.0,0.2,2.6,2.6,10.7,44.0,44.0,0.45,2.6,1,2023,8,229,1
NL/MON/83J15/2014/11,Nagaland,Mon,Chaklangsho-2,State Highway (Tobu to Mon road),26.40908,94.96308,Rock-cum-Debris,Slide,17 August 2013,2013-08-17,1,1,26.4,94.9,9.17,667.0,23.83,211.3,0.25,1.7,19.2,19.2,51.2,114.3,114.3,0.45,19.2,1,2013,8,229,1
NL/MON/83J15/2014/12,Nagaland,Mon,Telangsao slide,State Highway (Tobu to Mon road),26.41931,94.97369,Debris,Slide,18 August 2013,2013-08-18,1,1,26.4,94.9,9.17,664.0,8.11,251.5,0.0,0.0,3.1,3.1,41.5,104.6,104.6,0.45,3.1,1,2013,8,230,1
3211,Nagaland,Chumoukedima,Chumoukedima Slope Failure (3211),,25.7802266,93.936165,Debris,Flow,03 September 2024,2024-09-03,1,1,25.7,93.9,34.17,920.0,17.03,112.1,0.0,1.7,24.1,24.1,71.8,145.0,145.0,0.45,24.1,1,2024,9,247,1
3212,Nagaland,Chumoukedima,Chumoukedima Slope Failure (3212),,25.7746019,93.9148756,Debris,Slide,03 September 2024,2024-09-03,1,1,25.7,93.9,34.17,692.0,17.0,38.2,0.0,1.7,24.1,24.1,71.8,145.0,145.0,0.45,24.1,1,2024,9,247,1
3310,Nagaland,Tseminyu,Tseminyu Slope Failure (3310),,25.8816564,94.1902346,Rock,Fall,19 January 2025,2025-01-19,1,1,25.8,94.1,21.67,1409.0,24.72,86.3,0.0,0.0,0.0,0.0,0.0,0.0,0.0,0.45,0.0,1,2025,1,19,0
3380,Nagaland,Mokokchung,Mokokchung Slope Failure (3380),,26.4231373,94.3822611,Earth/Soil,Slide,07 July 2025,2025-07-07,1,1,26.4,94.3,13.33,509.0,23.65,266.0,0.0,0.1,20.8,20.8,56.7,131.7,131.7,0.45,20.8,1,2025,7,188,1
3375,Nagaland,Kohima,Kohima Slope Failure (3375),,25.623067,94.114196,Debris,Slide,07 July 2025,2025-07-07,1,1,25.6,94.1,90.0,1585.0,29.48,335.5,0.0,0.0,13.9,13.9,48.0,93.8,93.8,0.45,13.9,1,2025,7,188,1
3379,Nagaland,Mokokchung,Mokokchung Slope Failure (3379),,26.4527822,94.375268,Earth/Soil,Slide,08 July 2025,2025-07-08,1,1,26.4,94.3,13.33,250.0,5.37,310.0,0.0,0.0,4.9,4.9,56.7,159.4,159.4,0.45,4.9,1,2025,7,189,1
3381,Nagaland,Mokokchung,Mokokchung Slope Failure (3381),,26.4219453,94.3854377,Rock,Fall,07 July 2025,2025-07-07,1,1,26.4,94.3,13.33,734.0,38.28,202.5,0.35,0.8,25.9,25.9,58.7,143.0,143.0,0.45,25.9,1,2025,7,188,1
3382,Nagaland,Mokokchung,Mokokchung Slope Failure (3382),,26.4242282,94.3924136,Rock,Fall,05 July 2025,2025-07-05,1,1,26.4,94.3,13.33,728.0,50.78,226.4,0.9,1.8,5.8,5.8,38.1,102.8,102.8,0.45,5.8,1,2025,7,186,1
3383,Nagaland,Mokokchung,Mokokchung Slope Failure (3383),,26.42608,94.398916,Rock,Slide,07 July 2025,2025-07-07,1,1,26.4,94.3,13.33,807.0,29.09,249.9,0.35,0.8,25.9,25.9,58.7,143.0,143.0,0.45,25.9,1,2025,7,188,1
NA/KOH/83K02/2024/02,Nagaland,Kohima,Kigwema Village,Kigwema-Meluri road,25.6125,94.1272,Debris,Slide,06 July 2024,2024-07-06,1,1,25.6,94.1,90.0,1390.0,18.89,253.9,0.05,1.4,49.8,49.8,152.0,413.8,413.8,0.45,49.8,1,2024,7,188,1
NA/CHU/83G13/2024/01,Nagaland,Chumoukedima,Pagala Pahar landslide,NH-29,25.7853,93.8014,Debris,Slide,03 September 2024,2024-09-03,1,1,25.7,93.8,23.33,242.0,3.52,12.7,0.0,0.4,8.4,8.4,46.1,116.7,116.7,0.45,8.4,1,2024,9,247,1
NA/WKH/83J8/2024/02,Nagaland,Wokha,Tchuyiro landslide,Tchuyiro colony,26.08945,94.264217,Earth/Soil,Slide,23 July 2024,2024-07-23,1,1,26.0,94.2,25.83,1466.0,16.83,174.0,0.0,0.1,9.8,9.8,66.4,142.5,142.5,0.45,9.8,1,2024,7,205,1
NL/KOH/83K02/2022/001,Nagaland,Kohima,Meriema landslide,NH-2/ Kohima-Wokha Highway,25.71711111,94.08561111,Earth/Soil,Slide,29 October 2017,2017-10-29,1,1,25.7,94.0,65.0,1336.0,15.93,195.6,0.9,7.2,16.3,16.3,18.3,91.9,91.9,0.45,16.3,1,2017,10,302,0
NL/KOH/83K02/2022/002,Nagaland,Kohima,Meriema village landslide,Inside Meriema village,25.712031,94.089791,Rock,Slide,12 September 2022,2022-09-12,1,1,25.7,94.0,65.0,1432.0,17.41,142.9,0.05,0.3,23.7,23.7,47.7,152.5,152.5,0.45,23.7,1,2022,9,255,1
NL/KOH/83K02/2022/003,Nagaland,Kohima,Chiesema,Chiesema,25.7491204,94.0804548,Debris,Slide,25 September 2022,2022-09-25,1,1,25.7,94.0,65.0,1248.0,8.31,172.9,0.0,0.0,21.8,21.8,83.7,124.1,124.1,0.45,21.8,1,2022,9,268,1
NL/KOH/83K02/2022/004,Nagaland,Kohima,New secretariat-Meriema road,New secretariat-Meriema road,25.7179491,94.0917724,Rock,Slide,28 September 2022,2022-09-28,1,1,25.7,94.0,65.0,1331.0,14.71,300.9,0.0,0.0,15.9,15.9,52.7,160.8,160.8,0.45,15.9,1,2022,9,271,1
NL/KOH/83G13/2022/005,Nagaland,Kohima,Piphema,NH29/Piphema,25.770055,93.937873,Debris,Slide,15 October 2022,2022-10-15,1,1,25.7,93.9,34.17,829.0,23.21,104.9,0.05,0.2,2.4,2.4,12.0,67.0,67.0,0.45,2.4,1,2022,10,288,0
NL/KOH/83G13/2022/006,Nagaland,Kohima,Piphema,NH29/Piphema,25.771451,93.907041,Debris,Slide,30 September 2022,2022-09-30,1,1,25.7,93.9,34.17,630.0,10.81,113.1,0.0,0.0,5.0,5.0,39.8,121.6,121.6,0.45,5.0,1,2022,9,273,1
NL/KOH/83K02/2022/010,Nagaland,Kohima,Piphema,Piphema,25.770064,93.937891,Debris,Slide,12 November 2022,2022-11-12,1,1,25.7,93.9,34.17,829.0,23.21,104.9,0.1,0.3,2.5,2.5,2.6,8.4,8.4,0.45,2.5,1,2022,11,316,0
NL/KOH/83G13/2023/03,Nagaland,Kohima,Piphema,NH-29,25.76618333,93.94043611,Debris,Slide,08 September 2023,2023-09-08,1,1,25.7,93.9,34.17,833.0,25.94,144.3,0.05,0.1,27.6,27.6,76.6,93.0,93.0,0.45,27.6,1,2023,9,251,1
NL/KOH/83K02/2023/19,Nagaland,Kohima,Khonoma,Jotsoma-Padi-Benreu road,25.66754722,94.08075278,Debris,Slide,02 October 2023,2023-10-02,1,1,25.6,94.0,76.67,1520.0,25.44,309.1,0.0,0.0,12.8,12.8,30.4,80.3,80.3,0.45,12.8,1,2023,10,275,0
NL/KOH/83K02/2023/58,Nagaland,Kohima,Kohima-Nuiland road,Kohima-Nuiland road,25.85442778,94.15844444,Debris,Slide,23 August 2018,2018-08-23,1,1,25.8,94.1,21.67,1507.0,26.12,211.0,0.0,0.0,1.4,1.4,12.4,24.4,24.4,0.45,1.4,1,2018,8,235,1
NL/KOH/83K02/2023/59,Nagaland,Kohima,Kohima-Nuiland road,Kohima-Nuiland road,25.857991,94.159346,Debris,Slide,23 August 2018,2018-08-23,1,1,25.8,94.1,21.67,1458.0,31.41,221.0,0.0,0.0,1.4,1.4,12.4,24.4,24.4,0.45,1.4,1,2018,8,235,1
NL/KOH/83K02/2024/003,Nagaland,Kohima,Kohima Slope Failure (NL/KOH/83K02/2024/003),NH-2/Tadubi,25.52036,94.1311201,Debris,Slide,01 June 2024,2024-06-01,1,1,25.5,94.1,39.17,1752.0,16.58,65.2,0.0,0.0,2.1,2.1,8.1,194.0,194.0,0.45,2.1,1,2024,6,153,1
NL/KOH/83K02/2024/004,Nagaland,Kohima,Kohima Slope Failure (NL/KOH/83K02/2024/004),NH-2/Khuzama,25.52164,94.13426,Debris,Slide,01 June 2024,2024-06-01,1,1,25.5,94.1,39.17,1723.0,24.0,50.3,0.0,0.0,2.1,2.1,8.1,194.0,194.0,0.45,2.1,1,2024,6,153,1
NL/KOH/83K02/2024/006,Nagaland,Kohima,Kohima Slope Failure (NL/KOH/83K02/2024/006),NH-2/Khuzama,25.525094,94.135798,Debris,Subsidence,01 June 2024,2024-06-01,1,1,25.5,94.1,39.17,1728.0,19.91,339.6,0.0,0.0,2.1,2.1,8.1,194.0,194.0,0.45,2.1,1,2024,6,153,1
NL/KOH/83K02/2024/007,Nagaland,Kohima,Kohima Slope Failure (NL/KOH/83K02/2024/007),NH-2/Khuzama,25.538422,94.136039,Debris,Slide,01 June 2024,2024-06-01,1,1,25.5,94.1,39.17,1687.0,19.75,338.7,0.0,0.0,2.1,2.1,8.1,194.0,194.0,0.45,2.1,1,2024,6,153,1
NL/KOH/83K02/2024/008,Nagaland,Kohima,Kohima Slope Failure (NL/KOH/83K02/2024/008),NH-2/Viswema,25.5651,94.1390034,Debris,Slide,01 June 2024,2024-06-01,1,1,25.5,94.1,39.17,1661.0,29.63,310.5,0.0,0.0,0.9,0.9,5.7,141.5,141.5,0.45,0.9,1,2024,6,153,1
NL/KOH/83K02/2024/009,Nagaland,Kohima,Kohima Slope Failure (NL/KOH/83K02/2024/009),NH-2/Viswema,25.6032619,94.1122188,Rock,Slide,01 June 2024,2024-06-01,1,1,25.6,94.1,90.0,1642.0,13.46,23.3,0.0,0.0,2.5,2.5,8.2,164.7,164.7,0.45,2.5,1,2024,6,153,1
NL/KOH/83K02/2024/010,Nagaland,Kohima,Kohima Slope Failure (NL/KOH/83K02/2024/010),NH-2/Phesema,25.62154,94.1122,Debris,Slide,01 June 2024,2024-06-01,1,1,25.6,94.1,90.0,1748.0,23.45,300.5,0.0,0.0,2.5,2.5,8.2,164.7,164.7,0.45,2.5,1,2024,6,153,1
NL/KOH/83K02/2024/011,Nagaland,Kohima,Kohima Slope Failure (NL/KOH/83K02/2024/011),NH-2/Phesema,25.6291966,94.10177,Debris,Slide,01 June 2024,2024-06-01,1,1,25.6,94.1,90.0,1536.0,26.58,39.7,0.0,0.0,2.5,2.5,8.2,164.7,164.7,0.45,2.5,1,2024,6,153,1
NL/KOH/83K02/2024/012,Nagaland,Kohima,Kohima Slope Failure (NL/KOH/83K02/2024/012),NH-2/Phesema,25.6387,94.10979,Debris,Slide,01 June 2024,2024-06-01,1,1,25.6,94.1,90.0,1503.0,17.11,56.5,0.0,0.0,2.5,2.5,8.2,164.7,164.7,0.45,2.5,1,2024,6,153,1
NL/KOH/83K02/2024/013,Nagaland,Kohima,Kohima Slope Failure (NL/KOH/83K02/2024/013),NH-2/Lerie,25.648759,94.10616,Debris,Slide,01 June 2024,2024-06-01,1,1,25.6,94.1,90.0,1549.0,12.51,341.0,0.0,0.0,2.5,2.5,8.2,164.7,164.7,0.45,2.5,1,2024,6,153,1
NL/MOK/83J07/2025/01,Nagaland,Mokokchung,Longnak landslide,NH-702D,26.45278,94.37526,Earth/Soil,Slide,08 July 2025,2025-07-08,1,1,26.4,94.3,13.33,250.0,5.37,310.0,0.0,0.0,4.9,4.9,56.7,159.4,159.4,0.45,4.9,1,2025,7,189,1
NL/MOK/83J07/2025/02,Nagaland,Mokokchung,Merayim landslide,NH-702D,26.423137,94.382261,Earth/Soil,Slide,07 July 2025,2025-07-07,1,1,26.4,94.3,13.33,509.0,23.65,266.0,0.0,0.1,20.8,20.8,56.7,131.7,131.7,0.45,20.8,1,2025,7,188,1
NL/MOK/83J07/2025/03,Nagaland,Mokokchung,Changki slide_1,NH-702D,26.42186,94.3852,Rock,Slide,07 July 2025,2025-07-07,1,1,26.4,94.3,13.33,734.0,38.28,202.5,0.35,0.8,25.9,25.9,58.7,143.0,143.0,0.45,25.9,1,2025,7,188,1
NL/MOK/83J07/2025/04,Nagaland,Mokokchung,Changki slide_2,NH-702D,26.425346,94.387013,Rock,Slide,07 July 2025,2025-07-07,1,1,26.4,94.3,13.33,748.0,19.75,227.7,0.35,0.8,25.9,25.9,58.7,143.0,143.0,0.45,25.9,1,2025,7,188,1
NL/MOK/83J07/2025/05,Nagaland,Mokokchung,Yimkum Slide,"NH-702D, Yimkum sector, Chungtia Village",26.383648,94.440751,Debris,Slide,29 July 2025,2025-07-29,1,1,26.3,94.4,14.17,943.0,25.34,225.5,0.15,3.0,9.3,9.3,79.5,133.0,133.0,0.45,9.3,1,2025,7,210,1
NL/MOK/83J07/2025/06,Nagaland,Mokokchung,Razu slide,"NH-702D, Razu sector, Chungtia village",26.384347,94.443397,Debris,Slide,01 July 2024,2024-07-01,1,1,26.3,94.4,14.17,949.0,11.69,5.0,0.5,4.2,89.8,89.8,148.1,265.7,265.7,0.45,89.8,1,2024,7,183,1
NL/MOK/83J07/2025/07,Nagaland,Mokokchung,Yimlang Slide,"NH-702D, Yimlang sector, Chungtia village",26.387181,94.444132,Rock,Slide,01 August 2025,2025-08-01,1,1,26.3,94.4,14.17,934.0,20.23,255.0,0.0,0.2,1.0,1.0,15.5,127.7,127.7,0.45,1.0,1,2025,8,213,1
NL/MOK/83J07/2025/08,Nagaland,Mokokchung,Sabangya slide,"NH-702D, Sabangya sector, Chungtia village",26.379798,94.450751,Debris,Slide,07 July 2025,2025-07-07,1,1,26.3,94.4,14.17,909.0,14.67,312.3,0.35,0.8,25.9,25.9,58.7,143.0,143.0,0.45,25.9,1,2025,7,188,1
NL/TSE/83K01/2025/01,Nagaland,Tseminyu,Terogvunyu Village,NH-2,25.88165,94.19023,Rock,Slide,19 January 2025,2025-01-19,1,1,25.8,94.1,21.67,1409.0,24.72,86.3,0.0,0.0,0.0,0.0,0.0,0.0,0.0,0.45,0.0,1,2025,1,19,0
NAG/ KOH/ 83K2/ 2015/02,Nagaland,Kohima,Near bridge,NH-29,25.73425,94.00119444,Debris,Subsidence,15 July 2015,2015-07-15,1,1,25.7,94.0,65.0,888.0,29.16,263.3,0.8,4.4,23.9,23.9,51.5,126.4,126.4,0.45,23.9,1,2015,7,196,1
Nagaland/Kohima/83K- 02/2018/001,Nagaland,Kohima,Lower Para Medical Landslide,NH-29/ Lower Para Medical Colony,25.66772222,94.08908333,Debris,Subsidence,08 July 2018,2018-07-08,1,1,25.6,94.0,76.67,1296.0,13.7,214.9,0.5,3.0,47.6,47.6,129.7,287.2,287.2,0.45,47.6,1,2018,7,189,1
NL/DMR/83F-16/2019/01,Nagaland,Dimapur,Zhekhise Slide,Niuland,26.07256,93.928,Earth/Soil,Slide,09 May 2019,2019-05-09,1,1,26.0,93.9,14.17,126.0,0.59,240.9,0.0,0.0,2.4,2.4,2.7,34.0,34.0,0.45,2.4,1,2019,5,129,0
SKM/EAS/78A12/2014/002,Sikkim,East Sikkim,6 km from Martam,0.5 km before Sikkim Supreme (On NH-31A),27.23772,88.51384,Debris,Slide,26 August 2014,2014-08-26,1,1,27.2,88.5,35.83,479.0,21.84,46.9,0.05,0.1,35.0,35.0,92.4,284.6,284.6,0.45,35.0,1,2014,8,238,1
SK/ED/78A12/2017/01,Sikkim,East Sikkim,Pachey landslide near Pakyong Town,Pakyong-Machong Road near Pakyong,27.24144,88.60681,Debris,Fall,9 July 2017,2017-07-09,1,1,27.2,88.6,30.0,1401.0,22.78,57.9,3.65,13.4,96.9,96.9,168.6,363.3,363.3,0.45,96.9,1,2017,7,190,1
SK/EAS/78A11/2014/01,Sikkim,East Sikkim,Dhankutey dhara Slide,3km away from Rumtek on Rumtek - Martam road.,27.28408,88.54611,Earth/Soil,Slide,28 August 2013,2013-08-28,1,1,27.2,88.5,35.83,1544.0,22.68,56.1,0.05,0.5,33.3,33.3,89.4,206.0,206.0,0.45,33.3,1,2013,8,240,1
SKM/NOR/78A11/2014/007,Sikkim,North Sikkim,Tanek Rockslide,Tanek (On North-Sikkim High Way),27.4097,88.54371,Rock,Fall,24 June 2014,2014-06-24,1,1,27.4,88.5,22.5,1544.0,36.71,115.8,0.6,3.3,32.0,32.0,131.8,192.2,192.2,0.45,32.0,1,2014,6,175,1
SKM/NOR/78A11/2014/006,Sikkim,North Sikkim,Ambithang Landslide,Ambithang (On Rangrang- Mangan road ),27.48603,88.53269,Debris,Slide,8 July 2014,2014-07-08,1,1,27.4,88.5,22.5,1055.0,19.66,131.9,0.35,2.6,31.3,31.3,79.4,148.9,148.9,0.45,31.3,1,2014,7,189,1
SKM/NOR/78A10/2014/004,Sikkim,North Sikkim,Pakshek Landslide,Pakshek ( Mangan-Chungthang road on North highway),27.5091,88.53848,Rock,Slide,1 July 2014,2014-07-01,1,1,27.5,88.5,19.17,1228.0,40.58,207.9,0.65,2.7,13.9,13.9,163.7,430.7,430.7,0.45,13.9,1,2014,7,182,1
SKM/EAST/78A12/2015/002,Sikkim,East Sikkim,Kumrek landslide,Kumrek (On Rangpo-Kumrek road ),27.179,88.53313889,Rock,Slide,8 July 2015,2015-07-08,1,1,27.1,88.5,23.33,419.0,23.07,65.4,0.0,0.0,1.8,1.8,21.2,205.0,205.0,0.45,1.8,1,2015,7,189,1
SKM/NORTH/78A11/2015/003,Sikkim,North Sikkim,Rangrang Landslide,Rangrang (On Mangan to Dikchu road ),27.46166,88.52341,Debris,Slide,1 June 2015,2015-06-01,1,1,27.4,88.5,22.5,935.0,35.81,177.5,0.0,0.4,20.6,20.6,75.2,95.5,95.5,0.45,20.6,1,2015,6,152,1
SKM/EAST/78A11/2015/004,Sikkim,East Sikkim,Tumin Landslide,Tumin,27.33208,88.50902,Debris,Slide,11 July 2015,2015-07-11,1,1,27.3,88.5,15.83,1508.0,26.47,183.6,0.1,0.4,10.6,10.6,81.1,277.5,277.5,0.45,10.6,1,2015,7,192,1
State: Sikkim/District : West District/Toposheet: 78A/03/year: 2019,Sikkim,West District,Yuksom-Tsong Village landslide,"Yuksom in West Sikkim, local village road up to Tsong Village",27.36473056,88.23727778,Earth/Soil,Flow,16 September 2019,2019-09-16,1,1,27.3,88.2,12.5,1988.0,34.37,160.4,1.05,7.2,44.9,44.9,139.9,295.0,295.0,0.45,44.9,1,2019,9,259,1
SK/ES/78 A/07/2021/14,Sikkim,East Sikkim,Dikchu-Samdong road,Near Jurassic Park Sikkim,27.3699335,88.4859279,Rock-cum-Debris,Slide,23 August 2021,2021-08-23,1,1,27.3,88.4,8.33,812.0,40.22,202.5,1.85,19.2,263.5,263.5,452.9,867.6,867.6,0.45,263.5,1,2021,8,235,1
SK/ES/78 A/11/2021/15,Sikkim,East Sikkim,Mangthang,Mangthang,27.2533846,88.5489504,Debris,Flow,22 August 2021,2021-08-22,1,1,27.2,88.5,35.83,625.0,28.04,252.9,2.75,12.3,55.9,55.9,231.9,682.9,682.9,0.45,55.9,1,2021,8,234,1
SK/ES/78 A11/PB,Sikkim,East Sikkim,Pagla Bhir,Rumtek-Rice Valley road.,27.28666667,88.55347222,Rock-cum-Debris,Slide,27 August 2021,2021-08-27,1,1,27.2,88.5,35.83,1809.0,50.16,123.1,0.35,1.5,23.4,23.4,279.0,554.2,554.2,0.45,23.4,1,2021,8,239,1
SK/NS/78 A10/ Bop 1,Sikkim,North Sikkim,Bop Slide,Chungthang-Lachung Road,27.61936111,88.66131389,Rock,Slide,18 June 2021,2021-06-18,1,1,27.6,88.6,11.67,1961.0,42.78,42.6,1.75,13.7,109.9,109.9,202.3,338.2,338.2,0.45,109.9,1,2021,6,169,1
SK/ES/78 A11/IBP-I,Sikkim,East Sikkim,Indira Bye Pass -I,Indira Bye Pass Road,27.32888889,88.60777778,Rock,Slide,18 May 2021,2021-05-18,1,1,27.3,88.6,47.5,1455.0,26.84,145.3,0.75,6.4,59.3,59.3,144.3,391.3,391.3,0.45,59.3,1,2021,5,138,0
SK/ES/78 A11/2021/NPB-1,Sikkim,East Sikkim,Pagla Bhir slide,Rumtek-Sang Road through Martam Rice valley,27.28577778,88.5535,Debris,Slide,27 August 2021,2021-08-27,1,1,27.2,88.5,35.83,1636.0,52.19,118.7,0.35,1.5,23.4,23.4,279.0,554.2,554.2,0.45,23.4,1,2021,8,239,1
SKM/ Namchi/78 A07/2022/01,Sikkim,Namchi,Pathing Yang Yang Slide,Ravangla-Yang Yang Road via Pathing,27.30140833,88.3916,Rock-cum-Debris,Slide,18 November 2022,2022-11-18,1,1,27.3,88.3,10.0,1795.0,42.7,131.2,0.0,0.0,0.0,0.0,0.0,0.0,0.0,0.45,0.0,1,2022,11,322,0
SKM/ Soreng/78 A08/2022/01,Sikkim,Soreng,01/JR/Baiguney,Jorethang-Legship Road,27.14871944,88.28128889,Debris,Slide,20 November 2022,2022-11-20,1,1,27.1,88.2,17.5,441.0,27.4,73.0,0.0,0.0,0.0,0.0,0.1,4.4,4.4,0.45,0.0,1,2022,11,324,0
SKM/ES/78 A11/2022/TVP-I1,Sikkim,East Sikkim,Tashi view point-II(TVP-II),"NH-10, Gangtok-Mangan highway",27.37211111,88.61671944,Debris,Slide,29 May 2022,2022-05-29,1,1,27.3,88.6,47.5,1860.0,25.65,223.2,0.0,0.1,5.1,5.1,12.2,59.9,59.9,0.45,5.1,1,2022,5,149,0
SKM/ES/78 A12/2022/Basnettgaon,Sikkim,Pakyong,Basnettgaon Landslide.,Old Pakyong Airport Road,27.24883333,88.60191667,Debris,Slide,10 October 2022,2022-10-10,1,1,27.2,88.6,30.0,1149.0,13.87,294.2,0.15,0.4,31.4,31.4,95.2,187.5,187.5,0.45,31.4,1,2022,10,283,0
SKM/ES/78 A12/2022/Kitgolai,Sikkim,Pakyong,Kitgolai Landslide,SH-717,27.21391667,88.60833333,Debris,Slide,25 August 2022,2022-08-25,1,1,27.2,88.6,30.0,810.0,30.15,350.2,0.05,0.2,0.2,0.2,5.1,46.8,46.8,0.45,0.2,1,2022,8,237,1
SK/ES/78 A07/Sherwani 02,Sikkim,East Sikkim,Sherwani 02,Singtam-Sherwani road,27.24297222,88.47055556,Debris,Slide,15 June 2022,2022-06-15,1,1,27.2,88.4,25.0,521.0,24.65,319.6,0.55,4.4,56.4,56.4,107.2,293.4,293.4,0.45,56.4,1,2022,6,166,1
SKM/MAN/78A11/11/2023,Sikkim,Mangan,South Dikchu,Dikchu-Makha Road,27.40251944,88.51868056,Debris,Slide,4 October 2023,2023-10-04,1,1,27.4,88.5,22.5,622.0,31.38,3.4,0.15,2.9,26.4,26.4,30.8,40.8,40.8,0.45,26.4,1,2023,10,277,0
SI/GAN/78A07/2024/48,Sikkim,Gangtok District,Dipudara landslide,"NHPC Teesta-V, Singtam-Dikchu road",27.2525,88.4606,Rock,Slide,21 August 2024,2024-08-21,1,1,27.2,88.4,25.0,542.0,23.89,157.9,0.0,0.0,0.6,0.6,22.2,28.7,28.7,0.45,0.6,1,2024,8,234,1
SI/MAN/78A11/2025/1,Sikkim,Mangan,Phensang Landslide,NH-310A,27.4432,88.6087,Debris,Slide,21 July 2024,2024-07-21,1,1,27.4,88.6,12.5,1589.0,17.32,85.3,0.0,1.4,34.4,34.4,48.4,106.4,106.4,0.45,34.4,1,2024,7,203,1
SI/GYA/78A03/2025/01,Sikkim,Gyalshing,Rimbi,"Upper Rimbi, Rimbi-Tingbrum Gram Panchayat",27.327977,88.152281,Debris,Slide,11 September 2025,2025-09-11,1,1,27.3,88.1,9.17,1585.0,11.12,342.7,1.15,8.0,19.1,19.1,69.3,159.3,159.3,0.45,19.1,1,2025,9,254,1
SI/GTK/78A11/2025/02,Sikkim,Gangtok District,Tintek Landslide,"SH, Tintek Village, Gangtok District, Sikkim",27.372611,88.541022,Debris,Slide,19 July 2025,2025-07-19,1,1,27.3,88.5,15.83,1903.0,25.97,11.7,1.05,2.6,3.1,3.1,6.3,200.5,200.5,0.45,3.1,1,2025,7,200,1
SKM-04/2012-13,Sikkim,East Sikkim,Rockse Slide 1,Panthang to Dikchu road,27.37441667,88.54505556,Rock,Slide,13 July 2012,2012-07-13,1,1,27.3,88.5,15.83,1666.0,42.32,25.5,0.6,2.4,50.2,50.2,170.3,325.8,325.8,0.45,50.2,1,2012,7,195,1
SKM-05/2012-13,Sikkim,East Sikkim,Rockse Slide 2,Panthang to Dikchu road,27.36977778,88.54466667,Rock,Slide,13 July 2012,2012-07-13,1,1,27.3,88.5,15.83,1762.0,32.95,320.8,0.6,2.4,50.2,50.2,170.3,325.8,325.8,0.45,50.2,1,2012,7,195,1
SKM-06/2012-13,Sikkim,North Sikkim,Pegong Slide,Mangan-Chungthang road,27.59027778,88.65394444,Debris,Slide,26 June 2012,2012-06-26,1,1,27.5,88.6,20.83,1707.0,22.13,325.6,0.85,5.4,46.2,46.2,163.1,302.1,302.1,0.45,46.2,1,2012,6,178,1
SKM-07/2012-13,Sikkim,North Sikkim,Theng Slide,On Mangan-Chungthang road,27.57502778,88.65402778,Debris,Slide,22 June 2012,2012-06-22,1,1,27.5,88.6,20.83,1449.0,8.5,95.9,0.35,3.3,78.8,78.8,110.5,279.4,279.4,0.45,78.8,1,2012,6,174,1
SKM-08/2012-13,Sikkim,North Sikkim,Tung Slide,On Mangan-Chungthang road,27.56111111,88.65452778,Debris,Slide,22 June 2012,2012-06-22,1,1,27.5,88.6,20.83,1394.0,19.27,163.5,0.35,3.3,78.8,78.8,110.5,279.4,279.4,0.45,78.8,1,2012,6,174,1
SKM-09/2012-13,Sikkim,North Sikkim,Rubom Slide,On Mangan-Chungthang road,27.52838889,88.59972222,Debris,Slide,22 June 2012,2012-06-22,1,1,27.5,88.5,19.17,1504.0,41.33,272.6,0.35,3.3,78.8,78.8,110.5,279.4,279.4,0.45,78.8,1,2012,6,174,1
SKM-10/2012-13,Sikkim,North Sikkim,Singik Slide,On Mangan-Chungthang road,27.56941667,88.65272222,Debris,Slide,22 June 2012,2012-06-22,1,1,27.5,88.6,20.83,1487.0,20.69,354.5,0.35,3.3,78.8,78.8,110.5,279.4,279.4,0.45,78.8,1,2012,6,174,1
SKM-11/2012-13,Sikkim,North Sikkim,Deodara Slide,On Mangan-Chungthang road,27.51491667,88.56313889,Debris,Slide,17 July 2012,2012-07-17,1,1,27.5,88.5,19.17,1404.0,29.39,259.6,1.1,7.2,21.0,21.0,156.2,383.2,383.2,0.45,21.0,1,2012,7,199,1
TR/GMT/79 M10/2018/006,Tripura,Gomati,Taidu landslide (opposite to Taidu Police Station),"Near Taidu Police Station, Ompi Block",23.793444,91.552056,Earth/Soil,Slide,20 May 2018,2018-05-20,1,1,23.7,91.5,1.67,150.0,12.5,357.7,0.85,4.6,31.8,31.8,81.4,162.3,162.3,0.45,31.8,1,2018,5,140,0
TR/GMT/79M10/2018/007,Tripura,Gomati,Taidu Police Station landslide,"Taidu, Ompi",23.794253,91.553533,Earth/Soil,Slide,20 May 2018,2018-05-20,1,1,23.7,91.5,1.67,136.0,6.34,158.6,0.85,4.6,31.8,31.8,81.4,162.3,162.3,0.45,31.8,1,2018,5,140,0
TRI/TRI-W/79M05/2009/G-1,Tripura,West Tripura,Kayerpur Landslide,,23.85417,91.34361,Debris,Slide,10 July 2009,2009-07-10,1,1,23.8,91.3,0.83,14.0,0.26,270.0,0.0,0.1,4.5,4.5,11.3,52.6,52.6,0.45,4.5,1,2009,7,191,1
TR/GMT/79 M09/2018/008,Tripura,Gomati,Sontang no.3 landslide,"Palku, Ompi Block",23.980333,91.475278,Earth/Soil,Slide,18 May 2018,2018-05-18,1,1,23.9,91.4,0.83,78.0,5.79,57.6,0.4,1.5,26.6,26.6,84.2,107.9,107.9,0.45,26.6,1,2018,5,138,0
TR/WTR/79 M09/2018/004,Tripura,West Tripura,Narengbari landslide,"Champabari, Belbari Block (formerly part of Jirania block)",24.003417,91.45425,Debris,Slide,18 May 2018,2018-05-18,1,1,24.0,91.4,1.67,49.0,6.8,289.3,0.4,1.5,26.6,26.6,84.2,107.9,107.9,0.45,26.6,1,2018,5,138,0
TR/WTR/79M05/2018/003,Tripura,West Tripura,Belfung landslide,"Kumbukcherra area, Hezamara Block",24.325444,94.232583,Earth/Soil,Slide,18 May 2018,2018-05-18,1,1,24.3,94.2,7.5,415.0,28.51,24.5,0.0,0.0,5.5,5.5,13.4,35.3,35.3,0.45,5.5,1,2018,5,138,0
TR/WTR/78P08/2018/001,Tripura,West Tripura,Birchandrapara landslide,"Subolsingh, Hezamara R.D. Block",24.781694,93.776056,Earth/Soil,Slide,18 May 2018,2018-05-18,1,1,24.7,93.7,23.33,978.0,11.6,325.2,0.0,0.0,5.4,5.4,9.8,35.2,35.2,0.45,5.4,1,2018,5,138,0
TR-3/09-10,Tripura,Dhalai,Datarampara slide,,23.9,91.75622222,Debris,Slide,3 June 2010,2010-06-03,1,1,23.9,91.7,0.83,244.0,27.46,43.9,0.0,0.0,6.2,6.2,14.2,136.2,136.2,0.45,6.2,1,2010,6,154,1
Tripura/Dhalai/78P16/2017/002,Tripura,Dhalai,Vidya Mohan Para landslide 2,West Lambuchhara (~4.5 km from Khowai-Kamalpur State Highway),24.16966667,91.76686111,Debris,Slide,3 June 2017,2017-06-03,1,1,24.1,91.7,1.67,74.0,8.16,308.3,0.0,1.8,5.5,5.5,28.1,137.1,137.1,0.45,5.5,1,2017,6,154,1
7454,Tripura,West Tripura,Badharghat,Near hill slope behind residential area,23.802772,91.272189,Rock,Slide,30 May 2026,2026-05-30,1,1,23.8,91.2,0.83,21.0,1.65,110.0,0.0,0.0,0.0,0.0,4.9,98.8,98.8,0.45,0.0,1,2026,5,150,0
CTRL/NER/2016/0001,Assam,Kamrup Plains,Kamrup Plains Stable Control Point,Kamrup Plains Lowland Plains,26.2,91.6,None (Stable Alluvium),None (Stable),Stable Topography Control,2016-05-17,0,0,,,0.1,42.0,0.86,0.0,0.35,5.4,39.4,39.4,156.9,234.7,234.7,0.05,39.4,1,2016,5,138,0
CTRL/NER/2016/0002,Assam,Kamrup Plains,Kamrup Plains Stable Control Point,Kamrup Plains Lowland Plains,26.22,91.6,None (Stable Alluvium),None (Stable),Stable Topography Control,2016-05-18,0,0,,,0.1,47.0,1.55,138.1,1.15,7.0,23.8,23.8,107.6,258.3,258.3,0.05,23.8,1,2016,5,139,0
CTRL/NER/2010/0003,Assam,Kamrup Plains,Kamrup Plains Stable Control Point,Kamrup Plains Lowland Plains,26.18,91.6,None (Stable Alluvium),None (Stable),Stable Topography Control,2010-04-02,0,0,,,0.1,42.0,0.0,180.0,0.0,0.0,4.1,4.1,41.4,107.2,107.2,0.05,4.1,1,2010,4,92,0
CTRL/NER/2016/0004,Assam,Kamrup Plains,Kamrup Plains Stable Control Point,Kamrup Plains Lowland Plains,26.2,91.62,None (Stable Alluvium),None (Stable),Stable Topography Control,2016-08-31,0,0,,,0.1,42.0,0.0,180.0,0.0,0.3,11.9,11.9,32.1,56.8,56.8,0.05,11.9,1,2016,8,244,1
CTRL/NER/2020/0005,Assam,Kamrup Plains,Kamrup Plains Stable Control Point,Kamrup Plains Lowland Plains,26.2,91.58,None (Stable Alluvium),None (Stable),Stable Topography Control,2020-06-02,0,0,,,0.1,48.0,0.29,0.0,0.05,0.2,0.7,0.7,11.3,124.8,124.8,0.05,0.7,1,2020,6,154,1
CTRL/NER/2010/0006,Assam,Nagaon Basin,Nagaon Basin Stable Control Point,Nagaon Basin Lowland Plains,26.35,92.68,None (Stable Alluvium),None (Stable),Stable Topography Control,2010-06-03,0,0,,,0.1,65.0,3.06,19.7,1.15,3.6,66.7,66.7,78.3,97.0,97.0,0.05,66.7,1,2010,6,154,1
CTRL/NER/2020/0007,Assam,Nagaon Basin,Nagaon Basin Stable Control Point,Nagaon Basin Lowland Plains,26.37,92.68,None (Stable Alluvium),None (Stable),Stable Topography Control,2020-06-05,0,0,,,0.1,60.0,0.39,138.1,0.3,1.4,10.6,10.6,27.9,56.1,56.1,0.05,10.6,1,2020,6,157,1
CTRL/NER/2010/0008,Assam,Nagaon Basin,Nagaon Basin Stable Control Point,Nagaon Basin Lowland Plains,26.33,92.68,None (Stable Alluvium),None (Stable),Stable Topography Control,2010-06-20,0,0,,,0.1,64.0,0.0,180.0,0.15,0.6,27.9,27.9,132.1,172.5,172.5,0.05,27.9,1,2010,6,171,1
CTRL/NER/2010/0009,Assam,Nagaon Basin,Nagaon Basin Stable Control Point,Nagaon Basin Lowland Plains,26.35,92.7,None (Stable Alluvium),None (Stable),Stable Topography Control,2010-06-16,0,0,,,0.1,64.0,0.83,110.4,0.0,0.0,4.4,4.4,23.4,115.9,115.9,0.05,4.4,1,2010,6,167,1
CTRL/NER/2018/0010,Assam,Nagaon Basin,Nagaon Basin Stable Control Point,Nagaon Basin Lowland Plains,26.35,92.66,None (Stable Alluvium),None (Stable),Stable Topography Control,2018-06-14,0,0,,,0.1,61.0,0.77,90.0,0.0,0.7,10.9,10.9,62.0,107.9,107.9,0.05,10.9,1,2018,6,165,1
CTRL/NER/2018/0011,Assam,Barpeta Plain,Barpeta Plain Stable Control Point,Barpeta Plain Lowland Plains,26.32,91.0,None (Stable Alluvium),None (Stable),Stable Topography Control,2018-08-24,0,0,,,0.1,41.0,1.41,246.0,0.0,0.0,21.2,21.2,45.1,62.6,62.6,0.05,21.2,1,2018,8,236,1
CTRL/NER/2017/0012,Assam,Barpeta Plain,Barpeta Plain Stable Control Point,Barpeta Plain Lowland Plains,26.34,91.0,None (Stable Alluvium),None (Stable),Stable Topography Control,2017-06-13,0,0,,,0.1,42.0,1.26,204.1,0.1,0.8,50.4,50.4,120.5,132.9,132.9,0.05,50.4,1,2017,6,164,1
CTRL/NER/2017/0013,Assam,Barpeta Plain,Barpeta Plain Stable Control Point,Barpeta Plain Lowland Plains,26.3,91.0,None (Stable Alluvium),None (Stable),Stable Topography Control,2017-06-16,0,0,,,0.1,42.0,0.39,41.9,12.05,58.2,125.8,125.8,148.8,274.1,274.1,0.05,125.8,1,2017,6,167,1
CTRL/NER/2017/0014,Assam,Barpeta Plain,Barpeta Plain Stable Control Point,Barpeta Plain Lowland Plains,26.32,91.02,None (Stable Alluvium),None (Stable),Stable Topography Control,2017-07-04,0,0,,,0.1,40.0,0.59,240.8,0.7,2.3,21.5,21.5,109.9,230.9,230.9,0.05,21.5,1,2017,7,185,1
CTRL/NER/2011/0015,Assam,Barpeta Plain,Barpeta Plain Stable Control Point,Barpeta Plain Lowland Plains,26.32,90.98,None (Stable Alluvium),None (Stable),Stable Topography Control,2011-03-23,0,0,,,0.1,41.0,1.55,56.2,0.0,0.0,0.5,0.5,15.8,126.6,126.6,0.05,0.5,1,2011,3,82,0
CTRL/NER/2009/0016,Assam,Dibrugarh Alluvial,Dibrugarh Alluvial Stable Control Point,Dibrugarh Alluvial Lowland Plains,27.48,94.92,None (Stable Alluvium),None (Stable),Stable Topography Control,2009-08-20,0,0,,,0.1,105.0,0.83,249.4,0.2,1.2,30.4,30.4,51.0,110.9,110.9,0.05,30.4,1,2009,8,232,1
CTRL/NER/2017/0017,Assam,Dibrugarh Alluvial,Dibrugarh Alluvial Stable Control Point,Dibrugarh Alluvial Lowland Plains,27.5,94.92,None (Stable Alluvium),None (Stable),Stable Topography Control,2017-07-03,0,0,,,0.1,102.0,0.0,180.0,0.75,2.9,52.4,52.4,195.9,341.8,341.8,0.05,52.4,1,2017,7,184,1
CTRL/NER/2021/0018,Assam,Dibrugarh Alluvial,Dibrugarh Alluvial Stable Control Point,Dibrugarh Alluvial Lowland Plains,27.46,94.92,None (Stable Alluvium),None (Stable),Stable Topography Control,2021-04-28,0,0,,,0.1,107.0,1.27,336.1,0.0,0.0,0.0,0.0,4.9,16.6,16.6,0.05,0.0,1,2021,4,118,0
CTRL/NER/2024/0019,Assam,Dibrugarh Alluvial,Dibrugarh Alluvial Stable Control Point,Dibrugarh Alluvial Lowland Plains,27.48,94.94,None (Stable Alluvium),None (Stable),Stable Topography Control,2024-07-05,0,0,,,0.1,107.0,0.52,270.0,0.05,4.8,38.3,38.3,99.8,406.3,406.3,0.05,38.3,1,2024,7,187,1
CTRL/NER/2024/0020,Assam,Dibrugarh Alluvial,Dibrugarh Alluvial Stable Control Point,Dibrugarh Alluvial Lowland Plains,27.48,94.9,None (Stable Alluvium),None (Stable),Stable Topography Control,2024-05-24,0,0,,,0.1,105.0,0.39,41.6,0.0,0.0,5.2,5.2,7.0,37.4,37.4,0.05,5.2,1,2024,5,145,0
CTRL/NER/2022/0021,Assam,Silchar Floodplain,Silchar Floodplain Stable Control Point,Silchar Floodplain Lowland Plains,24.82,92.8,None (Stable Alluvium),None (Stable),Stable Topography Control,2022-05-15,0,0,,,0.1,23.0,1.44,10.3,1.4,3.6,14.3,14.3,88.5,236.7,236.7,0.05,14.3,1,2022,5,135,0
CTRL/NER/2022/0022,Assam,Silchar Floodplain,Silchar Floodplain Stable Control Point,Silchar Floodplain Lowland Plains,24.84,92.8,None (Stable Alluvium),None (Stable),Stable Topography Control,2022-05-14,0,0,,,0.1,13.0,4.6,222.2,0.1,0.3,40.6,40.6,148.3,222.4,222.4,0.05,40.6,1,2022,5,134,0
CTRL/NER/2014/0023,Assam,Silchar Floodplain,Silchar Floodplain Stable Control Point,Silchar Floodplain Lowland Plains,24.8,92.8,None (Stable Alluvium),None (Stable),Stable Topography Control,2014-09-22,0,0,,,0.1,24.0,0.38,42.2,0.05,0.2,2.8,2.8,14.1,61.6,61.6,0.05,2.8,1,2014,9,265,1
CTRL/NER/2014/0024,Assam,Silchar Floodplain,Silchar Floodplain Stable Control Point,Silchar Floodplain Lowland Plains,24.82,92.82,None (Stable Alluvium),None (Stable),Stable Topography Control,2014-09-23,0,0,,,0.1,20.0,0.28,0.0,0.55,2.9,29.5,29.5,35.3,79.1,79.1,0.05,29.5,1,2014,9,266,1
CTRL/NER/2014/0025,Assam,Silchar Floodplain,Silchar Floodplain Stable Control Point,Silchar Floodplain Lowland Plains,24.82,92.78,None (Stable Alluvium),None (Stable),Stable Topography Control,2014-09-25,0,0,,,0.1,17.0,0.82,290.2,0.15,0.5,8.9,8.9,44.9,85.7,85.7,0.05,8.9,1,2014,9,268,1
CTRL/NER/2016/0026,Manipur,Imphal Valley Basin,Imphal Valley Basin Stable Control Point,Imphal Valley Basin Lowland Plains,24.81,93.94,None (Stable Alluvium),None (Stable),Stable Topography Control,2016-05-22,0,0,,,0.1,779.0,1.14,0.0,0.0,0.0,21.6,21.6,151.2,160.6,160.6,0.05,21.6,1,2016,5,143,0
CTRL/NER/2016/0027,Manipur,Imphal Valley Basin,Imphal Valley Basin Stable Control Point,Imphal Valley Basin Lowland Plains,24.83,93.94,None (Stable Alluvium),None (Stable),Stable Topography Control,2016-06-22,0,0,,,0.1,784.0,2.94,61.1,0.2,0.9,1.3,1.3,1.9,89.0,89.0,0.05,1.3,1,2016,6,174,1
CTRL/NER/2022/0028,Manipur,Imphal Valley Basin,Imphal Valley Basin Stable Control Point,Imphal Valley Basin Lowland Plains,24.79,93.94,None (Stable Alluvium),None (Stable),Stable Topography Control,2022-05-13,0,0,,,0.1,779.0,0.38,222.2,0.0,0.1,7.2,7.2,25.8,39.6,39.6,0.05,7.2,1,2022,5,133,0
CTRL/NER/2016/0029,Manipur,Imphal Valley Basin,Imphal Valley Basin Stable Control Point,Imphal Valley Basin Lowland Plains,24.81,93.96,None (Stable Alluvium),None (Stable),Stable Topography Control,2016-05-27,0,0,,,0.1,780.0,0.82,69.8,0.0,0.0,2.3,2.3,9.6,169.8,169.8,0.05,2.3,1,2016,5,148,0
CTRL/NER/2014/0030,Manipur,Imphal Valley Basin,Imphal Valley Basin Stable Control Point,Imphal Valley Basin Lowland Plains,24.81,93.92,None (Stable Alluvium),None (Stable),Stable Topography Control,2014-08-20,0,0,,,0.1,778.0,0.77,222.2,0.0,0.0,2.0,2.0,5.2,61.6,61.6,0.05,2.0,1,2014,8,232,1
CTRL/NER/2016/0031,Tripura,Agartala Lowland,Agartala Lowland Stable Control Point,Agartala Lowland Lowland Plains,23.83,91.28,None (Stable Alluvium),None (Stable),Stable Topography Control,2016-07-20,0,0,,,0.1,12.0,1.57,280.3,0.0,0.0,14.8,14.8,59.6,124.2,124.2,0.05,14.8,1,2016,7,202,1
CTRL/NER/2019/0032,Tripura,Agartala Lowland,Agartala Lowland Stable Control Point,Agartala Lowland Lowland Plains,23.85,91.28,None (Stable Alluvium),None (Stable),Stable Topography Control,2019-07-10,0,0,,,0.1,18.0,2.97,31.4,0.0,0.0,21.7,21.7,78.5,113.9,113.9,0.05,21.7,1,2019,7,191,1
CTRL/NER/2019/0033,Tripura,Agartala Lowland,Agartala Lowland Stable Control Point,Agartala Lowland Lowland Plains,23.81,91.28,None (Stable Alluvium),None (Stable),Stable Topography Control,2019-07-16,0,0,,,0.1,13.0,2.04,345.4,0.0,0.0,1.3,1.3,32.3,121.7,121.7,0.05,1.3,1,2019,7,197,1
CTRL/NER/2016/0034,Tripura,Agartala Lowland,Agartala Lowland Stable Control Point,Agartala Lowland Lowland Plains,23.83,91.3,None (Stable Alluvium),None (Stable),Stable Topography Control,2016-07-14,0,0,,,0.1,22.0,4.38,224.9,0.0,0.0,0.2,0.2,11.6,19.4,19.4,0.05,0.2,1,2016,7,196,1
CTRL/NER/2014/0035,Tripura,Agartala Lowland,Agartala Lowland Stable Control Point,Agartala Lowland Lowland Plains,23.83,91.26,None (Stable Alluvium),None (Stable),Stable Topography Control,2014-06-27,0,0,,,0.1,11.0,0.62,204.6,0.0,0.0,3.8,3.8,28.1,169.3,169.3,0.05,3.8,1,2014,6,178,1
CTRL/NER/2016/0036,Tripura,Khowai Plain,Khowai Plain Stable Control Point,Khowai Plain Lowland Plains,24.06,91.6,None (Stable Alluvium),None (Stable),Stable Topography Control,2016-04-18,0,0,,,0.1,31.0,1.7,180.0,0.0,0.0,8.6,8.6,58.7,86.4,86.4,0.05,8.6,1,2016,4,109,0
CTRL/NER/2017/0037,Tripura,Khowai Plain,Khowai Plain Stable Control Point,Khowai Plain Lowland Plains,24.08,91.6,None (Stable Alluvium),None (Stable),Stable Topography Control,2017-05-20,0,0,,,0.1,28.0,0.38,317.6,0.0,0.0,3.0,3.0,32.3,142.3,142.3,0.05,3.0,1,2017,5,140,0
CTRL/NER/2017/0038,Tripura,Khowai Plain,Khowai Plain Stable Control Point,Khowai Plain Lowland Plains,24.04,91.6,None (Stable Alluvium),None (Stable),Stable Topography Control,2017-06-03,0,0,,,0.1,27.0,0.96,306.1,0.0,2.1,6.2,6.2,23.2,126.2,126.2,0.05,6.2,1,2017,6,154,1
CTRL/NER/2018/0039,Tripura,Khowai Plain,Khowai Plain Stable Control Point,Khowai Plain Lowland Plains,24.06,91.62,None (Stable Alluvium),None (Stable),Stable Topography Control,2018-08-31,0,0,,,0.1,33.0,0.62,204.5,0.0,0.0,3.7,3.7,8.1,40.8,40.8,0.05,3.7,1,2018,8,243,1
CTRL/NER/2015/0040,Tripura,Khowai Plain,Khowai Plain Stable Control Point,Khowai Plain Lowland Plains,24.06,91.58,None (Stable Alluvium),None (Stable),Stable Topography Control,2015-09-01,0,0,,,0.1,33.0,2.04,194.6,0.7,3.1,41.2,41.2,54.2,70.2,70.2,0.05,41.2,1,2015,9,244,1
CTRL/NER/2020/0041,Nagaland,Dimapur Plain,Dimapur Plain Stable Control Point,Dimapur Plain Lowland Plains,25.9,93.73,None (Stable Alluvium),None (Stable),Stable Topography Control,2020-06-28,0,0,,,0.1,147.0,3.16,355.3,0.0,0.0,31.9,31.9,65.7,82.8,82.8,0.05,31.9,1,2020,6,180,1
CTRL/NER/2020/0042,Nagaland,Dimapur Plain,Dimapur Plain Stable Control Point,Dimapur Plain Lowland Plains,25.92,93.73,None (Stable Alluvium),None (Stable),Stable Topography Control,2020-07-12,0,0,,,0.1,145.0,1.55,236.3,0.0,0.0,15.9,15.9,28.3,47.1,47.1,0.05,15.9,1,2020,7,194,1
CTRL/NER/2020/0043,Nagaland,Dimapur Plain,Dimapur Plain Stable Control Point,Dimapur Plain Lowland Plains,25.88,93.73,None (Stable Alluvium),None (Stable),Stable Topography Control,2020-06-26,0,0,,,0.1,150.0,1.32,102.5,0.0,0.8,10.7,10.7,24.4,40.6,40.6,0.05,10.7,1,2020,6,178,1
CTRL/NER/2022/0044,Nagaland,Dimapur Plain,Dimapur Plain Stable Control Point,Dimapur Plain Lowland Plains,25.9,93.75,None (Stable Alluvium),None (Stable),Stable Topography Control,2022-06-16,0,0,,,0.1,141.0,2.91,190.2,1.0,6.9,44.4,44.4,67.5,124.3,124.3,0.05,44.4,1,2022,6,167,1
CTRL/NER/2022/0045,Nagaland,Dimapur Plain,Dimapur Plain Stable Control Point,Dimapur Plain Lowland Plains,25.9,93.71,None (Stable Alluvium),None (Stable),Stable Topography Control,2022-06-17,0,0,,,0.1,156.0,1.38,326.0,0.05,0.1,63.6,63.6,125.6,182.5,182.5,0.05,63.6,1,2022,6,168,1
CTRL/NER/2022/0046,Assam,Kamrup Plains,Kamrup Plains Stable Control Point,Kamrup Plains Lowland Plains,26.2,91.6,None (Stable Alluvium),None (Stable),Stable Topography Control,2022-05-16,0,0,,,0.1,42.0,0.86,0.0,0.5,4.1,25.5,25.5,183.8,251.1,251.1,0.05,25.5,1,2022,5,136,0
CTRL/NER/2014/0047,Assam,Kamrup Plains,Kamrup Plains Stable Control Point,Kamrup Plains Lowland Plains,26.22,91.6,None (Stable Alluvium),None (Stable),Stable Topography Control,2014-05-10,0,0,,,0.1,47.0,1.55,138.1,0.05,0.1,0.1,0.1,36.5,148.6,148.6,0.05,0.1,1,2014,5,130,0
CTRL/NER/2025/0048,Assam,Kamrup Plains,Kamrup Plains Stable Control Point,Kamrup Plains Lowland Plains,26.18,91.6,None (Stable Alluvium),None (Stable),Stable Topography Control,2025-05-31,0,0,,,0.1,42.0,0.0,180.0,1.7,5.0,7.8,7.8,152.6,215.2,215.2,0.05,7.8,1,2025,5,151,0
CTRL/NER/2025/0049,Assam,Kamrup Plains,Kamrup Plains Stable Control Point,Kamrup Plains Lowland Plains,26.2,91.62,None (Stable Alluvium),None (Stable),Stable Topography Control,2025-06-06,0,0,,,0.1,42.0,0.0,180.0,0.0,0.0,11.6,11.6,32.8,157.2,157.2,0.05,11.6,1,2025,6,157,1
CTRL/NER/2025/0050,Assam,Kamrup Plains,Kamrup Plains Stable Control Point,Kamrup Plains Lowland Plains,26.2,91.58,None (Stable Alluvium),None (Stable),Stable Topography Control,2025-06-04,0,0,,,0.1,48.0,0.29,0.0,0.85,4.8,11.0,11.0,14.4,172.6,172.6,0.05,11.0,1,2025,6,155,1
CTRL/NER/2014/0051,Assam,Nagaon Basin,Nagaon Basin Stable Control Point,Nagaon Basin Lowland Plains,26.35,92.68,None (Stable Alluvium),None (Stable),Stable Topography Control,2014-07-17,0,0,,,0.1,65.0,3.06,19.7,0.0,0.0,2.5,2.5,51.6,120.2,120.2,0.05,2.5,1,2014,7,198,1
CTRL/NER/2025/0052,Assam,Nagaon Basin,Nagaon Basin Stable Control Point,Nagaon Basin Lowland Plains,26.37,92.68,None (Stable Alluvium),None (Stable),Stable Topography Control,2025-11-02,0,0,,,0.1,60.0,0.39,138.1,0.0,0.0,1.7,1.7,22.9,26.6,26.6,0.05,1.7,1,2025,11,306,0
CTRL/NER/2008/0053,Assam,Nagaon Basin,Nagaon Basin Stable Control Point,Nagaon Basin Lowland Plains,26.33,92.68,None (Stable Alluvium),None (Stable),Stable Topography Control,2008-12-26,0,0,,,0.1,64.0,0.0,180.0,0.1,0.2,1.0,1.0,1.0,1.0,1.0,0.05,1.0,1,2008,12,361,0
CTRL/NER/2025/0054,Assam,Nagaon Basin,Nagaon Basin Stable Control Point,Nagaon Basin Lowland Plains,26.35,92.7,None (Stable Alluvium),None (Stable),Stable Topography Control,2025-07-05,0,0,,,0.1,64.0,0.83,110.4,1.4,3.1,29.0,29.0,53.9,126.7,126.7,0.05,29.0,1,2025,7,186,1
CTRL/NER/2025/0055,Assam,Nagaon Basin,Nagaon Basin Stable Control Point,Nagaon Basin Lowland Plains,26.35,92.66,None (Stable Alluvium),None (Stable),Stable Topography Control,2025-06-05,0,0,,,0.1,61.0,0.77,90.0,0.05,0.5,15.2,15.2,26.9,170.8,170.8,0.05,15.2,1,2025,6,156,1
CTRL/NER/2014/0056,Assam,Barpeta Plain,Barpeta Plain Stable Control Point,Barpeta Plain Lowland Plains,26.32,91.0,None (Stable Alluvium),None (Stable),Stable Topography Control,2014-07-18,0,0,,,0.1,41.0,1.41,246.0,0.0,0.1,13.2,13.2,66.0,150.0,150.0,0.05,13.2,1,2014,7,199,1
CTRL/NER/2024/0057,Assam,Barpeta Plain,Barpeta Plain Stable Control Point,Barpeta Plain Lowland Plains,26.34,91.0,None (Stable Alluvium),None (Stable),Stable Topography Control,2024-08-08,0,0,,,0.1,42.0,1.26,204.1,0.0,0.0,20.5,20.5,69.4,279.8,279.8,0.05,20.5,1,2024,8,221,1
CTRL/NER/2020/0058,Assam,Barpeta Plain,Barpeta Plain Stable Control Point,Barpeta Plain Lowland Plains,26.3,91.0,None (Stable Alluvium),None (Stable),Stable Topography Control,2020-06-25,0,0,,,0.1,42.0,0.39,41.9,7.4,54.1,107.5,107.5,121.6,211.4,211.4,0.05,107.5,1,2020,6,177,1
CTRL/NER/2016/0059,Assam,Barpeta Plain,Barpeta Plain Stable Control Point,Barpeta Plain Lowland Plains,26.32,91.02,None (Stable Alluvium),None (Stable),Stable Topography Control,2016-07-16,0,0,,,0.1,40.0,0.59,240.8,0.45,2.8,45.7,45.7,68.1,244.6,244.6,0.05,45.7,1,2016,7,198,1
CTRL/NER/2016/0060,Assam,Barpeta Plain,Barpeta Plain Stable Control Point,Barpeta Plain Lowland Plains,26.32,90.98,None (Stable Alluvium),None (Stable),Stable Topography Control,2016-07-17,0,0,,,0.1,41.0,1.55,56.2,0.2,0.9,9.9,9.9,64.4,206.4,206.4,0.05,9.9,1,2016,7,199,1
CTRL/NER/2016/0061,Assam,Dibrugarh Alluvial,Dibrugarh Alluvial Stable Control Point,Dibrugarh Alluvial Lowland Plains,27.48,94.92,None (Stable Alluvium),None (Stable),Stable Topography Control,2016-04-22,0,0,,,0.1,105.0,0.83,249.4,0.6,4.3,23.6,23.6,122.4,181.3,181.3,0.05,23.6,1,2016,4,113,0
CTRL/NER/2016/0062,Assam,Dibrugarh Alluvial,Dibrugarh Alluvial Stable Control Point,Dibrugarh Alluvial Lowland Plains,27.5,94.92,None (Stable Alluvium),None (Stable),Stable Topography Control,2016-04-23,0,0,,,0.1,102.0,0.0,180.0,1.4,7.5,19.1,19.1,107.5,178.0,178.0,0.05,19.1,1,2016,4,114,0
CTRL/NER/2024/0063,Assam,Dibrugarh Alluvial,Dibrugarh Alluvial Stable Control Point,Dibrugarh Alluvial Lowland Plains,27.46,94.92,None (Stable Alluvium),None (Stable),Stable Topography Control,2024-04-24,0,0,,,0.1,107.0,1.27,336.1,0.3,7.5,61.6,61.6,90.1,159.2,159.2,0.05,61.6,1,2024,4,115,0
CTRL/NER/2026/0064,Assam,Dibrugarh Alluvial,Dibrugarh Alluvial Stable Control Point,Dibrugarh Alluvial Lowland Plains,27.48,94.94,None (Stable Alluvium),None (Stable),Stable Topography Control,2026-03-16,0,0,,,0.1,107.0,0.52,270.0,0.0,0.0,64.5,64.5,225.2,259.9,259.9,0.05,64.5,1,2026,3,75,0
CTRL/NER/2026/0065,Assam,Dibrugarh Alluvial,Dibrugarh Alluvial Stable Control Point,Dibrugarh Alluvial Lowland Plains,27.48,94.9,None (Stable Alluvium),None (Stable),Stable Topography Control,2026-06-28,0,0,,,0.1,105.0,0.39,41.6,0.65,5.2,57.7,57.7,108.8,168.0,168.0,0.05,57.7,1,2026,6,179,1
CTRL/NER/2007/0066,Assam,Silchar Floodplain,Silchar Floodplain Stable Control Point,Silchar Floodplain Lowland Plains,24.82,92.8,None (Stable Alluvium),None (Stable),Stable Topography Control,2007-09-07,0,0,,,0.1,23.0,1.44,10.3,0.65,3.7,50.3,50.3,107.2,162.7,162.7,0.05,50.3,1,2007,9,250,1
CTRL/NER/2010/0067,Assam,Silchar Floodplain,Silchar Floodplain Stable Control Point,Silchar Floodplain Lowland Plains,24.84,92.8,None (Stable Alluvium),None (Stable),Stable Topography Control,2010-06-10,0,0,,,0.1,13.0,4.6,222.2,0.4,1.5,12.2,12.2,93.5,200.8,200.8,0.05,12.2,1,2010,6,161,1
CTRL/NER/2018/0068,Assam,Silchar Floodplain,Silchar Floodplain Stable Control Point,Silchar Floodplain Lowland Plains,24.8,92.8,None (Stable Alluvium),None (Stable),Stable Topography Control,2018-08-02,0,0,,,0.1,24.0,0.38,42.2,0.0,0.1,7.6,7.6,45.0,93.5,93.5,0.05,7.6,1,2018,8,214,1
CTRL/NER/2007/0069,Assam,Silchar Floodplain,Silchar Floodplain Stable Control Point,Silchar Floodplain Lowland Plains,24.82,92.82,None (Stable Alluvium),None (Stable),Stable Topography Control,2007-06-16,0,0,,,0.1,20.0,0.28,0.0,0.75,5.4,92.3,92.3,134.5,285.0,285.0,0.05,92.3,1,2007,6,167,1
CTRL/NER/2007/0070,Assam,Silchar Floodplain,Silchar Floodplain Stable Control Point,Silchar Floodplain Lowland Plains,24.82,92.78,None (Stable Alluvium),None (Stable),Stable Topography Control,2007-09-10,0,0,,,0.1,17.0,0.82,290.2,0.15,1.6,10.8,10.8,111.1,243.0,243.0,0.05,10.8,1,2007,9,253,1
CTRL/NER/2008/0071,Manipur,Imphal Valley Basin,Imphal Valley Basin Stable Control Point,Imphal Valley Basin Lowland Plains,24.81,93.94,None (Stable Alluvium),None (Stable),Stable Topography Control,2008-07-01,0,0,,,0.1,779.0,1.14,0.0,0.0,0.0,2.7,2.7,39.3,132.0,132.0,0.05,2.7,1,2008,7,183,1
CTRL/NER/2007/0072,Manipur,Imphal Valley Basin,Imphal Valley Basin Stable Control Point,Imphal Valley Basin Lowland Plains,24.83,93.94,None (Stable Alluvium),None (Stable),Stable Topography Control,2007-09-12,0,0,,,0.1,784.0,2.94,61.1,0.0,0.0,3.8,3.8,7.4,137.1,137.1,0.05,3.8,1,2007,9,255,1
CTRL/NER/2008/0073,Manipur,Imphal Valley Basin,Imphal Valley Basin Stable Control Point,Imphal Valley Basin Lowland Plains,24.79,93.94,None (Stable Alluvium),None (Stable),Stable Topography Control,2008-06-19,0,0,,,0.1,779.0,0.38,222.2,0.0,0.0,5.8,5.8,35.5,76.7,76.7,0.05,5.8,1,2008,6,171,1
CTRL/NER/2010/0074,Manipur,Imphal Valley Basin,Imphal Valley Basin Stable Control Point,Imphal Valley Basin Lowland Plains,24.81,93.96,None (Stable Alluvium),None (Stable),Stable Topography Control,2010-06-05,0,0,,,0.1,780.0,0.82,69.8,0.2,1.7,7.8,7.8,15.4,41.6,41.6,0.05,7.8,1,2010,6,156,1
CTRL/NER/2018/0075,Manipur,Imphal Valley Basin,Imphal Valley Basin Stable Control Point,Imphal Valley Basin Lowland Plains,24.81,93.92,None (Stable Alluvium),None (Stable),Stable Topography Control,2018-06-06,0,0,,,0.1,778.0,0.77,222.2,0.0,0.0,1.6,1.6,9.1,42.6,42.6,0.05,1.6,1,2018,6,157,1
CTRL/NER/2018/0076,Tripura,Agartala Lowland,Agartala Lowland Stable Control Point,Agartala Lowland Lowland Plains,23.83,91.28,None (Stable Alluvium),None (Stable),Stable Topography Control,2018-06-12,0,0,,,0.1,12.0,1.57,280.3,0.15,1.0,45.7,45.7,74.5,105.8,105.8,0.05,45.7,1,2018,6,163,1
CTRL/NER/2018/0077,Tripura,Agartala Lowland,Agartala Lowland Stable Control Point,Agartala Lowland Lowland Plains,23.85,91.28,None (Stable Alluvium),None (Stable),Stable Topography Control,2018-06-22,0,0,,,0.1,18.0,2.97,31.4,0.0,0.0,2.3,2.3,7.9,39.1,39.1,0.05,2.3,1,2018,6,173,1
CTRL/NER/2018/0078,Tripura,Agartala Lowland,Agartala Lowland Stable Control Point,Agartala Lowland Lowland Plains,23.81,91.28,None (Stable Alluvium),None (Stable),Stable Topography Control,2018-05-03,0,0,,,0.1,13.0,2.04,345.4,0.0,0.0,5.2,5.2,19.8,90.4,90.4,0.05,5.2,1,2018,5,123,0
CTRL/NER/2007/0079,Tripura,Agartala Lowland,Agartala Lowland Stable Control Point,Agartala Lowland Lowland Plains,23.83,91.3,None (Stable Alluvium),None (Stable),Stable Topography Control,2007-08-24,0,0,,,0.1,22.0,4.38,224.9,0.0,0.0,2.2,2.2,16.0,31.2,31.2,0.05,2.2,1,2007,8,236,1
CTRL/NER/2007/0080,Tripura,Agartala Lowland,Agartala Lowland Stable Control Point,Agartala Lowland Lowland Plains,23.83,91.26,None (Stable Alluvium),None (Stable),Stable Topography Control,2007-08-28,0,0,,,0.1,11.0,0.62,204.6,0.0,0.1,3.3,3.3,12.4,37.6,37.6,0.05,3.3,1,2007,8,240,1
CTRL/NER/2018/0081,Tripura,Khowai Plain,Khowai Plain Stable Control Point,Khowai Plain Lowland Plains,24.06,91.6,None (Stable Alluvium),None (Stable),Stable Topography Control,2018-07-11,0,0,,,0.1,31.0,1.7,180.0,0.0,0.0,3.1,3.1,12.3,31.1,31.1,0.05,3.1,1,2018,7,192,1
CTRL/NER/2007/0082,Tripura,Khowai Plain,Khowai Plain Stable Control Point,Khowai Plain Lowland Plains,24.08,91.6,None (Stable Alluvium),None (Stable),Stable Topography Control,2007-09-09,0,0,,,0.1,28.0,0.38,317.6,0.2,1.1,15.3,15.3,100.1,164.3,164.3,0.05,15.3,1,2007,9,252,1
CTRL/NER/2024/0083,Tripura,Khowai Plain,Khowai Plain Stable Control Point,Khowai Plain Lowland Plains,24.04,91.6,None (Stable Alluvium),None (Stable),Stable Topography Control,2024-07-29,0,0,,,0.1,27.0,0.96,306.1,0.0,0.0,2.4,2.4,14.8,37.1,37.1,0.05,2.4,1,2024,7,211,1
CTRL/NER/2011/0084,Tripura,Khowai Plain,Khowai Plain Stable Control Point,Khowai Plain Lowland Plains,24.06,91.62,None (Stable Alluvium),None (Stable),Stable Topography Control,2011-05-31,0,0,,,0.1,33.0,0.62,204.5,0.0,0.0,6.9,6.9,31.1,100.9,100.9,0.05,6.9,1,2011,5,151,0
CTRL/NER/2011/0085,Tripura,Khowai Plain,Khowai Plain Stable Control Point,Khowai Plain Lowland Plains,24.06,91.58,None (Stable Alluvium),None (Stable),Stable Topography Control,2011-07-06,0,0,,,0.1,33.0,2.04,194.6,0.0,0.0,2.2,2.2,6.7,128.8,128.8,0.05,2.2,1,2011,7,187,1
CTRL/NER/2011/0086,Nagaland,Dimapur Plain,Dimapur Plain Stable Control Point,Dimapur Plain Lowland Plains,25.9,93.73,None (Stable Alluvium),None (Stable),Stable Topography Control,2011-06-26,0,0,,,0.1,147.0,3.16,355.3,0.0,0.0,21.5,21.5,28.9,49.9,49.9,0.05,21.5,1,2011,6,177,1
CTRL/NER/2010/0087,Nagaland,Dimapur Plain,Dimapur Plain Stable Control Point,Dimapur Plain Lowland Plains,25.92,93.73,None (Stable Alluvium),None (Stable),Stable Topography Control,2010-06-08,0,0,,,0.1,145.0,1.55,236.3,1.5,5.2,7.5,7.5,68.9,284.0,284.0,0.05,7.5,1,2010,6,159,1
CTRL/NER/2010/0088,Nagaland,Dimapur Plain,Dimapur Plain Stable Control Point,Dimapur Plain Lowland Plains,25.88,93.73,None (Stable Alluvium),None (Stable),Stable Topography Control,2010-03-28,0,0,,,0.1,150.0,1.32,102.5,0.15,7.1,24.5,24.5,24.9,24.9,24.9,0.05,24.5,1,2010,3,87,0
CTRL/NER/2015/0089,Nagaland,Dimapur Plain,Dimapur Plain Stable Control Point,Dimapur Plain Lowland Plains,25.9,93.75,None (Stable Alluvium),None (Stable),Stable Topography Control,2015-07-30,0,0,,,0.1,141.0,2.91,190.2,0.05,1.1,1.5,1.5,6.9,67.3,67.3,0.05,1.5,1,2015,7,211,1
CTRL/NER/2018/0090,Nagaland,Dimapur Plain,Dimapur Plain Stable Control Point,Dimapur Plain Lowland Plains,25.9,93.71,None (Stable Alluvium),None (Stable),Stable Topography Control,2018-05-07,0,0,,,0.1,156.0,1.38,326.0,0.4,7.0,64.4,64.4,96.0,132.4,132.4,0.05,64.4,1,2018,5,127,0
CTRL/NER/2007/0091,Assam,Kamrup Plains,Kamrup Plains Stable Control Point,Kamrup Plains Lowland Plains,26.2,91.6,None (Stable Alluvium),None (Stable),Stable Topography Control,2007-07-31,0,0,,,0.1,42.0,0.86,0.0,0.25,1.6,31.3,31.3,57.4,186.2,186.2,0.05,31.3,1,2007,7,212,1
CTRL/NER/2008/0092,Assam,Kamrup Plains,Kamrup Plains Stable Control Point,Kamrup Plains Lowland Plains,26.22,91.6,None (Stable Alluvium),None (Stable),Stable Topography Control,2008-08-12,0,0,,,0.1,47.0,1.55,138.1,0.2,2.0,52.4,52.4,159.3,246.2,246.2,0.05,52.4,1,2008,8,225,1
CTRL/NER/2008/0093,Assam,Kamrup Plains,Kamrup Plains Stable Control Point,Kamrup Plains Lowland Plains,26.18,91.6,None (Stable Alluvium),None (Stable),Stable Topography Control,2008-08-10,0,0,,,0.1,42.0,0.0,180.0,1.45,5.2,36.7,36.7,93.3,170.5,170.5,0.05,36.7,1,2008,8,223,1
CTRL/NER/2022/0094,Assam,Kamrup Plains,Kamrup Plains Stable Control Point,Kamrup Plains Lowland Plains,26.2,91.62,None (Stable Alluvium),None (Stable),Stable Topography Control,2022-04-04,0,0,,,0.1,42.0,0.0,180.0,0.05,0.1,6.9,6.9,46.1,109.4,109.4,0.05,6.9,1,2022,4,94,0
CTRL/NER/2009/0095,Assam,Kamrup Plains,Kamrup Plains Stable Control Point,Kamrup Plains Lowland Plains,26.2,91.58,None (Stable Alluvium),None (Stable),Stable Topography Control,2009-06-29,0,0,,,0.1,48.0,0.29,0.0,0.0,0.2,7.8,7.8,25.3,79.8,79.8,0.05,7.8,1,2009,6,180,1
CTRL/NER/2013/0096,Assam,Nagaon Basin,Nagaon Basin Stable Control Point,Nagaon Basin Lowland Plains,26.35,92.68,None (Stable Alluvium),None (Stable),Stable Topography Control,2013-08-06,0,0,,,0.1,65.0,3.06,19.7,1.4,4.8,20.3,20.3,58.3,106.4,106.4,0.05,20.3,1,2013,8,218,1
CTRL/NER/2007/0097,Assam,Nagaon Basin,Nagaon Basin Stable Control Point,Nagaon Basin Lowland Plains,26.37,92.68,None (Stable Alluvium),None (Stable),Stable Topography Control,2007-07-19,0,0,,,0.1,60.0,0.39,138.1,0.25,1.6,28.1,28.1,123.0,160.9,160.9,0.05,28.1,1,2007,7,200,1
CTRL/NER/2007/0098,Assam,Nagaon Basin,Nagaon Basin Stable Control Point,Nagaon Basin Lowland Plains,26.33,92.68,None (Stable Alluvium),None (Stable),Stable Topography Control,2007-08-18,0,0,,,0.1,64.0,0.0,180.0,0.3,1.0,4.3,4.3,34.1,93.3,93.3,0.05,4.3,1,2007,8,230,1
CTRL/NER/2009/0099,Assam,Nagaon Basin,Nagaon Basin Stable Control Point,Nagaon Basin Lowland Plains,26.35,92.7,None (Stable Alluvium),None (Stable),Stable Topography Control,2009-07-17,0,0,,,0.1,64.0,0.83,110.4,2.85,11.5,14.1,14.1,27.2,75.5,75.5,0.05,14.1,1,2009,7,198,1
CTRL/NER/2007/0100,Assam,Nagaon Basin,Nagaon Basin Stable Control Point,Nagaon Basin Lowland Plains,26.35,92.66,None (Stable Alluvium),None (Stable),Stable Topography Control,2007-07-17,0,0,,,0.1,61.0,0.77,90.0,0.95,6.5,49.3,49.3,60.7,113.5,113.5,0.05,49.3,1,2007,7,198,1
CTRL/NER/2007/0101,Assam,Barpeta Plain,Barpeta Plain Stable Control Point,Barpeta Plain Lowland Plains,26.32,91.0,None (Stable Alluvium),None (Stable),Stable Topography Control,2007-07-25,0,0,,,0.1,41.0,1.41,246.0,1.6,7.1,42.2,42.2,65.4,137.3,137.3,0.05,42.2,1,2007,7,206,1
CTRL/NER/2007/0102,Assam,Barpeta Plain,Barpeta Plain Stable Control Point,Barpeta Plain Lowland Plains,26.34,91.0,None (Stable Alluvium),None (Stable),Stable Topography Control,2007-07-27,0,0,,,0.1,42.0,1.26,204.1,0.5,7.5,45.1,45.1,132.0,208.2,208.2,0.05,45.1,1,2007,7,208,1
CTRL/NER/2009/0103,Assam,Barpeta Plain,Barpeta Plain Stable Control Point,Barpeta Plain Lowland Plains,26.3,91.0,None (Stable Alluvium),None (Stable),Stable Topography Control,2009-07-01,0,0,,,0.1,42.0,0.39,41.9,0.2,1.4,19.9,19.9,57.6,110.9,110.9,0.05,19.9,1,2009,7,182,1
CTRL/NER/2007/0104,Assam,Barpeta Plain,Barpeta Plain Stable Control Point,Barpeta Plain Lowland Plains,26.32,91.02,None (Stable Alluvium),None (Stable),Stable Topography Control,2007-09-08,0,0,,,0.1,40.0,0.59,240.8,1.1,6.0,17.1,17.1,116.7,198.3,198.3,0.05,17.1,1,2007,9,251,1
CTRL/NER/2024/0105,Assam,Barpeta Plain,Barpeta Plain Stable Control Point,Barpeta Plain Lowland Plains,26.32,90.98,None (Stable Alluvium),None (Stable),Stable Topography Control,2024-05-27,0,0,,,0.1,41.0,1.55,56.2,1.5,11.7,41.7,41.7,42.4,82.5,82.5,0.05,41.7,1,2024,5,148,0
CTRL/NER/2017/0106,Assam,Dibrugarh Alluvial,Dibrugarh Alluvial Stable Control Point,Dibrugarh Alluvial Lowland Plains,27.48,94.92,None (Stable Alluvium),None (Stable),Stable Topography Control,2017-06-17,0,0,,,0.1,105.0,0.83,249.4,1.75,7.1,81.4,81.4,105.2,182.3,182.3,0.05,81.4,1,2017,6,168,1
CTRL/NER/2007/0107,Assam,Dibrugarh Alluvial,Dibrugarh Alluvial Stable Control Point,Dibrugarh Alluvial Lowland Plains,27.5,94.92,None (Stable Alluvium),None (Stable),Stable Topography Control,2007-09-15,0,0,,,0.1,102.0,0.0,180.0,0.35,1.0,14.9,14.9,38.8,114.1,114.1,0.05,14.9,1,2007,9,258,1
CTRL/NER/2014/0108,Assam,Dibrugarh Alluvial,Dibrugarh Alluvial Stable Control Point,Dibrugarh Alluvial Lowland Plains,27.46,94.92,None (Stable Alluvium),None (Stable),Stable Topography Control,2014-09-20,0,0,,,0.1,107.0,1.27,336.1,2.95,16.9,46.5,46.5,98.4,104.1,104.1,0.05,46.5,1,2014,9,263,1
CTRL/NER/2020/0109,Assam,Dibrugarh Alluvial,Dibrugarh Alluvial Stable Control Point,Dibrugarh Alluvial Lowland Plains,27.48,94.94,None (Stable Alluvium),None (Stable),Stable Topography Control,2020-05-25,0,0,,,0.1,107.0,0.52,270.0,3.2,16.0,101.6,101.6,155.4,180.9,180.9,0.05,101.6,1,2020,5,146,0
CTRL/NER/2020/0110,Assam,Dibrugarh Alluvial,Dibrugarh Alluvial Stable Control Point,Dibrugarh Alluvial Lowland Plains,27.48,94.9,None (Stable Alluvium),None (Stable),Stable Topography Control,2020-05-26,0,0,,,0.1,105.0,0.39,41.6,0.4,1.2,87.3,87.3,225.3,268.1,268.1,0.05,87.3,1,2020,5,147,0
CTRL/NER/2024/0111,Assam,Silchar Floodplain,Silchar Floodplain Stable Control Point,Silchar Floodplain Lowland Plains,24.82,92.8,None (Stable Alluvium),None (Stable),Stable Topography Control,2024-10-04,0,0,,,0.1,23.0,1.44,10.3,0.05,0.2,32.8,32.8,70.4,120.3,120.3,0.05,32.8,1,2024,10,278,0
CTRL/NER/2024/0112,Assam,Silchar Floodplain,Silchar Floodplain Stable Control Point,Silchar Floodplain Lowland Plains,24.84,92.8,None (Stable Alluvium),None (Stable),Stable Topography Control,2024-06-15,0,0,,,0.1,13.0,4.6,222.2,3.45,8.2,39.7,39.7,72.1,209.6,209.6,0.05,39.7,1,2024,6,167,1
CTRL/NER/2024/0113,Assam,Silchar Floodplain,Silchar Floodplain Stable Control Point,Silchar Floodplain Lowland Plains,24.8,92.8,None (Stable Alluvium),None (Stable),Stable Topography Control,2024-06-17,0,0,,,0.1,24.0,0.38,42.2,2.35,5.1,34.4,34.4,98.5,183.4,183.4,0.05,34.4,1,2024,6,169,1
CTRL/NER/2024/0114,Assam,Silchar Floodplain,Silchar Floodplain Stable Control Point,Silchar Floodplain Lowland Plains,24.82,92.82,None (Stable Alluvium),None (Stable),Stable Topography Control,2024-07-06,0,0,,,0.1,20.0,0.28,0.0,0.3,1.1,18.6,18.6,48.6,203.9,203.9,0.05,18.6,1,2024,7,188,1
CTRL/NER/2025/0115,Assam,Silchar Floodplain,Silchar Floodplain Stable Control Point,Silchar Floodplain Lowland Plains,24.82,92.78,None (Stable Alluvium),None (Stable),Stable Topography Control,2025-05-30,0,0,,,0.1,17.0,0.82,290.2,0.15,5.9,92.8,92.8,157.3,248.6,248.6,0.05,92.8,1,2025,5,150,0
CTRL/NER/2010/0116,Manipur,Imphal Valley Basin,Imphal Valley Basin Stable Control Point,Imphal Valley Basin Lowland Plains,24.81,93.94,None (Stable Alluvium),None (Stable),Stable Topography Control,2010-08-27,0,0,,,0.1,779.0,1.14,0.0,0.25,1.1,2.7,2.7,10.3,14.9,14.9,0.05,2.7,1,2010,8,239,1
CTRL/NER/2010/0117,Manipur,Imphal Valley Basin,Imphal Valley Basin Stable Control Point,Imphal Valley Basin Lowland Plains,24.83,93.94,None (Stable Alluvium),None (Stable),Stable Topography Control,2010-06-28,0,0,,,0.1,784.0,2.94,61.1,0.0,0.0,0.9,0.9,13.0,75.5,75.5,0.05,0.9,1,2010,6,179,1
CTRL/NER/2010/0118,Manipur,Imphal Valley Basin,Imphal Valley Basin Stable Control Point,Imphal Valley Basin Lowland Plains,24.79,93.94,None (Stable Alluvium),None (Stable),Stable Topography Control,2010-04-22,0,0,,,0.1,779.0,0.38,222.2,0.0,0.0,0.8,0.8,6.3,29.1,29.1,0.05,0.8,1,2010,4,112,0
CTRL/NER/2019/0119,Manipur,Imphal Valley Basin,Imphal Valley Basin Stable Control Point,Imphal Valley Basin Lowland Plains,24.81,93.96,None (Stable Alluvium),None (Stable),Stable Topography Control,2019-07-07,0,0,,,0.1,780.0,0.82,69.8,0.65,2.5,12.7,12.7,51.0,91.6,91.6,0.05,12.7,1,2019,7,188,1
CTRL/NER/2019/0120,Manipur,Imphal Valley Basin,Imphal Valley Basin Stable Control Point,Imphal Valley Basin Lowland Plains,24.81,93.92,None (Stable Alluvium),None (Stable),Stable Topography Control,2019-06-27,0,0,,,0.1,778.0,0.77,222.2,0.0,0.0,1.2,1.2,3.8,69.5,69.5,0.05,1.2,1,2019,6,178,1
CTRL/NER/2023/0121,Tripura,Agartala Lowland,Agartala Lowland Stable Control Point,Agartala Lowland Lowland Plains,23.83,91.28,None (Stable Alluvium),None (Stable),Stable Topography Control,2023-04-13,0,0,,,0.1,12.0,1.57,280.3,0.0,0.0,0.0,0.0,0.0,0.2,0.2,0.05,0.0,1,2023,4,103,0
CTRL/NER/2023/0122,Tripura,Agartala Lowland,Agartala Lowland Stable Control Point,Agartala Lowland Lowland Plains,23.85,91.28,None (Stable Alluvium),None (Stable),Stable Topography Control,2023-08-10,0,0,,,0.1,18.0,2.97,31.4,0.05,2.1,6.4,6.4,72.4,207.4,207.4,0.05,6.4,1,2023,8,222,1
CTRL/NER/2024/0123,Tripura,Agartala Lowland,Agartala Lowland Stable Control Point,Agartala Lowland Lowland Plains,23.81,91.28,None (Stable Alluvium),None (Stable),Stable Topography Control,2024-06-28,0,0,,,0.1,13.0,2.04,345.4,0.0,0.0,10.5,10.5,27.2,41.1,41.1,0.05,10.5,1,2024,6,180,1
CTRL/NER/2024/0124,Tripura,Agartala Lowland,Agartala Lowland Stable Control Point,Agartala Lowland Lowland Plains,23.83,91.3,None (Stable Alluvium),None (Stable),Stable Topography Control,2024-05-28,0,0,,,0.1,22.0,4.38,224.9,0.0,0.0,80.6,80.6,230.3,241.1,241.1,0.05,80.6,1,2024,5,149,0
CTRL/NER/2024/0125,Tripura,Agartala Lowland,Agartala Lowland Stable Control Point,Agartala Lowland Lowland Plains,23.83,91.26,None (Stable Alluvium),None (Stable),Stable Topography Control,2024-07-02,0,0,,,0.1,11.0,0.62,204.6,0.0,0.0,44.6,44.6,111.1,156.2,156.2,0.05,44.6,1,2024,7,184,1
CTRL/NER/2024/0126,Tripura,Khowai Plain,Khowai Plain Stable Control Point,Khowai Plain Lowland Plains,24.06,91.6,None (Stable Alluvium),None (Stable),Stable Topography Control,2024-07-01,0,0,,,0.1,31.0,1.7,180.0,0.75,4.0,46.2,46.2,79.8,126.3,126.3,0.05,46.2,1,2024,7,183,1
CTRL/NER/2024/0127,Tripura,Khowai Plain,Khowai Plain Stable Control Point,Khowai Plain Lowland Plains,24.08,91.6,None (Stable Alluvium),None (Stable),Stable Topography Control,2024-06-30,0,0,,,0.1,28.0,0.38,317.6,0.05,2.3,17.9,17.9,37.2,85.5,85.5,0.05,17.9,1,2024,6,182,1
CTRL/NER/2025/0128,Tripura,Khowai Plain,Khowai Plain Stable Control Point,Khowai Plain Lowland Plains,24.04,91.6,None (Stable Alluvium),None (Stable),Stable Topography Control,2025-07-02,0,0,,,0.1,27.0,0.96,306.1,0.45,1.9,3.6,3.6,11.0,35.1,35.1,0.05,3.6,1,2025,7,183,1
CTRL/NER/2024/0129,Tripura,Khowai Plain,Khowai Plain Stable Control Point,Khowai Plain Lowland Plains,24.06,91.62,None (Stable Alluvium),None (Stable),Stable Topography Control,2024-06-14,0,0,,,0.1,33.0,0.62,204.5,0.0,0.0,11.0,11.0,19.8,33.1,33.1,0.05,11.0,1,2024,6,166,1
CTRL/NER/2024/0130,Tripura,Khowai Plain,Khowai Plain Stable Control Point,Khowai Plain Lowland Plains,24.06,91.58,None (Stable Alluvium),None (Stable),Stable Topography Control,2024-07-14,0,0,,,0.1,33.0,2.04,194.6,0.25,0.7,0.8,0.8,11.3,42.1,42.1,0.05,0.8,1,2024,7,196,1
CTRL/NER/2025/0131,Nagaland,Dimapur Plain,Dimapur Plain Stable Control Point,Dimapur Plain Lowland Plains,25.9,93.73,None (Stable Alluvium),None (Stable),Stable Topography Control,2025-05-29,0,0,,,0.1,147.0,3.16,355.3,0.25,2.4,32.5,32.5,36.3,107.0,107.0,0.05,32.5,1,2025,5,149,0
CTRL/NER/2025/0132,Nagaland,Dimapur Plain,Dimapur Plain Stable Control Point,Dimapur Plain Lowland Plains,25.92,93.73,None (Stable Alluvium),None (Stable),Stable Topography Control,2025-06-25,0,0,,,0.1,145.0,1.55,236.3,0.0,0.0,5.1,5.1,56.1,130.8,130.8,0.05,5.1,1,2025,6,176,1
CTRL/NER/2024/0133,Nagaland,Dimapur Plain,Dimapur Plain Stable Control Point,Dimapur Plain Lowland Plains,25.88,93.73,None (Stable Alluvium),None (Stable),Stable Topography Control,2024-10-08,0,0,,,0.1,150.0,1.32,102.5,0.0,0.0,10.4,10.4,13.2,77.7,77.7,0.05,10.4,1,2024,10,282,0
CTRL/NER/2024/0134,Nagaland,Dimapur Plain,Dimapur Plain Stable Control Point,Dimapur Plain Lowland Plains,25.9,93.75,None (Stable Alluvium),None (Stable),Stable Topography Control,2024-08-06,0,0,,,0.1,141.0,2.91,190.2,0.6,5.3,16.2,16.2,39.4,102.2,102.2,0.05,16.2,1,2024,8,219,1
CTRL/NER/2025/0135,Nagaland,Dimapur Plain,Dimapur Plain Stable Control Point,Dimapur Plain Lowland Plains,25.9,93.71,None (Stable Alluvium),None (Stable),Stable Topography Control,2025-05-28,0,0,,,0.1,156.0,1.38,326.0,0.0,0.2,1.6,1.6,37.0,80.8,80.8,0.05,1.6,1,2025,5,148,0
CTRL/NER/2025/0136,Assam,Kamrup Plains,Kamrup Plains Stable Control Point,Kamrup Plains Lowland Plains,26.2,91.6,None (Stable Alluvium),None (Stable),Stable Topography Control,2025-06-11,0,0,,,0.1,42.0,0.86,0.0,0.0,0.0,4.4,4.4,4.4,38.4,38.4,0.05,4.4,1,2025,6,162,1
CTRL/NER/2024/0137,Assam,Kamrup Plains,Kamrup Plains Stable Control Point,Kamrup Plains Lowland Plains,26.22,91.6,None (Stable Alluvium),None (Stable),Stable Topography Control,2024-05-29,0,0,,,0.1,47.0,1.55,138.1,0.0,0.2,5.2,5.2,93.4,100.4,100.4,0.05,5.2,1,2024,5,150,0
CTRL/NER/2024/0138,Assam,Kamrup Plains,Kamrup Plains Stable Control Point,Kamrup Plains Lowland Plains,26.18,91.6,None (Stable Alluvium),None (Stable),Stable Topography Control,2024-08-28,0,0,,,0.1,42.0,0.0,180.0,0.0,0.0,0.0,0.0,11.2,100.7,100.7,0.05,0.0,1,2024,8,241,1
CTRL/NER/2026/0139,Assam,Kamrup Plains,Kamrup Plains Stable Control Point,Kamrup Plains Lowland Plains,26.2,91.62,None (Stable Alluvium),None (Stable),Stable Topography Control,2026-07-13,0,0,,,0.1,42.0,0.0,180.0,0.05,2.9,41.3,41.3,130.0,312.4,312.4,0.05,41.3,1,2026,7,194,1
CTRL/NER/2025/0140,Assam,Kamrup Plains,Kamrup Plains Stable Control Point,Kamrup Plains Lowland Plains,26.2,91.58,None (Stable Alluvium),None (Stable),Stable Topography Control,2025-08-19,0,0,,,0.1,48.0,0.29,0.0,0.75,4.2,12.2,12.2,23.2,88.9,88.9,0.05,12.2,1,2025,8,231,1
CTRL/NER/2023/0141,Assam,Nagaon Basin,Nagaon Basin Stable Control Point,Nagaon Basin Lowland Plains,26.35,92.68,None (Stable Alluvium),None (Stable),Stable Topography Control,2023-09-19,0,0,,,0.1,65.0,3.06,19.7,0.15,1.0,4.8,4.8,6.5,33.9,33.9,0.05,4.8,1,2023,9,262,1
CTRL/NER/2023/0142,Assam,Nagaon Basin,Nagaon Basin Stable Control Point,Nagaon Basin Lowland Plains,26.37,92.68,None (Stable Alluvium),None (Stable),Stable Topography Control,2023-10-02,0,0,,,0.1,60.0,0.39,138.1,0.05,0.1,2.7,2.7,13.4,28.8,28.8,0.05,2.7,1,2023,10,275,0
CTRL/NER/2022/0143,Assam,Nagaon Basin,Nagaon Basin Stable Control Point,Nagaon Basin Lowland Plains,26.33,92.68,None (Stable Alluvium),None (Stable),Stable Topography Control,2022-11-14,0,0,,,0.1,64.0,0.0,180.0,0.0,0.0,0.0,0.0,0.0,0.0,0.0,0.05,0.0,1,2022,11,318,0
CTRL/NER/2022/0144,Assam,Nagaon Basin,Nagaon Basin Stable Control Point,Nagaon Basin Lowland Plains,26.35,92.7,None (Stable Alluvium),None (Stable),Stable Topography Control,2022-04-05,0,0,,,0.1,64.0,0.83,110.4,0.0,0.0,1.2,1.2,3.5,46.5,46.5,0.05,1.2,1,2022,4,95,0
CTRL/NER/2023/0145,Assam,Nagaon Basin,Nagaon Basin Stable Control Point,Nagaon Basin Lowland Plains,26.35,92.66,None (Stable Alluvium),None (Stable),Stable Topography Control,2023-08-13,0,0,,,0.1,61.0,0.77,90.0,0.0,0.0,28.4,28.4,65.7,182.7,182.7,0.05,28.4,1,2023,8,225,1
CTRL/NER/2023/0146,Assam,Barpeta Plain,Barpeta Plain Stable Control Point,Barpeta Plain Lowland Plains,26.32,91.0,None (Stable Alluvium),None (Stable),Stable Topography Control,2023-07-24,0,0,,,0.1,41.0,1.41,246.0,0.0,0.0,15.9,15.9,84.4,187.9,187.9,0.05,15.9,1,2023,7,205,1
CTRL/NER/2013/0147,Assam,Barpeta Plain,Barpeta Plain Stable Control Point,Barpeta Plain Lowland Plains,26.34,91.0,None (Stable Alluvium),None (Stable),Stable Topography Control,2013-08-15,0,0,,,0.1,42.0,1.26,204.1,0.0,0.0,6.9,6.9,22.3,96.6,96.6,0.05,6.9,1,2013,8,227,1
CTRL/NER/2023/0148,Assam,Barpeta Plain,Barpeta Plain Stable Control Point,Barpeta Plain Lowland Plains,26.3,91.0,None (Stable Alluvium),None (Stable),Stable Topography Control,2023-06-09,0,0,,,0.1,42.0,0.39,41.9,1.05,2.1,52.0,52.0,81.8,94.5,94.5,0.05,52.0,1,2023,6,160,1
CTRL/NER/2023/0149,Assam,Barpeta Plain,Barpeta Plain Stable Control Point,Barpeta Plain Lowland Plains,26.32,91.02,None (Stable Alluvium),None (Stable),Stable Topography Control,2023-08-08,0,0,,,0.1,40.0,0.59,240.8,1.35,6.1,88.1,88.1,187.6,282.2,282.2,0.05,88.1,1,2023,8,220,1
CTRL/NER/2023/0150,Assam,Barpeta Plain,Barpeta Plain Stable Control Point,Barpeta Plain Lowland Plains,26.32,90.98,None (Stable Alluvium),None (Stable),Stable Topography Control,2023-07-25,0,0,,,0.1,41.0,1.55,56.2,0.0,0.1,4.0,4.0,41.9,143.6,143.6,0.05,4.0,1,2023,7,206,1
CTRL/NER/2023/0151,Assam,Dibrugarh Alluvial,Dibrugarh Alluvial Stable Control Point,Dibrugarh Alluvial Lowland Plains,27.48,94.92,None (Stable Alluvium),None (Stable),Stable Topography Control,2023-07-06,0,0,,,0.1,105.0,0.83,249.4,1.2,2.4,31.9,31.9,53.7,149.8,149.8,0.05,31.9,1,2023,7,187,1
CTRL/NER/2023/0152,Assam,Dibrugarh Alluvial,Dibrugarh Alluvial Stable Control Point,Dibrugarh Alluvial Lowland Plains,27.5,94.92,None (Stable Alluvium),None (Stable),Stable Topography Control,2023-08-06,0,0,,,0.1,102.0,0.0,180.0,1.1,4.9,42.7,42.7,101.6,186.6,186.6,0.05,42.7,1,2023,8,218,1
CTRL/NER/2023/0153,Assam,Dibrugarh Alluvial,Dibrugarh Alluvial Stable Control Point,Dibrugarh Alluvial Lowland Plains,27.46,94.92,None (Stable Alluvium),None (Stable),Stable Topography Control,2023-07-28,0,0,,,0.1,107.0,1.27,336.1,1.9,6.6,36.7,36.7,75.3,161.4,161.4,0.05,36.7,1,2023,7,209,1
CTRL/NER/2023/0154,Assam,Dibrugarh Alluvial,Dibrugarh Alluvial Stable Control Point,Dibrugarh Alluvial Lowland Plains,27.48,94.94,None (Stable Alluvium),None (Stable),Stable Topography Control,2023-08-02,0,0,,,0.1,107.0,0.52,270.0,1.9,19.0,31.3,31.3,31.3,135.2,135.2,0.05,31.3,1,2023,8,214,1
CTRL/NER/2023/0155,Assam,Dibrugarh Alluvial,Dibrugarh Alluvial Stable Control Point,Dibrugarh Alluvial Lowland Plains,27.48,94.9,None (Stable Alluvium),None (Stable),Stable Topography Control,2023-08-03,0,0,,,0.1,105.0,0.39,41.6,0.05,0.3,77.3,77.3,108.6,208.7,208.7,0.05,77.3,1,2023,8,215,1
CTRL/NER/2023/0156,Assam,Silchar Floodplain,Silchar Floodplain Stable Control Point,Silchar Floodplain Lowland Plains,24.82,92.8,None (Stable Alluvium),None (Stable),Stable Topography Control,2023-06-02,0,0,,,0.1,23.0,1.44,10.3,0.05,0.7,8.7,8.7,10.4,36.7,36.7,0.05,8.7,1,2023,6,153,1
CTRL/NER/2023/0157,Assam,Silchar Floodplain,Silchar Floodplain Stable Control Point,Silchar Floodplain Lowland Plains,24.84,92.8,None (Stable Alluvium),None (Stable),Stable Topography Control,2023-08-09,0,0,,,0.1,13.0,4.6,222.2,0.8,4.8,16.1,16.1,51.3,183.5,183.5,0.05,16.1,1,2023,8,221,1
CTRL/NER/2023/0158,Assam,Silchar Floodplain,Silchar Floodplain Stable Control Point,Silchar Floodplain Lowland Plains,24.8,92.8,None (Stable Alluvium),None (Stable),Stable Topography Control,2023-10-25,0,0,,,0.1,24.0,0.38,42.2,0.0,0.0,0.0,0.0,14.2,14.2,14.2,0.05,0.0,1,2023,10,298,0
CTRL/NER/2023/0159,Assam,Silchar Floodplain,Silchar Floodplain Stable Control Point,Silchar Floodplain Lowland Plains,24.82,92.82,None (Stable Alluvium),None (Stable),Stable Topography Control,2023-09-17,0,0,,,0.1,20.0,0.28,0.0,0.0,0.0,0.1,0.1,11.2,111.4,111.4,0.05,0.1,1,2023,9,260,1
CTRL/NER/2023/0160,Assam,Silchar Floodplain,Silchar Floodplain Stable Control Point,Silchar Floodplain Lowland Plains,24.82,92.78,None (Stable Alluvium),None (Stable),Stable Topography Control,2023-08-12,0,0,,,0.1,17.0,0.82,290.2,0.15,1.0,10.9,10.9,59.4,167.0,167.0,0.05,10.9,1,2023,8,224,1
CTRL/NER/2023/0161,Manipur,Imphal Valley Basin,Imphal Valley Basin Stable Control Point,Imphal Valley Basin Lowland Plains,24.81,93.94,None (Stable Alluvium),None (Stable),Stable Topography Control,2023-09-12,0,0,,,0.1,779.0,1.14,0.0,0.0,0.0,4.1,4.1,7.7,20.8,20.8,0.05,4.1,1,2023,9,255,1
CTRL/NER/2023/0162,Manipur,Imphal Valley Basin,Imphal Valley Basin Stable Control Point,Imphal Valley Basin Lowland Plains,24.83,93.94,None (Stable Alluvium),None (Stable),Stable Topography Control,2023-07-23,0,0,,,0.1,784.0,2.94,61.1,0.0,3.4,7.1,7.1,21.4,42.3,42.3,0.05,7.1,1,2023,7,204,1
CTRL/NER/2023/0163,Manipur,Imphal Valley Basin,Imphal Valley Basin Stable Control Point,Imphal Valley Basin Lowland Plains,24.79,93.94,None (Stable Alluvium),None (Stable),Stable Topography Control,2023-09-27,0,0,,,0.1,779.0,0.38,222.2,0.0,0.0,0.0,0.0,2.7,31.2,31.2,0.05,0.0,1,2023,9,270,1
CTRL/NER/2024/0164,Manipur,Imphal Valley Basin,Imphal Valley Basin Stable Control Point,Imphal Valley Basin Lowland Plains,24.81,93.96,None (Stable Alluvium),None (Stable),Stable Topography Control,2024-07-22,0,0,,,0.1,780.0,0.82,69.8,0.4,0.8,32.6,32.6,68.8,91.5,91.5,0.05,32.6,1,2024,7,204,1
CTRL/NER/2024/0165,Manipur,Imphal Valley Basin,Imphal Valley Basin Stable Control Point,Imphal Valley Basin Lowland Plains,24.81,93.92,None (Stable Alluvium),None (Stable),Stable Topography Control,2024-09-26,0,0,,,0.1,778.0,0.77,222.2,0.05,0.1,8.7,8.7,39.5,50.0,50.0,0.05,8.7,1,2024,9,270,1
CTRL/NER/2024/0166,Tripura,Agartala Lowland,Agartala Lowland Stable Control Point,Agartala Lowland Lowland Plains,23.83,91.28,None (Stable Alluvium),None (Stable),Stable Topography Control,2024-08-21,0,0,,,0.1,12.0,1.57,280.3,0.3,10.1,40.3,40.3,132.2,187.7,187.7,0.05,40.3,1,2024,8,234,1
CTRL/NER/2024/0167,Tripura,Agartala Lowland,Agartala Lowland Stable Control Point,Agartala Lowland Lowland Plains,23.85,91.28,None (Stable Alluvium),None (Stable),Stable Topography Control,2024-07-20,0,0,,,0.1,18.0,2.97,31.4,0.0,1.1,4.7,4.7,13.2,19.7,19.7,0.05,4.7,1,2024,7,202,1
CTRL/NER/2024/0168,Tripura,Agartala Lowland,Agartala Lowland Stable Control Point,Agartala Lowland Lowland Plains,23.81,91.28,None (Stable Alluvium),None (Stable),Stable Topography Control,2024-09-20,0,0,,,0.1,13.0,2.04,345.4,0.0,0.7,0.7,0.7,9.1,85.7,85.7,0.05,0.7,1,2024,9,264,1
CTRL/NER/2024/0169,Tripura,Agartala Lowland,Agartala Lowland Stable Control Point,Agartala Lowland Lowland Plains,23.83,91.3,None (Stable Alluvium),None (Stable),Stable Topography Control,2024-06-20,0,0,,,0.1,22.0,4.38,224.9,0.0,0.0,2.0,2.0,26.1,52.4,52.4,0.05,2.0,1,2024,6,172,1
CTRL/NER/2024/0170,Tripura,Agartala Lowland,Agartala Lowland Stable Control Point,Agartala Lowland Lowland Plains,23.83,91.26,None (Stable Alluvium),None (Stable),Stable Topography Control,2024-08-25,0,0,,,0.1,11.0,0.62,204.6,0.0,0.0,14.9,14.9,31.9,201.4,201.4,0.05,14.9,1,2024,8,238,1
CTRL/NER/2023/0171,Tripura,Khowai Plain,Khowai Plain Stable Control Point,Khowai Plain Lowland Plains,24.06,91.6,None (Stable Alluvium),None (Stable),Stable Topography Control,2023-09-23,0,0,,,0.1,31.0,1.7,180.0,0.0,0.0,10.0,10.0,35.5,112.9,112.9,0.05,10.0,1,2023,9,266,1
CTRL/NER/2024/0172,Tripura,Khowai Plain,Khowai Plain Stable Control Point,Khowai Plain Lowland Plains,24.08,91.6,None (Stable Alluvium),None (Stable),Stable Topography Control,2024-05-26,0,0,,,0.1,28.0,0.38,317.6,0.0,0.7,20.4,20.4,41.9,46.0,46.0,0.05,20.4,1,2024,5,147,0
CTRL/NER/2024/0173,Tripura,Khowai Plain,Khowai Plain Stable Control Point,Khowai Plain Lowland Plains,24.04,91.6,None (Stable Alluvium),None (Stable),Stable Topography Control,2024-07-19,0,0,,,0.1,27.0,0.96,306.1,0.0,0.0,16.7,16.7,25.4,37.9,37.9,0.05,16.7,1,2024,7,201,1
CTRL/NER/2024/0174,Tripura,Khowai Plain,Khowai Plain Stable Control Point,Khowai Plain Lowland Plains,24.06,91.62,None (Stable Alluvium),None (Stable),Stable Topography Control,2024-09-25,0,0,,,0.1,33.0,0.62,204.5,0.3,1.2,48.0,48.0,78.8,86.7,86.7,0.05,48.0,1,2024,9,269,1
CTRL/NER/2024/0175,Tripura,Khowai Plain,Khowai Plain Stable Control Point,Khowai Plain Lowland Plains,24.06,91.58,None (Stable Alluvium),None (Stable),Stable Topography Control,2024-06-02,0,0,,,0.1,33.0,2.04,194.6,0.0,0.0,27.5,27.5,116.8,381.9,381.9,0.05,27.5,1,2024,6,154,1
CTRL/NER/2024/0176,Nagaland,Dimapur Plain,Dimapur Plain Stable Control Point,Dimapur Plain Lowland Plains,25.9,93.73,None (Stable Alluvium),None (Stable),Stable Topography Control,2024-11-12,0,0,,,0.1,147.0,3.16,355.3,0.0,0.0,0.0,0.0,0.0,2.8,2.8,0.05,0.0,1,2024,11,317,0
CTRL/NER/2024/0177,Nagaland,Dimapur Plain,Dimapur Plain Stable Control Point,Dimapur Plain Lowland Plains,25.92,93.73,None (Stable Alluvium),None (Stable),Stable Topography Control,2024-07-18,0,0,,,0.1,145.0,1.55,236.3,0.0,0.0,25.9,25.9,31.1,67.6,67.6,0.05,25.9,1,2024,7,200,1
CTRL/NER/2024/0178,Nagaland,Dimapur Plain,Dimapur Plain Stable Control Point,Dimapur Plain Lowland Plains,25.88,93.73,None (Stable Alluvium),None (Stable),Stable Topography Control,2024-06-07,0,0,,,0.1,150.0,1.32,102.5,0.05,0.1,2.7,2.7,8.0,40.5,40.5,0.05,2.7,1,2024,6,159,1
CTRL/NER/2024/0179,Nagaland,Dimapur Plain,Dimapur Plain Stable Control Point,Dimapur Plain Lowland Plains,25.9,93.75,None (Stable Alluvium),None (Stable),Stable Topography Control,2024-09-28,0,0,,,0.1,141.0,2.91,190.2,0.0,0.0,2.7,2.7,15.4,50.0,50.0,0.05,2.7,1,2024,9,272,1
CTRL/NER/2024/0180,Nagaland,Dimapur Plain,Dimapur Plain Stable Control Point,Dimapur Plain Lowland Plains,25.9,93.71,None (Stable Alluvium),None (Stable),Stable Topography Control,2024-08-17,0,0,,,0.1,156.0,1.38,326.0,0.3,1.2,5.0,5.0,41.8,72.1,72.1,0.05,5.0,1,2024,8,230,1
CTRL/NER/2024/0181,Assam,Kamrup Plains,Kamrup Plains Stable Control Point,Kamrup Plains Lowland Plains,26.2,91.6,None (Stable Alluvium),None (Stable),Stable Topography Control,2024-10-07,0,0,,,0.1,42.0,0.86,0.0,0.1,16.8,17.4,17.4,66.5,172.4,172.4,0.05,17.4,1,2024,10,281,0
CTRL/NER/2024/0182,Assam,Kamrup Plains,Kamrup Plains Stable Control Point,Kamrup Plains Lowland Plains,26.22,91.6,None (Stable Alluvium),None (Stable),Stable Topography Control,2024-08-13,0,0,,,0.1,47.0,1.55,138.1,0.0,0.0,12.7,12.7,51.2,189.9,189.9,0.05,12.7,1,2024,8,226,1
CTRL/NER/2024/0183,Assam,Kamrup Plains,Kamrup Plains Stable Control Point,Kamrup Plains Lowland Plains,26.18,91.6,None (Stable Alluvium),None (Stable),Stable Topography Control,2024-08-18,0,0,,,0.1,42.0,0.0,180.0,0.6,3.0,23.2,23.2,38.7,111.7,111.7,0.05,23.2,1,2024,8,231,1
CTRL/NER/2024/0184,Assam,Kamrup Plains,Kamrup Plains Stable Control Point,Kamrup Plains Lowland Plains,26.2,91.62,None (Stable Alluvium),None (Stable),Stable Topography Control,2024-10-21,0,0,,,0.1,42.0,0.0,180.0,0.0,0.0,0.0,0.0,1.8,42.3,42.3,0.05,0.0,1,2024,10,295,0
CTRL/NER/2024/0185,Assam,Kamrup Plains,Kamrup Plains Stable Control Point,Kamrup Plains Lowland Plains,26.2,91.58,None (Stable Alluvium),None (Stable),Stable Topography Control,2024-08-19,0,0,,,0.1,48.0,0.29,0.0,1.05,4.5,18.5,18.5,53.1,102.2,102.2,0.05,18.5,1,2024,8,232,1
CTRL/NER/2024/0186,Assam,Nagaon Basin,Nagaon Basin Stable Control Point,Nagaon Basin Lowland Plains,26.35,92.68,None (Stable Alluvium),None (Stable),Stable Topography Control,2024-10-28,0,0,,,0.1,65.0,3.06,19.7,0.0,0.0,0.0,0.0,2.0,18.6,18.6,0.05,0.0,1,2024,10,302,0
CTRL/NER/2024/0187,Assam,Nagaon Basin,Nagaon Basin Stable Control Point,Nagaon Basin Lowland Plains,26.37,92.68,None (Stable Alluvium),None (Stable),Stable Topography Control,2024-11-28,0,0,,,0.1,60.0,0.39,138.1,0.0,0.0,0.0,0.0,0.0,7.1,7.1,0.05,0.0,1,2024,11,333,0
CTRL/NER/2024/0188,Assam,Nagaon Basin,Nagaon Basin Stable Control Point,Nagaon Basin Lowland Plains,26.33,92.68,None (Stable Alluvium),None (Stable),Stable Topography Control,2024-09-12,0,0,,,0.1,64.0,0.0,180.0,0.0,0.0,0.6,0.6,21.9,37.1,37.1,0.05,0.6,1,2024,9,256,1
CTRL/NER/2024/0189,Assam,Nagaon Basin,Nagaon Basin Stable Control Point,Nagaon Basin Lowland Plains,26.35,92.7,None (Stable Alluvium),None (Stable),Stable Topography Control,2024-10-22,0,0,,,0.1,64.0,0.83,110.4,0.0,0.0,0.0,0.0,0.0,10.6,10.6,0.05,0.0,1,2024,10,296,0
CTRL/NER/2024/0190,Assam,Nagaon Basin,Nagaon Basin Stable Control Point,Nagaon Basin Lowland Plains,26.35,92.66,None (Stable Alluvium),None (Stable),Stable Topography Control,2024-09-13,0,0,,,0.1,61.0,0.77,90.0,0.0,0.0,1.4,1.4,5.5,26.6,26.6,0.05,1.4,1,2024,9,257,1
CTRL/NER/2024/0191,Assam,Barpeta Plain,Barpeta Plain Stable Control Point,Barpeta Plain Lowland Plains,26.32,91.0,None (Stable Alluvium),None (Stable),Stable Topography Control,2024-07-09,0,0,,,0.1,41.0,1.41,246.0,0.05,0.5,11.4,11.4,35.0,231.4,231.4,0.05,11.4,1,2024,7,191,1
CTRL/NER/2024/0192,Assam,Barpeta Plain,Barpeta Plain Stable Control Point,Barpeta Plain Lowland Plains,26.34,91.0,None (Stable Alluvium),None (Stable),Stable Topography Control,2024-09-17,0,0,,,0.1,42.0,1.26,204.1,0.0,0.0,0.0,0.0,2.5,26.3,26.3,0.05,0.0,1,2024,9,261,1
CTRL/NER/2024/0193,Assam,Barpeta Plain,Barpeta Plain Stable Control Point,Barpeta Plain Lowland Plains,26.3,91.0,None (Stable Alluvium),None (Stable),Stable Topography Control,2024-09-24,0,0,,,0.1,42.0,0.39,41.9,0.2,3.0,35.7,35.7,35.7,36.2,36.2,0.05,35.7,1,2024,9,268,1
CTRL/NER/2024/0194,Assam,Barpeta Plain,Barpeta Plain Stable Control Point,Barpeta Plain Lowland Plains,26.32,91.02,None (Stable Alluvium),None (Stable),Stable Topography Control,2024-08-24,0,0,,,0.1,40.0,0.59,240.8,1.15,3.4,19.7,19.7,32.8,162.6,162.6,0.05,19.7,1,2024,8,237,1
CTRL/NER/2024/0195,Assam,Barpeta Plain,Barpeta Plain Stable Control Point,Barpeta Plain Lowland Plains,26.32,90.98,None (Stable Alluvium),None (Stable),Stable Topography Control,2024-08-15,0,0,,,0.1,41.0,1.55,56.2,0.2,0.4,11.4,11.4,12.8,58.2,58.2,0.05,11.4,1,2024,8,228,1
CTRL/NER/2024/0196,Assam,Dibrugarh Alluvial,Dibrugarh Alluvial Stable Control Point,Dibrugarh Alluvial Lowland Plains,27.48,94.92,None (Stable Alluvium),None (Stable),Stable Topography Control,2024-07-07,0,0,,,0.1,105.0,0.83,249.4,0.0,0.0,8.7,8.7,52.5,324.0,324.0,0.05,8.7,1,2024,7,189,1
CTRL/NER/2024/0197,Assam,Dibrugarh Alluvial,Dibrugarh Alluvial Stable Control Point,Dibrugarh Alluvial Lowland Plains,27.5,94.92,None (Stable Alluvium),None (Stable),Stable Topography Control,2024-07-17,0,0,,,0.1,102.0,0.0,180.0,0.0,0.0,3.6,3.6,25.2,157.2,157.2,0.05,3.6,1,2024,7,199,1
CTRL/NER/2024/0198,Assam,Dibrugarh Alluvial,Dibrugarh Alluvial Stable Control Point,Dibrugarh Alluvial Lowland Plains,27.46,94.92,None (Stable Alluvium),None (Stable),Stable Topography Control,2024-06-12,0,0,,,0.1,107.0,1.27,336.1,0.35,5.0,11.9,11.9,49.5,174.1,174.1,0.05,11.9,1,2024,6,164,1
CTRL/NER/2025/0199,Assam,Dibrugarh Alluvial,Dibrugarh Alluvial Stable Control Point,Dibrugarh Alluvial Lowland Plains,27.48,94.94,None (Stable Alluvium),None (Stable),Stable Topography Control,2025-05-13,0,0,,,0.1,107.0,0.52,270.0,0.1,3.0,49.7,49.7,92.9,189.3,189.3,0.05,49.7,1,2025,5,133,0
CTRL/NER/2025/0200,Assam,Dibrugarh Alluvial,Dibrugarh Alluvial Stable Control Point,Dibrugarh Alluvial Lowland Plains,27.48,94.9,None (Stable Alluvium),None (Stable),Stable Topography Control,2025-06-01,0,0,,,0.1,105.0,0.39,41.6,0.85,9.9,34.8,34.8,147.0,204.6,204.6,0.05,34.8,1,2025,6,152,1
CTRL/NER/2025/0201,Assam,Silchar Floodplain,Silchar Floodplain Stable Control Point,Silchar Floodplain Lowland Plains,24.82,92.8,None (Stable Alluvium),None (Stable),Stable Topography Control,2025-05-24,0,0,,,0.1,23.0,1.44,10.3,0.0,0.6,25.3,25.3,66.8,109.7,109.7,0.05,25.3,1,2025,5,144,0
CTRL/NER/2025/0202,Assam,Silchar Floodplain,Silchar Floodplain Stable Control Point,Silchar Floodplain Lowland Plains,24.84,92.8,None (Stable Alluvium),None (Stable),Stable Topography Control,2025-06-02,0,0,,,0.1,13.0,4.6,222.2,0.2,0.5,28.7,28.7,115.9,290.0,290.0,0.05,28.7,1,2025,6,153,1
CTRL/NER/2025/0203,Assam,Silchar Floodplain,Silchar Floodplain Stable Control Point,Silchar Floodplain Lowland Plains,24.8,92.8,None (Stable Alluvium),None (Stable),Stable Topography Control,2025-06-08,0,0,,,0.1,24.0,0.38,42.2,0.0,0.0,3.6,3.6,7.0,88.3,88.3,0.05,3.6,1,2025,6,159,1
CTRL/NER/2025/0204,Assam,Silchar Floodplain,Silchar Floodplain Stable Control Point,Silchar Floodplain Lowland Plains,24.82,92.82,None (Stable Alluvium),None (Stable),Stable Topography Control,2025-06-12,0,0,,,0.1,20.0,0.28,0.0,0.0,0.0,0.0,0.0,13.6,34.0,34.0,0.05,0.0,1,2025,6,163,1
CTRL/NER/2025/0205,Assam,Silchar Floodplain,Silchar Floodplain Stable Control Point,Silchar Floodplain Lowland Plains,24.82,92.78,None (Stable Alluvium),None (Stable),Stable Topography Control,2025-06-14,0,0,,,0.1,17.0,0.82,290.2,0.7,1.4,6.4,6.4,9.3,27.6,27.6,0.05,6.4,1,2025,6,165,1
CTRL/NER/2025/0206,Manipur,Imphal Valley Basin,Imphal Valley Basin Stable Control Point,Imphal Valley Basin Lowland Plains,24.81,93.94,None (Stable Alluvium),None (Stable),Stable Topography Control,2025-06-15,0,0,,,0.1,779.0,1.14,0.0,0.05,6.7,10.0,10.0,12.5,17.3,17.3,0.05,10.0,1,2025,6,166,1
CTRL/NER/2017/0207,Manipur,Imphal Valley Basin,Imphal Valley Basin Stable Control Point,Imphal Valley Basin Lowland Plains,24.83,93.94,None (Stable Alluvium),None (Stable),Stable Topography Control,2017-06-12,0,0,,,0.1,784.0,2.94,61.1,2.1,11.6,39.0,39.0,67.2,76.8,76.8,0.05,39.0,1,2017,6,163,1
CTRL/NER/2018/0208,Manipur,Imphal Valley Basin,Imphal Valley Basin Stable Control Point,Imphal Valley Basin Lowland Plains,24.79,93.94,None (Stable Alluvium),None (Stable),Stable Topography Control,2018-04-28,0,0,,,0.1,779.0,0.38,222.2,0.0,0.0,0.6,0.6,1.0,3.9,3.9,0.05,0.6,1,2018,4,118,0
CTRL/NER/2020/0209,Manipur,Imphal Valley Basin,Imphal Valley Basin Stable Control Point,Imphal Valley Basin Lowland Plains,24.81,93.96,None (Stable Alluvium),None (Stable),Stable Topography Control,2020-02-02,0,0,,,0.1,780.0,0.82,69.8,0.0,0.0,0.0,0.0,4.9,5.3,5.3,0.05,0.0,1,2020,2,33,0
CTRL/NER/2023/0210,Manipur,Imphal Valley Basin,Imphal Valley Basin Stable Control Point,Imphal Valley Basin Lowland Plains,24.81,93.92,None (Stable Alluvium),None (Stable),Stable Topography Control,2023-06-04,0,0,,,0.1,778.0,0.77,222.2,0.0,0.0,0.0,0.0,1.1,2.6,2.6,0.05,0.0,1,2023,6,155,1
CTRL/NER/2011/0211,Tripura,Agartala Lowland,Agartala Lowland Stable Control Point,Agartala Lowland Lowland Plains,23.83,91.28,None (Stable Alluvium),None (Stable),Stable Topography Control,2011-05-22,0,0,,,0.1,12.0,1.57,280.3,2.95,10.3,71.5,71.5,121.1,175.8,175.8,0.05,71.5,1,2011,5,142,0
CTRL/NER/2016/0212,Tripura,Agartala Lowland,Agartala Lowland Stable Control Point,Agartala Lowland Lowland Plains,23.85,91.28,None (Stable Alluvium),None (Stable),Stable Topography Control,2016-09-17,0,0,,,0.1,18.0,2.97,31.4,0.0,0.0,10.7,10.7,14.3,58.4,58.4,0.05,10.7,1,2016,9,261,1
CTRL/NER/2025/0213,Tripura,Agartala Lowland,Agartala Lowland Stable Control Point,Agartala Lowland Lowland Plains,23.81,91.28,None (Stable Alluvium),None (Stable),Stable Topography Control,2025-01-02,0,0,,,0.1,13.0,2.04,345.4,0.0,0.0,0.0,0.0,0.0,0.0,0.0,0.05,0.0,1,2025,1,2,0
CTRL/NER/2025/0214,Tripura,Agartala Lowland,Agartala Lowland Stable Control Point,Agartala Lowland Lowland Plains,23.83,91.3,None (Stable Alluvium),None (Stable),Stable Topography Control,2025-09-13,0,0,,,0.1,22.0,4.38,224.9,0.0,0.2,20.3,20.3,34.9,54.4,54.4,0.05,20.3,1,2025,9,256,1
CTRL/NER/2025/0215,Tripura,Agartala Lowland,Agartala Lowland Stable Control Point,Agartala Lowland Lowland Plains,23.83,91.26,None (Stable Alluvium),None (Stable),Stable Topography Control,2025-06-03,0,0,,,0.1,11.0,0.62,204.6,0.0,0.0,2.2,2.2,20.3,218.0,218.0,0.05,2.2,1,2025,6,154,1
CTRL/NER/2008/0216,Tripura,Khowai Plain,Khowai Plain Stable Control Point,Khowai Plain Lowland Plains,24.06,91.6,None (Stable Alluvium),None (Stable),Stable Topography Control,2008-08-02,0,0,,,0.1,31.0,1.7,180.0,0.0,0.0,6.5,6.5,15.9,47.1,47.1,0.05,6.5,1,2008,8,215,1
CTRL/NER/2007/0217,Tripura,Khowai Plain,Khowai Plain Stable Control Point,Khowai Plain Lowland Plains,24.08,91.6,None (Stable Alluvium),None (Stable),Stable Topography Control,2007-08-12,0,0,,,0.1,28.0,0.38,317.6,0.2,0.4,4.4,4.4,28.7,85.1,85.1,0.05,4.4,1,2007,8,224,1
CTRL/NER/2008/0218,Tripura,Khowai Plain,Khowai Plain Stable Control Point,Khowai Plain Lowland Plains,24.04,91.6,None (Stable Alluvium),None (Stable),Stable Topography Control,2008-08-16,0,0,,,0.1,27.0,0.96,306.1,0.0,0.0,2.6,2.6,15.1,72.0,72.0,0.05,2.6,1,2008,8,229,1
CTRL/NER/2013/0219,Tripura,Khowai Plain,Khowai Plain Stable Control Point,Khowai Plain Lowland Plains,24.06,91.62,None (Stable Alluvium),None (Stable),Stable Topography Control,2013-07-03,0,0,,,0.1,33.0,0.62,204.5,0.0,0.0,11.1,11.1,21.6,42.6,42.6,0.05,11.1,1,2013,7,184,1
CTRL/NER/2013/0220,Tripura,Khowai Plain,Khowai Plain Stable Control Point,Khowai Plain Lowland Plains,24.06,91.58,None (Stable Alluvium),None (Stable),Stable Topography Control,2013-09-08,0,0,,,0.1,33.0,2.04,194.6,0.05,1.7,3.0,3.0,6.0,25.1,25.1,0.05,3.0,1,2013,9,251,1
CTRL/NER/2013/0221,Nagaland,Dimapur Plain,Dimapur Plain Stable Control Point,Dimapur Plain Lowland Plains,25.9,93.73,None (Stable Alluvium),None (Stable),Stable Topography Control,2013-07-16,0,0,,,0.1,147.0,3.16,355.3,0.0,0.0,28.4,28.4,35.1,53.0,53.0,0.05,28.4,1,2013,7,197,1
CTRL/NER/2009/0222,Nagaland,Dimapur Plain,Dimapur Plain Stable Control Point,Dimapur Plain Lowland Plains,25.92,93.73,None (Stable Alluvium),None (Stable),Stable Topography Control,2009-06-21,0,0,,,0.1,145.0,1.55,236.3,0.0,0.0,0.0,0.0,2.5,22.2,22.2,0.05,0.0,1,2009,6,172,1
CTRL/NER/2021/0223,Nagaland,Dimapur Plain,Dimapur Plain Stable Control Point,Dimapur Plain Lowland Plains,25.88,93.73,None (Stable Alluvium),None (Stable),Stable Topography Control,2021-09-18,0,0,,,0.1,150.0,1.32,102.5,0.0,0.0,7.3,7.3,32.7,34.8,34.8,0.05,7.3,1,2021,9,261,1
CTRL/NER/2009/0224,Nagaland,Dimapur Plain,Dimapur Plain Stable Control Point,Dimapur Plain Lowland Plains,25.9,93.75,None (Stable Alluvium),None (Stable),Stable Topography Control,2009-06-20,0,0,,,0.1,141.0,2.91,190.2,0.0,0.0,2.1,2.1,2.6,30.7,30.7,0.05,2.1,1,2009,6,171,1
CTRL/NER/2009/0225,Nagaland,Dimapur Plain,Dimapur Plain Stable Control Point,Dimapur Plain Lowland Plains,25.9,93.71,None (Stable Alluvium),None (Stable),Stable Topography Control,2009-06-04,0,0,,,0.1,156.0,1.38,326.0,0.0,0.0,4.2,4.2,9.9,38.3,38.3,0.05,4.2,1,2009,6,155,1
CTRL/NER/2009/0226,Assam,Kamrup Plains,Kamrup Plains Stable Control Point,Kamrup Plains Lowland Plains,26.2,91.6,None (Stable Alluvium),None (Stable),Stable Topography Control,2009-07-27,0,0,,,0.1,42.0,0.86,0.0,0.2,0.9,19.5,19.5,58.8,166.6,166.6,0.05,19.5,1,2009,7,208,1
CTRL/NER/2013/0227,Assam,Kamrup Plains,Kamrup Plains Stable Control Point,Kamrup Plains Lowland Plains,26.22,91.6,None (Stable Alluvium),None (Stable),Stable Topography Control,2013-08-16,0,0,,,0.1,47.0,1.55,138.1,0.2,3.2,12.4,12.4,35.8,89.2,89.2,0.05,12.4,1,2013,8,228,1
CTRL/NER/2023/0228,Assam,Kamrup Plains,Kamrup Plains Stable Control Point,Kamrup Plains Lowland Plains,26.18,91.6,None (Stable Alluvium),None (Stable),Stable Topography Control,2023-08-17,0,0,,,0.1,42.0,0.0,180.0,1.5,3.0,6.1,6.1,16.9,92.4,92.4,0.05,6.1,1,2023,8,229,1
CTRL/NER/2013/0229,Assam,Kamrup Plains,Kamrup Plains Stable Control Point,Kamrup Plains Lowland Plains,26.2,91.62,None (Stable Alluvium),None (Stable),Stable Topography Control,2013-08-17,0,0,,,0.1,42.0,0.0,180.0,0.0,1.4,4.4,4.4,24.1,79.5,79.5,0.05,4.4,1,2013,8,229,1
CTRL/NER/2013/0230,Assam,Kamrup Plains,Kamrup Plains Stable Control Point,Kamrup Plains Lowland Plains,26.2,91.58,None (Stable Alluvium),None (Stable),Stable Topography Control,2013-08-18,0,0,,,0.1,48.0,0.29,0.0,0.0,7.7,10.7,10.7,27.5,77.2,77.2,0.05,10.7,1,2013,8,230,1
CTRL/NER/2024/0231,Assam,Nagaon Basin,Nagaon Basin Stable Control Point,Nagaon Basin Lowland Plains,26.35,92.68,None (Stable Alluvium),None (Stable),Stable Topography Control,2024-09-03,0,0,,,0.1,65.0,3.06,19.7,0.05,0.5,21.3,21.3,23.9,39.9,39.9,0.05,21.3,1,2024,9,247,1
CTRL/NER/2025/0232,Assam,Nagaon Basin,Nagaon Basin Stable Control Point,Nagaon Basin Lowland Plains,26.37,92.68,None (Stable Alluvium),None (Stable),Stable Topography Control,2025-01-19,0,0,,,0.1,60.0,0.39,138.1,0.0,0.0,0.0,0.0,0.0,0.2,0.2,0.05,0.0,1,2025,1,19,0
CTRL/NER/2025/0233,Assam,Nagaon Basin,Nagaon Basin Stable Control Point,Nagaon Basin Lowland Plains,26.33,92.68,None (Stable Alluvium),None (Stable),Stable Topography Control,2025-07-07,0,0,,,0.1,64.0,0.0,180.0,0.0,0.0,1.3,1.3,40.2,117.6,117.6,0.05,1.3,1,2025,7,188,1
CTRL/NER/2025/0234,Assam,Nagaon Basin,Nagaon Basin Stable Control Point,Nagaon Basin Lowland Plains,26.35,92.7,None (Stable Alluvium),None (Stable),Stable Topography Control,2025-07-08,0,0,,,0.1,64.0,0.83,110.4,0.0,0.0,0.7,0.7,11.9,116.7,116.7,0.05,0.7,1,2025,7,189,1
CTRL/NER/2024/0235,Assam,Nagaon Basin,Nagaon Basin Stable Control Point,Nagaon Basin Lowland Plains,26.35,92.66,None (Stable Alluvium),None (Stable),Stable Topography Control,2024-07-23,0,0,,,0.1,61.0,0.77,90.0,0.0,0.0,2.5,2.5,42.2,79.5,79.5,0.05,2.5,1,2024,7,205,1
CTRL/NER/2017/0236,Assam,Barpeta Plain,Barpeta Plain Stable Control Point,Barpeta Plain Lowland Plains,26.32,91.0,None (Stable Alluvium),None (Stable),Stable Topography Control,2017-10-29,0,0,,,0.1,41.0,1.41,246.0,0.0,2.5,3.4,3.4,3.5,14.6,14.6,0.05,3.4,1,2017,10,302,0
CTRL/NER/2022/0237,Assam,Barpeta Plain,Barpeta Plain Stable Control Point,Barpeta Plain Lowland Plains,26.34,91.0,None (Stable Alluvium),None (Stable),Stable Topography Control,2022-09-12,0,0,,,0.1,42.0,1.26,204.1,0.05,2.1,44.6,44.6,55.1,84.6,84.6,0.05,44.6,1,2022,9,255,1
CTRL/NER/2022/0238,Assam,Barpeta Plain,Barpeta Plain Stable Control Point,Barpeta Plain Lowland Plains,26.3,91.0,None (Stable Alluvium),None (Stable),Stable Topography Control,2022-09-25,0,0,,,0.1,42.0,0.39,41.9,0.0,0.0,9.1,9.1,39.2,101.0,101.0,0.05,9.1,1,2022,9,268,1
CTRL/NER/2022/0239,Assam,Barpeta Plain,Barpeta Plain Stable Control Point,Barpeta Plain Lowland Plains,26.32,91.02,None (Stable Alluvium),None (Stable),Stable Topography Control,2022-09-28,0,0,,,0.1,40.0,0.59,240.8,0.4,0.9,17.8,17.8,33.4,80.2,80.2,0.05,17.8,1,2022,9,271,1
CTRL/NER/2022/0240,Assam,Barpeta Plain,Barpeta Plain Stable Control Point,Barpeta Plain Lowland Plains,26.32,90.98,None (Stable Alluvium),None (Stable),Stable Topography Control,2022-10-15,0,0,,,0.1,41.0,1.55,56.2,0.0,0.0,0.0,0.0,9.9,101.8,101.8,0.05,0.0,1,2022,10,288,0
CTRL/NER/2022/0241,Assam,Dibrugarh Alluvial,Dibrugarh Alluvial Stable Control Point,Dibrugarh Alluvial Lowland Plains,27.48,94.92,None (Stable Alluvium),None (Stable),Stable Topography Control,2022-09-30,0,0,,,0.1,105.0,0.83,249.4,0.0,0.0,0.0,0.0,1.9,71.8,71.8,0.05,0.0,1,2022,9,273,1
CTRL/NER/2022/0242,Assam,Dibrugarh Alluvial,Dibrugarh Alluvial Stable Control Point,Dibrugarh Alluvial Lowland Plains,27.5,94.92,None (Stable Alluvium),None (Stable),Stable Topography Control,2022-11-12,0,0,,,0.1,102.0,0.0,180.0,0.0,0.0,0.0,0.0,0.0,0.0,0.0,0.05,0.0,1,2022,11,316,0
CTRL/NER/2023/0243,Assam,Dibrugarh Alluvial,Dibrugarh Alluvial Stable Control Point,Dibrugarh Alluvial Lowland Plains,27.46,94.92,None (Stable Alluvium),None (Stable),Stable Topography Control,2023-09-08,0,0,,,0.1,107.0,1.27,336.1,3.2,10.3,10.3,10.3,10.7,35.1,35.1,0.05,10.3,1,2023,9,251,1
CTRL/NER/2018/0244,Assam,Dibrugarh Alluvial,Dibrugarh Alluvial Stable Control Point,Dibrugarh Alluvial Lowland Plains,27.48,94.94,None (Stable Alluvium),None (Stable),Stable Topography Control,2018-08-23,0,0,,,0.1,107.0,0.52,270.0,0.0,0.0,9.2,9.2,54.4,91.8,91.8,0.05,9.2,1,2018,8,235,1
CTRL/NER/2024/0245,Assam,Dibrugarh Alluvial,Dibrugarh Alluvial Stable Control Point,Dibrugarh Alluvial Lowland Plains,27.48,94.9,None (Stable Alluvium),None (Stable),Stable Topography Control,2024-06-01,0,0,,,0.1,105.0,0.39,41.6,0.0,0.0,15.3,15.3,104.0,250.6,250.6,0.05,15.3,1,2024,6,153,1
CTRL/NER/2025/0246,Assam,Silchar Floodplain,Silchar Floodplain Stable Control Point,Silchar Floodplain Lowland Plains,24.82,92.8,None (Stable Alluvium),None (Stable),Stable Topography Control,2025-07-29,0,0,,,0.1,23.0,1.44,10.3,0.05,4.4,20.5,20.5,73.2,170.0,170.0,0.05,20.5,1,2025,7,210,1
CTRL/NER/2025/0247,Assam,Silchar Floodplain,Silchar Floodplain Stable Control Point,Silchar Floodplain Lowland Plains,24.84,92.8,None (Stable Alluvium),None (Stable),Stable Topography Control,2025-08-01,0,0,,,0.1,13.0,4.6,222.2,0.05,1.4,11.7,11.7,35.3,163.2,163.2,0.05,11.7,1,2025,8,213,1
CTRL/NER/2015/0248,Assam,Silchar Floodplain,Silchar Floodplain Stable Control Point,Silchar Floodplain Lowland Plains,24.8,92.8,None (Stable Alluvium),None (Stable),Stable Topography Control,2015-07-15,0,0,,,0.1,24.0,0.38,42.2,1.3,7.4,21.1,21.1,45.3,104.0,104.0,0.05,21.1,1,2015,7,196,1
CTRL/NER/2018/0249,Assam,Silchar Floodplain,Silchar Floodplain Stable Control Point,Silchar Floodplain Lowland Plains,24.82,92.82,None (Stable Alluvium),None (Stable),Stable Topography Control,2018-07-08,0,0,,,0.1,20.0,0.28,0.0,0.0,0.1,31.4,31.4,53.3,125.7,125.7,0.05,31.4,1,2018,7,189,1
CTRL/NER/2019/0250,Assam,Silchar Floodplain,Silchar Floodplain Stable Control Point,Silchar Floodplain Lowland Plains,24.82,92.78,None (Stable Alluvium),None (Stable),Stable Topography Control,2019-05-09,0,0,,,0.1,17.0,0.82,290.2,0.0,0.0,0.7,0.7,1.3,46.8,46.8,0.05,0.7,1,2019,5,129,0
CTRL/NER/2014/0251,Manipur,Imphal Valley Basin,Imphal Valley Basin Stable Control Point,Imphal Valley Basin Lowland Plains,24.81,93.94,None (Stable Alluvium),None (Stable),Stable Topography Control,2014-08-26,0,0,,,0.1,779.0,1.14,0.0,0.3,0.6,7.4,7.4,11.3,34.9,34.9,0.05,7.4,1,2014,8,238,1
CTRL/NER/2017/0252,Manipur,Imphal Valley Basin,Imphal Valley Basin Stable Control Point,Imphal Valley Basin Lowland Plains,24.83,93.94,None (Stable Alluvium),None (Stable),Stable Topography Control,2017-07-09,0,0,,,0.1,784.0,2.94,61.1,0.25,1.4,5.1,5.1,103.8,216.5,216.5,0.05,5.1,1,2017,7,190,1
CTRL/NER/2013/0253,Manipur,Imphal Valley Basin,Imphal Valley Basin Stable Control Point,Imphal Valley Basin Lowland Plains,24.79,93.94,None (Stable Alluvium),None (Stable),Stable Topography Control,2013-08-28,0,0,,,0.1,779.0,0.38,222.2,0.0,0.0,4.5,4.5,68.0,86.4,86.4,0.05,4.5,1,2013,8,240,1
CTRL/NER/2014/0254,Manipur,Imphal Valley Basin,Imphal Valley Basin Stable Control Point,Imphal Valley Basin Lowland Plains,24.81,93.96,None (Stable Alluvium),None (Stable),Stable Topography Control,2014-06-24,0,0,,,0.1,780.0,0.82,69.8,0.05,0.2,1.2,1.2,36.5,152.5,152.5,0.05,1.2,1,2014,6,175,1
CTRL/NER/2014/0255,Manipur,Imphal Valley Basin,Imphal Valley Basin Stable Control Point,Imphal Valley Basin Lowland Plains,24.81,93.92,None (Stable Alluvium),None (Stable),Stable Topography Control,2014-07-08,0,0,,,0.1,778.0,0.77,222.2,0.0,0.0,0.2,0.2,3.1,31.0,31.0,0.05,0.2,1,2014,7,189,1
CTRL/NER/2014/0256,Tripura,Agartala Lowland,Agartala Lowland Stable Control Point,Agartala Lowland Lowland Plains,23.83,91.28,None (Stable Alluvium),None (Stable),Stable Topography Control,2014-07-01,0,0,,,0.1,12.0,1.57,280.3,0.0,0.0,5.4,5.4,38.0,80.2,80.2,0.05,5.4,1,2014,7,182,1
CTRL/NER/2015/0257,Tripura,Agartala Lowland,Agartala Lowland Stable Control Point,Agartala Lowland Lowland Plains,23.85,91.28,None (Stable Alluvium),None (Stable),Stable Topography Control,2015-07-08,0,0,,,0.1,18.0,2.97,31.4,2.1,8.0,19.4,19.4,34.7,87.0,87.0,0.05,19.4,1,2015,7,189,1
CTRL/NER/2015/0258,Tripura,Agartala Lowland,Agartala Lowland Stable Control Point,Agartala Lowland Lowland Plains,23.81,91.28,None (Stable Alluvium),None (Stable),Stable Topography Control,2015-06-01,0,0,,,0.1,13.0,2.04,345.4,0.0,0.0,1.4,1.4,15.0,50.2,50.2,0.05,1.4,1,2015,6,152,1
CTRL/NER/2015/0259,Tripura,Agartala Lowland,Agartala Lowland Stable Control Point,Agartala Lowland Lowland Plains,23.83,91.3,None (Stable Alluvium),None (Stable),Stable Topography Control,2015-07-11,0,0,,,0.1,22.0,4.38,224.9,0.0,0.0,3.2,3.2,71.3,115.0,115.0,0.05,3.2,1,2015,7,192,1
CTRL/NER/2019/0260,Tripura,Agartala Lowland,Agartala Lowland Stable Control Point,Agartala Lowland Lowland Plains,23.83,91.26,None (Stable Alluvium),None (Stable),Stable Topography Control,2019-09-16,0,0,,,0.1,11.0,0.62,204.6,0.0,0.0,2.7,2.7,6.2,66.1,66.1,0.05,2.7,1,2019,9,259,1
CTRL/NER/2021/0261,Tripura,Khowai Plain,Khowai Plain Stable Control Point,Khowai Plain Lowland Plains,24.06,91.6,None (Stable Alluvium),None (Stable),Stable Topography Control,2021-08-23,0,0,,,0.1,31.0,1.7,180.0,0.0,0.1,3.6,3.6,9.1,44.6,44.6,0.05,3.6,1,2021,8,235,1
CTRL/NER/2021/0262,Tripura,Khowai Plain,Khowai Plain Stable Control Point,Khowai Plain Lowland Plains,24.08,91.6,None (Stable Alluvium),None (Stable),Stable Topography Control,2021-08-22,0,0,,,0.1,28.0,0.38,317.6,0.0,0.0,1.6,1.6,18.5,43.0,43.0,0.05,1.6,1,2021,8,234,1
CTRL/NER/2021/0263,Tripura,Khowai Plain,Khowai Plain Stable Control Point,Khowai Plain Lowland Plains,24.04,91.6,None (Stable Alluvium),None (Stable),Stable Topography Control,2021-08-27,0,0,,,0.1,27.0,0.96,306.1,0.0,0.0,4.9,4.9,16.5,43.7,43.7,0.05,4.9,1,2021,8,239,1
CTRL/NER/2021/0264,Tripura,Khowai Plain,Khowai Plain Stable Control Point,Khowai Plain Lowland Plains,24.06,91.62,None (Stable Alluvium),None (Stable),Stable Topography Control,2021-06-18,0,0,,,0.1,33.0,0.62,204.5,1.05,2.8,15.5,15.5,21.7,50.6,50.6,0.05,15.5,1,2021,6,169,1
CTRL/NER/2021/0265,Tripura,Khowai Plain,Khowai Plain Stable Control Point,Khowai Plain Lowland Plains,24.06,91.58,None (Stable Alluvium),None (Stable),Stable Topography Control,2021-05-18,0,0,,,0.1,33.0,2.04,194.6,0.0,0.0,1.0,1.0,4.2,78.0,78.0,0.05,1.0,1,2021,5,138,0
CTRL/NER/2022/0266,Nagaland,Dimapur Plain,Dimapur Plain Stable Control Point,Dimapur Plain Lowland Plains,25.9,93.73,None (Stable Alluvium),None (Stable),Stable Topography Control,2022-11-18,0,0,,,0.1,147.0,3.16,355.3,0.0,0.0,0.0,0.0,0.0,0.4,0.4,0.05,0.0,1,2022,11,322,0
CTRL/NER/2022/0267,Nagaland,Dimapur Plain,Dimapur Plain Stable Control Point,Dimapur Plain Lowland Plains,25.92,93.73,None (Stable Alluvium),None (Stable),Stable Topography Control,2022-11-20,0,0,,,0.1,145.0,1.55,236.3,0.0,0.0,0.0,0.0,0.0,0.0,0.0,0.05,0.0,1,2022,11,324,0
CTRL/NER/2022/0268,Nagaland,Dimapur Plain,Dimapur Plain Stable Control Point,Dimapur Plain Lowland Plains,25.88,93.73,None (Stable Alluvium),None (Stable),Stable Topography Control,2022-05-29,0,0,,,0.1,150.0,1.32,102.5,0.0,0.2,4.1,4.1,5.1,39.8,39.8,0.05,4.1,1,2022,5,149,0
CTRL/NER/2022/0269,Nagaland,Dimapur Plain,Dimapur Plain Stable Control Point,Dimapur Plain Lowland Plains,25.9,93.75,None (Stable Alluvium),None (Stable),Stable Topography Control,2022-10-10,0,0,,,0.1,141.0,2.91,190.2,0.0,0.0,8.1,8.1,43.1,162.0,162.0,0.05,8.1,1,2022,10,283,0
CTRL/NER/2022/0270,Nagaland,Dimapur Plain,Dimapur Plain Stable Control Point,Dimapur Plain Lowland Plains,25.9,93.71,None (Stable Alluvium),None (Stable),Stable Topography Control,2022-08-25,0,0,,,0.1,156.0,1.38,326.0,0.0,0.0,0.1,0.1,11.8,46.2,46.2,0.05,0.1,1,2022,8,237,1
CTRL/NER/2022/0271,Assam,Kamrup Plains,Kamrup Plains Stable Control Point,Kamrup Plains Lowland Plains,26.2,91.6,None (Stable Alluvium),None (Stable),Stable Topography Control,2022-06-15,0,0,,,0.1,42.0,0.86,0.0,1.55,6.4,45.7,45.7,133.4,223.8,223.8,0.05,45.7,1,2022,6,166,1
CTRL/NER/2023/0272,Assam,Kamrup Plains,Kamrup Plains Stable Control Point,Kamrup Plains Lowland Plains,26.22,91.6,None (Stable Alluvium),None (Stable),Stable Topography Control,2023-10-04,0,0,,,0.1,47.0,1.55,138.1,0.25,9.6,27.4,27.4,96.7,137.2,137.2,0.05,27.4,1,2023,10,277,0
CTRL/NER/2024/0273,Assam,Kamrup Plains,Kamrup Plains Stable Control Point,Kamrup Plains Lowland Plains,26.18,91.6,None (Stable Alluvium),None (Stable),Stable Topography Control,2024-07-21,0,0,,,0.1,42.0,0.0,180.0,0.5,2.1,9.9,9.9,24.0,113.6,113.6,0.05,9.9,1,2024,7,203,1
CTRL/NER/2025/0274,Assam,Kamrup Plains,Kamrup Plains Stable Control Point,Kamrup Plains Lowland Plains,26.2,91.62,None (Stable Alluvium),None (Stable),Stable Topography Control,2025-09-11,0,0,,,0.1,42.0,0.0,180.0,0.0,0.0,5.6,5.6,25.2,69.3,69.3,0.05,5.6,1,2025,9,254,1
CTRL/NER/2025/0275,Assam,Kamrup Plains,Kamrup Plains Stable Control Point,Kamrup Plains Lowland Plains,26.2,91.58,None (Stable Alluvium),None (Stable),Stable Topography Control,2025-07-19,0,0,,,0.1,48.0,0.29,0.0,0.0,0.0,0.6,0.6,8.9,42.1,42.1,0.05,0.6,1,2025,7,200,1
CTRL/NER/2012/0276,Assam,Nagaon Basin,Nagaon Basin Stable Control Point,Nagaon Basin Lowland Plains,26.35,92.68,None (Stable Alluvium),None (Stable),Stable Topography Control,2012-07-13,0,0,,,0.1,65.0,3.06,19.7,0.75,1.8,20.2,20.2,60.0,144.3,144.3,0.05,20.2,1,2012,7,195,1
CTRL/NER/2012/0277,Assam,Nagaon Basin,Nagaon Basin Stable Control Point,Nagaon Basin Lowland Plains,26.37,92.68,None (Stable Alluvium),None (Stable),Stable Topography Control,2012-06-26,0,0,,,0.1,60.0,0.39,138.1,0.05,1.4,23.5,23.5,138.9,239.7,239.7,0.05,23.5,1,2012,6,178,1
CTRL/NER/2012/0278,Assam,Nagaon Basin,Nagaon Basin Stable Control Point,Nagaon Basin Lowland Plains,26.33,92.68,None (Stable Alluvium),None (Stable),Stable Topography Control,2012-06-22,0,0,,,0.1,64.0,0.0,180.0,0.3,2.1,16.5,16.5,54.4,112.3,112.3,0.05,16.5,1,2012,6,174,1
CTRL/NER/2012/0279,Assam,Nagaon Basin,Nagaon Basin Stable Control Point,Nagaon Basin Lowland Plains,26.35,92.7,None (Stable Alluvium),None (Stable),Stable Topography Control,2012-07-17,0,0,,,0.1,64.0,0.83,110.4,0.4,3.4,31.4,31.4,98.9,287.1,287.1,0.05,31.4,1,2012,7,199,1
CTRL/NER/2018/0280,Assam,Nagaon Basin,Nagaon Basin Stable Control Point,Nagaon Basin Lowland Plains,26.35,92.66,None (Stable Alluvium),None (Stable),Stable Topography Control,2018-05-20,0,0,,,0.1,61.0,0.77,90.0,0.0,0.0,4.8,4.8,10.2,21.3,21.3,0.05,4.8,1,2018,5,140,0
CTRL/NER/2009/0281,Assam,Barpeta Plain,Barpeta Plain Stable Control Point,Barpeta Plain Lowland Plains,26.32,91.0,None (Stable Alluvium),None (Stable),Stable Topography Control,2009-07-10,0,0,,,0.1,41.0,1.41,246.0,0.0,0.0,4.2,4.2,16.1,86.7,86.7,0.05,4.2,1,2009,7,191,1
CTRL/NER/2018/0282,Assam,Barpeta Plain,Barpeta Plain Stable Control Point,Barpeta Plain Lowland Plains,26.34,91.0,None (Stable Alluvium),None (Stable),Stable Topography Control,2018-05-18,0,0,,,0.1,42.0,1.26,204.1,0.0,0.0,4.4,4.4,9.3,22.2,22.2,0.05,4.4,1,2018,5,138,0
CTRL/NER/2026/0283,Assam,Barpeta Plain,Barpeta Plain Stable Control Point,Barpeta Plain Lowland Plains,26.3,91.0,None (Stable Alluvium),None (Stable),Stable Topography Control,2026-05-30,0,0,,,0.1,42.0,0.39,41.9,0.35,0.7,2.5,2.5,6.7,163.2,163.2,0.05,2.5,1,2026,5,150,0
CTRL/NER/2016/0284,Assam,Barpeta Plain,Barpeta Plain Stable Control Point,Barpeta Plain Lowland Plains,26.32,91.02,None (Stable Alluvium),None (Stable),Stable Topography Control,2016-05-17,0,0,,,0.1,40.0,0.59,240.8,2.1,11.4,71.3,71.3,223.6,343.7,343.7,0.05,71.3,1,2016,5,138,0
CTRL/NER/2016/0285,Assam,Barpeta Plain,Barpeta Plain Stable Control Point,Barpeta Plain Lowland Plains,26.32,90.98,None (Stable Alluvium),None (Stable),Stable Topography Control,2016-05-18,0,0,,,0.1,41.0,1.55,56.2,0.75,8.5,52.9,52.9,195.8,396.2,396.2,0.05,52.9,1,2016,5,139,0
CTRL/NER/2010/0286,Assam,Dibrugarh Alluvial,Dibrugarh Alluvial Stable Control Point,Dibrugarh Alluvial Lowland Plains,27.48,94.92,None (Stable Alluvium),None (Stable),Stable Topography Control,2010-04-02,0,0,,,0.1,105.0,0.83,249.4,1.35,8.5,41.3,41.3,163.6,383.8,383.8,0.05,41.3,1,2010,4,92,0
CTRL/NER/2016/0287,Assam,Dibrugarh Alluvial,Dibrugarh Alluvial Stable Control Point,Dibrugarh Alluvial Lowland Plains,27.5,94.92,None (Stable Alluvium),None (Stable),Stable Topography Control,2016-08-31,0,0,,,0.1,102.0,0.0,180.0,0.4,3.3,25.7,25.7,66.5,102.4,102.4,0.05,25.7,1,2016,8,244,1
CTRL/NER/2020/0288,Assam,Dibrugarh Alluvial,Dibrugarh Alluvial Stable Control Point,Dibrugarh Alluvial Lowland Plains,27.46,94.92,None (Stable Alluvium),None (Stable),Stable Topography Control,2020-06-02,0,0,,,0.1,107.0,1.27,336.1,0.65,3.9,36.6,36.6,46.4,166.5,166.5,0.05,36.6,1,2020,6,154,1
CTRL/NER/2010/0289,Assam,Dibrugarh Alluvial,Dibrugarh Alluvial Stable Control Point,Dibrugarh Alluvial Lowland Plains,27.48,94.94,None (Stable Alluvium),None (Stable),Stable Topography Control,2010-06-03,0,0,,,0.1,107.0,0.52,270.0,0.0,0.8,21.4,21.4,74.4,129.2,129.2,0.05,21.4,1,2010,6,154,1
CTRL/NER/2020/0290,Assam,Dibrugarh Alluvial,Dibrugarh Alluvial Stable Control Point,Dibrugarh Alluvial Lowland Plains,27.48,94.9,None (Stable Alluvium),None (Stable),Stable Topography Control,2020-06-05,0,0,,,0.1,105.0,0.39,41.6,0.35,3.0,36.4,36.4,128.3,201.9,201.9,0.05,36.4,1,2020,6,157,1
CTRL/NER/2010/0291,Assam,Silchar Floodplain,Silchar Floodplain Stable Control Point,Silchar Floodplain Lowland Plains,24.82,92.8,None (Stable Alluvium),None (Stable),Stable Topography Control,2010-06-20,0,0,,,0.1,23.0,1.44,10.3,1.05,7.0,42.2,42.2,83.7,193.6,193.6,0.05,42.2,1,2010,6,171,1
CTRL/NER/2010/0292,Assam,Silchar Floodplain,Silchar Floodplain Stable Control Point,Silchar Floodplain Lowland Plains,24.84,92.8,None (Stable Alluvium),None (Stable),Stable Topography Control,2010-06-16,0,0,,,0.1,13.0,4.6,222.2,0.15,0.6,14.9,14.9,75.2,143.4,143.4,0.05,14.9,1,2010,6,167,1
CTRL/NER/2018/0293,Assam,Silchar Floodplain,Silchar Floodplain Stable Control Point,Silchar Floodplain Lowland Plains,24.8,92.8,None (Stable Alluvium),None (Stable),Stable Topography Control,2018-06-14,0,0,,,0.1,24.0,0.38,42.2,1.7,5.3,48.5,48.5,323.9,384.0,384.0,0.05,48.5,1,2018,6,165,1
CTRL/NER/2018/0294,Assam,Silchar Floodplain,Silchar Floodplain Stable Control Point,Silchar Floodplain Lowland Plains,24.82,92.82,None (Stable Alluvium),None (Stable),Stable Topography Control,2018-08-24,0,0,,,0.1,20.0,0.28,0.0,0.1,0.2,20.6,20.6,51.1,98.6,98.6,0.05,20.6,1,2018,8,236,1
CTRL/NER/2017/0295,Assam,Silchar Floodplain,Silchar Floodplain Stable Control Point,Silchar Floodplain Lowland Plains,24.82,92.78,None (Stable Alluvium),None (Stable),Stable Topography Control,2017-06-13,0,0,,,0.1,17.0,0.82,290.2,0.05,0.9,64.6,64.6,147.9,177.3,177.3,0.05,64.6,1,2017,6,164,1
CTRL/NER/2017/0296,Manipur,Imphal Valley Basin,Imphal Valley Basin Stable Control Point,Imphal Valley Basin Lowland Plains,24.81,93.94,None (Stable Alluvium),None (Stable),Stable Topography Control,2017-06-16,0,0,,,0.1,779.0,1.14,0.0,0.15,1.6,25.7,25.7,37.9,153.2,153.2,0.05,25.7,1,2017,6,167,1
CTRL/NER/2017/0297,Manipur,Imphal Valley Basin,Imphal Valley Basin Stable Control Point,Imphal Valley Basin Lowland Plains,24.83,93.94,None (Stable Alluvium),None (Stable),Stable Topography Control,2017-07-04,0,0,,,0.1,784.0,2.94,61.1,0.65,3.3,27.2,27.2,95.7,176.2,176.2,0.05,27.2,1,2017,7,185,1
CTRL/NER/2011/0298,Manipur,Imphal Valley Basin,Imphal Valley Basin Stable Control Point,Imphal Valley Basin Lowland Plains,24.79,93.94,None (Stable Alluvium),None (Stable),Stable Topography Control,2011-03-23,0,0,,,0.1,779.0,0.38,222.2,0.0,0.0,0.0,0.0,0.0,3.1,3.1,0.05,0.0,1,2011,3,82,0
CTRL/NER/2009/0299,Manipur,Imphal Valley Basin,Imphal Valley Basin Stable Control Point,Imphal Valley Basin Lowland Plains,24.81,93.96,None (Stable Alluvium),None (Stable),Stable Topography Control,2009-08-20,0,0,,,0.1,780.0,0.82,69.8,0.0,0.0,2.4,2.4,10.9,66.2,66.2,0.05,2.4,1,2009,8,232,1
CTRL/NER/2017/0300,Manipur,Imphal Valley Basin,Imphal Valley Basin Stable Control Point,Imphal Valley Basin Lowland Plains,24.81,93.92,None (Stable Alluvium),None (Stable),Stable Topography Control,2017-07-03,0,0,,,0.1,778.0,0.77,222.2,7.4,39.8,64.3,64.3,93.9,179.3,179.3,0.05,64.3,1,2017,7,184,1
CTRL/NER/2021/0301,Tripura,Agartala Lowland,Agartala Lowland Stable Control Point,Agartala Lowland Lowland Plains,23.83,91.28,None (Stable Alluvium),None (Stable),Stable Topography Control,2021-04-28,0,0,,,0.1,12.0,1.57,280.3,0.0,0.0,0.0,0.0,0.0,8.6,8.6,0.05,0.0,1,2021,4,118,0
CTRL/NER/2024/0302,Tripura,Agartala Lowland,Agartala Lowland Stable Control Point,Agartala Lowland Lowland Plains,23.85,91.28,None (Stable Alluvium),None (Stable),Stable Topography Control,2024-07-05,0,0,,,0.1,18.0,2.97,31.4,0.0,0.0,2.8,2.8,16.9,144.9,144.9,0.05,2.8,1,2024,7,187,1
CTRL/NER/2024/0303,Tripura,Agartala Lowland,Agartala Lowland Stable Control Point,Agartala Lowland Lowland Plains,23.81,91.28,None (Stable Alluvium),None (Stable),Stable Topography Control,2024-05-24,0,0,,,0.1,13.0,2.04,345.4,0.0,0.0,0.0,0.0,0.7,2.5,2.5,0.05,0.0,1,2024,5,145,0
CTRL/NER/2022/0304,Tripura,Agartala Lowland,Agartala Lowland Stable Control Point,Agartala Lowland Lowland Plains,23.83,91.3,None (Stable Alluvium),None (Stable),Stable Topography Control,2022-05-15,0,0,,,0.1,22.0,4.38,224.9,0.05,2.0,19.1,19.1,36.2,68.9,68.9,0.05,19.1,1,2022,5,135,0
CTRL/NER/2022/0305,Tripura,Agartala Lowland,Agartala Lowland Stable Control Point,Agartala Lowland Lowland Plains,23.83,91.26,None (Stable Alluvium),None (Stable),Stable Topography Control,2022-05-14,0,0,,,0.1,11.0,0.62,204.6,0.0,0.0,2.2,2.2,26.5,58.8,58.8,0.05,2.2,1,2022,5,134,0
CTRL/NER/2014/0306,Tripura,Khowai Plain,Khowai Plain Stable Control Point,Khowai Plain Lowland Plains,24.06,91.6,None (Stable Alluvium),None (Stable),Stable Topography Control,2014-09-22,0,0,,,0.1,31.0,1.7,180.0,0.15,0.5,13.7,13.7,27.1,64.2,64.2,0.05,13.7,1,2014,9,265,1
CTRL/NER/2014/0307,Tripura,Khowai Plain,Khowai Plain Stable Control Point,Khowai Plain Lowland Plains,24.08,91.6,None (Stable Alluvium),None (Stable),Stable Topography Control,2014-09-23,0,0,,,0.1,28.0,0.38,317.6,0.1,0.3,17.0,17.0,31.3,74.3,74.3,0.05,17.0,1,2014,9,266,1
CTRL/NER/2014/0308,Tripura,Khowai Plain,Khowai Plain Stable Control Point,Khowai Plain Lowland Plains,24.04,91.6,None (Stable Alluvium),None (Stable),Stable Topography Control,2014-09-25,0,0,,,0.1,27.0,0.96,306.1,0.0,1.3,9.6,9.6,31.4,81.5,81.5,0.05,9.6,1,2014,9,268,1
CTRL/NER/2016/0309,Tripura,Khowai Plain,Khowai Plain Stable Control Point,Khowai Plain Lowland Plains,24.06,91.62,None (Stable Alluvium),None (Stable),Stable Topography Control,2016-05-22,0,0,,,0.1,33.0,0.62,204.5,0.0,0.0,10.1,10.1,116.8,210.4,210.4,0.05,10.1,1,2016,5,143,0
CTRL/NER/2016/0310,Tripura,Khowai Plain,Khowai Plain Stable Control Point,Khowai Plain Lowland Plains,24.06,91.58,None (Stable Alluvium),None (Stable),Stable Topography Control,2016-06-22,0,0,,,0.1,33.0,2.04,194.6,0.0,0.0,32.9,32.9,34.9,81.0,81.0,0.05,32.9,1,2016,6,174,1
CTRL/NER/2022/0311,Nagaland,Dimapur Plain,Dimapur Plain Stable Control Point,Dimapur Plain Lowland Plains,25.9,93.73,None (Stable Alluvium),None (Stable),Stable Topography Control,2022-05-13,0,0,,,0.1,147.0,3.16,355.3,0.0,0.0,17.1,17.1,66.8,78.3,78.3,0.05,17.1,1,2022,5,133,0
CTRL/NER/2016/0312,Nagaland,Dimapur Plain,Dimapur Plain Stable Control Point,Dimapur Plain Lowland Plains,25.92,93.73,None (Stable Alluvium),None (Stable),Stable Topography Control,2016-05-27,0,0,,,0.1,145.0,1.55,236.3,0.0,0.0,1.1,1.1,10.6,95.9,95.9,0.05,1.1,1,2016,5,148,0
CTRL/NER/2014/0313,Nagaland,Dimapur Plain,Dimapur Plain Stable Control Point,Dimapur Plain Lowland Plains,25.88,93.73,None (Stable Alluvium),None (Stable),Stable Topography Control,2014-08-20,0,0,,,0.1,150.0,1.32,102.5,0.05,0.1,0.9,0.9,2.4,85.0,85.0,0.05,0.9,1,2014,8,232,1
CTRL/NER/2016/0314,Nagaland,Dimapur Plain,Dimapur Plain Stable Control Point,Dimapur Plain Lowland Plains,25.9,93.75,None (Stable Alluvium),None (Stable),Stable Topography Control,2016-07-20,0,0,,,0.1,141.0,2.91,190.2,0.1,0.4,3.1,3.1,4.4,16.3,16.3,0.05,3.1,1,2016,7,202,1
CTRL/NER/2019/0315,Nagaland,Dimapur Plain,Dimapur Plain Stable Control Point,Dimapur Plain Lowland Plains,25.9,93.71,None (Stable Alluvium),None (Stable),Stable Topography Control,2019-07-10,0,0,,,0.1,156.0,1.38,326.0,0.3,3.0,9.4,9.4,75.0,176.8,176.8,0.05,9.4,1,2019,7,191,1
CTRL/NER/2019/0316,Assam,Kamrup Plains,Kamrup Plains Stable Control Point,Kamrup Plains Lowland Plains,26.2,91.6,None (Stable Alluvium),None (Stable),Stable Topography Control,2019-07-16,0,0,,,0.1,42.0,0.86,0.0,0.05,0.1,24.6,24.6,117.1,258.6,258.6,0.05,24.6,1,2019,7,197,1
CTRL/NER/2016/0317,Assam,Kamrup Plains,Kamrup Plains Stable Control Point,Kamrup Plains Lowland Plains,26.22,91.6,None (Stable Alluvium),None (Stable),Stable Topography Control,2016-07-14,0,0,,,0.1,47.0,1.55,138.1,0.95,3.2,10.6,10.6,33.3,188.8,188.8,0.05,10.6,1,2016,7,196,1
CTRL/NER/2014/0318,Assam,Kamrup Plains,Kamrup Plains Stable Control Point,Kamrup Plains Lowland Plains,26.18,91.6,None (Stable Alluvium),None (Stable),Stable Topography Control,2014-06-27,0,0,,,0.1,42.0,0.0,180.0,0.25,1.4,9.2,9.2,26.8,212.0,212.0,0.05,9.2,1,2014,6,178,1
CTRL/NER/2016/0319,Assam,Kamrup Plains,Kamrup Plains Stable Control Point,Kamrup Plains Lowland Plains,26.2,91.62,None (Stable Alluvium),None (Stable),Stable Topography Control,2016-04-18,0,0,,,0.1,42.0,0.0,180.0,0.15,0.9,13.9,13.9,27.4,50.0,50.0,0.05,13.9,1,2016,4,109,0
CTRL/NER/2017/0320,Assam,Kamrup Plains,Kamrup Plains Stable Control Point,Kamrup Plains Lowland Plains,26.2,91.58,None (Stable Alluvium),None (Stable),Stable Topography Control,2017-05-20,0,0,,,0.1,48.0,0.29,0.0,0.1,0.3,2.1,2.1,9.9,31.3,31.3,0.05,2.1,1,2017,5,140,0
CTRL/NER/2017/0321,Assam,Nagaon Basin,Nagaon Basin Stable Control Point,Nagaon Basin Lowland Plains,26.35,92.68,None (Stable Alluvium),None (Stable),Stable Topography Control,2017-06-03,0,0,,,0.1,65.0,3.06,19.7,0.3,3.5,14.1,14.1,30.3,129.7,129.7,0.05,14.1,1,2017,6,154,1
CTRL/NER/2018/0322,Assam,Nagaon Basin,Nagaon Basin Stable Control Point,Nagaon Basin Lowland Plains,26.37,92.68,None (Stable Alluvium),None (Stable),Stable Topography Control,2018-08-31,0,0,,,0.1,60.0,0.39,138.1,0.0,0.0,5.6,5.6,30.2,122.7,122.7,0.05,5.6,1,2018,8,243,1
CTRL/NER/2015/0323,Assam,Nagaon Basin,Nagaon Basin Stable Control Point,Nagaon Basin Lowland Plains,26.33,92.68,None (Stable Alluvium),None (Stable),Stable Topography Control,2015-09-01,0,0,,,0.1,64.0,0.0,180.0,0.15,0.6,50.2,50.2,132.0,280.0,280.0,0.05,50.2,1,2015,9,244,1
CTRL/NER/2020/0324,Assam,Nagaon Basin,Nagaon Basin Stable Control Point,Nagaon Basin Lowland Plains,26.35,92.7,None (Stable Alluvium),None (Stable),Stable Topography Control,2020-06-28,0,0,,,0.1,64.0,0.83,110.4,0.1,0.2,7.3,7.3,100.6,155.4,155.4,0.05,7.3,1,2020,6,180,1
CTRL/NER/2020/0325,Assam,Nagaon Basin,Nagaon Basin Stable Control Point,Nagaon Basin Lowland Plains,26.35,92.66,None (Stable Alluvium),None (Stable),Stable Topography Control,2020-07-12,0,0,,,0.1,61.0,0.77,90.0,0.0,0.2,27.1,27.1,108.2,217.7,217.7,0.05,27.1,1,2020,7,194,1
CTRL/NER/2020/0326,Assam,Barpeta Plain,Barpeta Plain Stable Control Point,Barpeta Plain Lowland Plains,26.32,91.0,None (Stable Alluvium),None (Stable),Stable Topography Control,2020-06-26,0,0,,,0.1,41.0,1.41,246.0,1.25,6.3,128.4,128.4,245.7,263.8,263.8,0.05,128.4,1,2020,6,178,1
CTRL/NER/2022/0327,Assam,Barpeta Plain,Barpeta Plain Stable Control Point,Barpeta Plain Lowland Plains,26.34,91.0,None (Stable Alluvium),None (Stable),Stable Topography Control,2022-06-16,0,0,,,0.1,42.0,1.26,204.1,2.6,16.8,149.5,149.5,366.5,751.5,751.5,0.05,149.5,1,2022,6,167,1
CTRL/NER/2022/0328,Assam,Barpeta Plain,Barpeta Plain Stable Control Point,Barpeta Plain Lowland Plains,26.3,91.0,None (Stable Alluvium),None (Stable),Stable Topography Control,2022-06-17,0,0,,,0.1,42.0,0.39,41.9,0.2,0.8,94.7,94.7,350.4,828.7,828.7,0.05,94.7,1,2022,6,168,1
CTRL/NER/2022/0329,Assam,Barpeta Plain,Barpeta Plain Stable Control Point,Barpeta Plain Lowland Plains,26.32,91.02,None (Stable Alluvium),None (Stable),Stable Topography Control,2022-05-16,0,0,,,0.1,40.0,0.59,240.8,1.25,22.3,73.8,73.8,343.7,489.2,489.2,0.05,73.8,1,2022,5,136,0
CTRL/NER/2014/0330,Assam,Barpeta Plain,Barpeta Plain Stable Control Point,Barpeta Plain Lowland Plains,26.32,90.98,None (Stable Alluvium),None (Stable),Stable Topography Control,2014-05-10,0,0,,,0.1,41.0,1.55,56.2,0.1,0.8,0.9,0.9,59.8,272.2,272.2,0.05,0.9,1,2014,5,130,0
CTRL/NER/2025/0331,Assam,Dibrugarh Alluvial,Dibrugarh Alluvial Stable Control Point,Dibrugarh Alluvial Lowland Plains,27.48,94.92,None (Stable Alluvium),None (Stable),Stable Topography Control,2025-05-31,0,0,,,0.1,105.0,0.83,249.4,0.1,1.5,50.0,50.0,146.8,172.7,172.7,0.05,50.0,1,2025,5,151,0
CTRL/NER/2025/0332,Assam,Dibrugarh Alluvial,Dibrugarh Alluvial Stable Control Point,Dibrugarh Alluvial Lowland Plains,27.5,94.92,None (Stable Alluvium),None (Stable),Stable Topography Control,2025-06-06,0,0,,,0.1,102.0,0.0,180.0,0.05,0.2,0.4,0.4,13.9,221.2,221.2,0.05,0.4,1,2025,6,157,1
CTRL/NER/2025/0333,Assam,Dibrugarh Alluvial,Dibrugarh Alluvial Stable Control Point,Dibrugarh Alluvial Lowland Plains,27.46,94.92,None (Stable Alluvium),None (Stable),Stable Topography Control,2025-06-04,0,0,,,0.1,107.0,1.27,336.1,0.0,0.0,4.8,4.8,63.8,248.4,248.4,0.05,4.8,1,2025,6,155,1
CTRL/NER/2014/0334,Assam,Dibrugarh Alluvial,Dibrugarh Alluvial Stable Control Point,Dibrugarh Alluvial Lowland Plains,27.48,94.94,None (Stable Alluvium),None (Stable),Stable Topography Control,2014-07-17,0,0,,,0.1,107.0,0.52,270.0,0.0,0.0,3.3,3.3,31.6,94.5,94.5,0.05,3.3,1,2014,7,198,1
CTRL/NER/2025/0335,Assam,Dibrugarh Alluvial,Dibrugarh Alluvial Stable Control Point,Dibrugarh Alluvial Lowland Plains,27.48,94.9,None (Stable Alluvium),None (Stable),Stable Topography Control,2025-11-02,0,0,,,0.1,105.0,0.39,41.6,0.0,0.0,4.5,4.5,28.7,30.2,30.2,0.05,4.5,1,2025,11,306,0
CTRL/NER/2008/0336,Assam,Silchar Floodplain,Silchar Floodplain Stable Control Point,Silchar Floodplain Lowland Plains,24.82,92.8,None (Stable Alluvium),None (Stable),Stable Topography Control,2008-12-26,0,0,,,0.1,23.0,1.44,10.3,0.0,0.1,0.3,0.3,0.3,0.8,0.8,0.05,0.3,1,2008,12,361,0
CTRL/NER/2025/0337,Assam,Silchar Floodplain,Silchar Floodplain Stable Control Point,Silchar Floodplain Lowland Plains,24.84,92.8,None (Stable Alluvium),None (Stable),Stable Topography Control,2025-07-05,0,0,,,0.1,13.0,4.6,222.2,0.2,2.1,34.1,34.1,82.1,199.4,199.4,0.05,34.1,1,2025,7,186,1
CTRL/NER/2025/0338,Assam,Silchar Floodplain,Silchar Floodplain Stable Control Point,Silchar Floodplain Lowland Plains,24.8,92.8,None (Stable Alluvium),None (Stable),Stable Topography Control,2025-06-05,0,0,,,0.1,24.0,0.38,42.2,0.1,0.3,10.6,10.6,26.6,264.5,264.5,0.05,10.6,1,2025,6,156,1
CTRL/NER/2014/0339,Assam,Silchar Floodplain,Silchar Floodplain Stable Control Point,Silchar Floodplain Lowland Plains,24.82,92.82,None (Stable Alluvium),None (Stable),Stable Topography Control,2014-07-18,0,0,,,0.1,20.0,0.28,0.0,0.0,0.0,0.0,0.0,28.5,92.7,92.7,0.05,0.0,1,2014,7,199,1
CTRL/NER/2024/0340,Assam,Silchar Floodplain,Silchar Floodplain Stable Control Point,Silchar Floodplain Lowland Plains,24.82,92.78,None (Stable Alluvium),None (Stable),Stable Topography Control,2024-08-08,0,0,,,0.1,17.0,0.82,290.2,0.3,1.3,12.6,12.6,66.5,178.8,178.8,0.05,12.6,1,2024,8,221,1
CTRL/NER/2020/0341,Manipur,Imphal Valley Basin,Imphal Valley Basin Stable Control Point,Imphal Valley Basin Lowland Plains,24.81,93.94,None (Stable Alluvium),None (Stable),Stable Topography Control,2020-06-25,0,0,,,0.1,779.0,1.14,0.0,0.0,0.0,1.5,1.5,3.4,35.8,35.8,0.05,1.5,1,2020,6,177,1
CTRL/NER/2016/0342,Manipur,Imphal Valley Basin,Imphal Valley Basin Stable Control Point,Imphal Valley Basin Lowland Plains,24.83,93.94,None (Stable Alluvium),None (Stable),Stable Topography Control,2016-07-16,0,0,,,0.1,784.0,2.94,61.1,0.1,0.5,17.4,17.4,43.5,71.6,71.6,0.05,17.4,1,2016,7,198,1
CTRL/NER/2016/0343,Manipur,Imphal Valley Basin,Imphal Valley Basin Stable Control Point,Imphal Valley Basin Lowland Plains,24.79,93.94,None (Stable Alluvium),None (Stable),Stable Topography Control,2016-07-17,0,0,,,0.1,779.0,0.38,222.2,0.0,0.0,5.8,5.8,41.7,74.2,74.2,0.05,5.8,1,2016,7,199,1
CTRL/NER/2016/0344,Manipur,Imphal Valley Basin,Imphal Valley Basin Stable Control Point,Imphal Valley Basin Lowland Plains,24.81,93.96,None (Stable Alluvium),None (Stable),Stable Topography Control,2016-04-22,0,0,,,0.1,780.0,0.82,69.8,1.1,2.6,7.3,7.3,8.1,36.1,36.1,0.05,7.3,1,2016,4,113,0
CTRL/NER/2016/0345,Manipur,Imphal Valley Basin,Imphal Valley Basin Stable Control Point,Imphal Valley Basin Lowland Plains,24.81,93.92,None (Stable Alluvium),None (Stable),Stable Topography Control,2016-04-23,0,0,,,0.1,778.0,0.77,222.2,0.0,0.2,9.9,9.9,18.0,45.5,45.5,0.05,9.9,1,2016,4,114,0
CTRL/NER/2024/0346,Tripura,Agartala Lowland,Agartala Lowland Stable Control Point,Agartala Lowland Lowland Plains,23.83,91.28,None (Stable Alluvium),None (Stable),Stable Topography Control,2024-04-24,0,0,,,0.1,12.0,1.57,280.3,0.0,0.0,0.7,0.7,1.0,18.2,18.2,0.05,0.7,1,2024,4,115,0
CTRL/NER/2026/0347,Tripura,Agartala Lowland,Agartala Lowland Stable Control Point,Agartala Lowland Lowland Plains,23.85,91.28,None (Stable Alluvium),None (Stable),Stable Topography Control,2026-03-16,0,0,,,0.1,18.0,2.97,31.4,0.0,0.0,8.6,8.6,37.6,58.7,58.7,0.05,8.6,1,2026,3,75,0
CTRL/NER/2026/0348,Tripura,Agartala Lowland,Agartala Lowland Stable Control Point,Agartala Lowland Lowland Plains,23.81,91.28,None (Stable Alluvium),None (Stable),Stable Topography Control,2026-06-28,0,0,,,0.1,13.0,2.04,345.4,0.0,0.0,3.5,3.5,14.1,38.9,38.9,0.05,3.5,1,2026,6,179,1
CTRL/NER/2007/0349,Tripura,Agartala Lowland,Agartala Lowland Stable Control Point,Agartala Lowland Lowland Plains,23.83,91.3,None (Stable Alluvium),None (Stable),Stable Topography Control,2007-09-07,0,0,,,0.1,22.0,4.38,224.9,0.55,3.8,31.6,31.6,73.6,90.4,90.4,0.05,31.6,1,2007,9,250,1
CTRL/NER/2010/0350,Tripura,Agartala Lowland,Agartala Lowland Stable Control Point,Agartala Lowland Lowland Plains,23.83,91.26,None (Stable Alluvium),None (Stable),Stable Topography Control,2010-06-10,0,0,,,0.1,11.0,0.62,204.6,0.0,0.0,9.8,9.8,19.0,114.0,114.0,0.05,9.8,1,2010,6,161,1
CTRL/NER/2018/0351,Tripura,Khowai Plain,Khowai Plain Stable Control Point,Khowai Plain Lowland Plains,24.06,91.6,None (Stable Alluvium),None (Stable),Stable Topography Control,2018-08-02,0,0,,,0.1,31.0,1.7,180.0,0.05,0.1,5.7,5.7,17.5,53.8,53.8,0.05,5.7,1,2018,8,214,1
CTRL/NER/2007/0352,Tripura,Khowai Plain,Khowai Plain Stable Control Point,Khowai Plain Lowland Plains,24.08,91.6,None (Stable Alluvium),None (Stable),Stable Topography Control,2007-06-16,0,0,,,0.1,28.0,0.38,317.6,0.7,2.2,46.7,46.7,72.2,208.3,208.3,0.05,46.7,1,2007,6,167,1
CTRL/NER/2007/0353,Tripura,Khowai Plain,Khowai Plain Stable Control Point,Khowai Plain Lowland Plains,24.04,91.6,None (Stable Alluvium),None (Stable),Stable Topography Control,2007-09-10,0,0,,,0.1,27.0,0.96,306.1,0.45,2.3,8.5,8.5,75.3,170.0,170.0,0.05,8.5,1,2007,9,253,1
CTRL/NER/2008/0354,Tripura,Khowai Plain,Khowai Plain Stable Control Point,Khowai Plain Lowland Plains,24.06,91.62,None (Stable Alluvium),None (Stable),Stable Topography Control,2008-07-01,0,0,,,0.1,33.0,0.62,204.5,0.15,1.0,5.7,5.7,33.4,64.4,64.4,0.05,5.7,1,2008,7,183,1
CTRL/NER/2007/0355,Tripura,Khowai Plain,Khowai Plain Stable Control Point,Khowai Plain Lowland Plains,24.06,91.58,None (Stable Alluvium),None (Stable),Stable Topography Control,2007-09-12,0,0,,,0.1,33.0,2.04,194.6,0.0,0.0,9.6,9.6,20.2,162.3,162.3,0.05,9.6,1,2007,9,255,1
CTRL/NER/2008/0356,Nagaland,Dimapur Plain,Dimapur Plain Stable Control Point,Dimapur Plain Lowland Plains,25.9,93.73,None (Stable Alluvium),None (Stable),Stable Topography Control,2008-06-19,0,0,,,0.1,147.0,3.16,355.3,0.0,0.1,8.3,8.3,29.2,77.8,77.8,0.05,8.3,1,2008,6,171,1
CTRL/NER/2010/0357,Nagaland,Dimapur Plain,Dimapur Plain Stable Control Point,Dimapur Plain Lowland Plains,25.92,93.73,None (Stable Alluvium),None (Stable),Stable Topography Control,2010-06-05,0,0,,,0.1,145.0,1.55,236.3,0.05,0.2,21.0,21.0,181.7,231.9,231.9,0.05,21.0,1,2010,6,156,1
CTRL/NER/2018/0358,Nagaland,Dimapur Plain,Dimapur Plain Stable Control Point,Dimapur Plain Lowland Plains,25.88,93.73,None (Stable Alluvium),None (Stable),Stable Topography Control,2018-06-06,0,0,,,0.1,150.0,1.32,102.5,3.9,14.7,31.5,31.5,55.5,106.1,106.1,0.05,31.5,1,2018,6,157,1
CTRL/NER/2018/0359,Nagaland,Dimapur Plain,Dimapur Plain Stable Control Point,Dimapur Plain Lowland Plains,25.9,93.75,None (Stable Alluvium),None (Stable),Stable Topography Control,2018-06-12,0,0,,,0.1,141.0,2.91,190.2,2.85,12.1,38.2,38.2,70.6,165.7,165.7,0.05,38.2,1,2018,6,163,1
CTRL/NER/2018/0360,Nagaland,Dimapur Plain,Dimapur Plain Stable Control Point,Dimapur Plain Lowland Plains,25.9,93.71,None (Stable Alluvium),None (Stable),Stable Topography Control,2018-06-22,0,0,,,0.1,156.0,1.38,326.0,0.0,0.0,1.7,1.7,4.2,24.7,24.7,0.05,1.7,1,2018,6,173,1
CTRL/NER/2018/0361,Assam,Kamrup Plains,Kamrup Plains Stable Control Point,Kamrup Plains Lowland Plains,26.2,91.6,None (Stable Alluvium),None (Stable),Stable Topography Control,2018-05-03,0,0,,,0.1,42.0,0.86,0.0,0.0,0.0,3.4,3.4,10.8,45.6,45.6,0.05,3.4,1,2018,5,123,0
CTRL/NER/2007/0362,Assam,Kamrup Plains,Kamrup Plains Stable Control Point,Kamrup Plains Lowland Plains,26.22,91.6,None (Stable Alluvium),None (Stable),Stable Topography Control,2007-08-24,0,0,,,0.1,47.0,1.55,138.1,0.3,0.9,6.9,6.9,28.9,114.0,114.0,0.05,6.9,1,2007,8,236,1
CTRL/NER/2007/0363,Assam,Kamrup Plains,Kamrup Plains Stable Control Point,Kamrup Plains Lowland Plains,26.18,91.6,None (Stable Alluvium),None (Stable),Stable Topography Control,2007-08-28,0,0,,,0.1,42.0,0.0,180.0,0.0,0.0,3.4,3.4,21.2,55.5,55.5,0.05,3.4,1,2007,8,240,1
CTRL/NER/2018/0364,Assam,Kamrup Plains,Kamrup Plains Stable Control Point,Kamrup Plains Lowland Plains,26.2,91.62,None (Stable Alluvium),None (Stable),Stable Topography Control,2018-07-11,0,0,,,0.1,42.0,0.0,180.0,2.3,10.0,24.5,24.5,27.4,49.5,49.5,0.05,24.5,1,2018,7,192,1
CTRL/NER/2007/0365,Assam,Kamrup Plains,Kamrup Plains Stable Control Point,Kamrup Plains Lowland Plains,26.2,91.58,None (Stable Alluvium),None (Stable),Stable Topography Control,2007-09-09,0,0,,,0.1,48.0,0.29,0.0,0.15,0.8,11.0,11.0,74.9,215.9,215.9,0.05,11.0,1,2007,9,252,1
CTRL/NER/2024/0366,Assam,Nagaon Basin,Nagaon Basin Stable Control Point,Nagaon Basin Lowland Plains,26.35,92.68,None (Stable Alluvium),None (Stable),Stable Topography Control,2024-07-29,0,0,,,0.1,65.0,3.06,19.7,0.35,1.1,5.3,5.3,13.6,38.7,38.7,0.05,5.3,1,2024,7,211,1
CTRL/NER/2011/0367,Assam,Nagaon Basin,Nagaon Basin Stable Control Point,Nagaon Basin Lowland Plains,26.37,92.68,None (Stable Alluvium),None (Stable),Stable Topography Control,2011-05-31,0,0,,,0.1,60.0,0.39,138.1,0.0,0.0,10.1,10.1,55.7,96.6,96.6,0.05,10.1,1,2011,5,151,0
CTRL/NER/2011/0368,Assam,Nagaon Basin,Nagaon Basin Stable Control Point,Nagaon Basin Lowland Plains,26.33,92.68,None (Stable Alluvium),None (Stable),Stable Topography Control,2011-07-06,0,0,,,0.1,64.0,0.0,180.0,0.1,0.5,11.5,11.5,34.9,114.9,114.9,0.05,11.5,1,2011,7,187,1
CTRL/NER/2011/0369,Assam,Nagaon Basin,Nagaon Basin Stable Control Point,Nagaon Basin Lowland Plains,26.35,92.7,None (Stable Alluvium),None (Stable),Stable Topography Control,2011-06-26,0,0,,,0.1,64.0,0.83,110.4,0.15,0.5,6.2,6.2,33.7,96.2,96.2,0.05,6.2,1,2011,6,177,1
CTRL/NER/2010/0370,Assam,Nagaon Basin,Nagaon Basin Stable Control Point,Nagaon Basin Lowland Plains,26.35,92.66,None (Stable Alluvium),None (Stable),Stable Topography Control,2010-06-08,0,0,,,0.1,61.0,0.77,90.0,0.3,1.2,6.5,6.5,14.3,141.8,141.8,0.05,6.5,1,2010,6,159,1
CTRL/NER/2010/0371,Assam,Barpeta Plain,Barpeta Plain Stable Control Point,Barpeta Plain Lowland Plains,26.32,91.0,None (Stable Alluvium),None (Stable),Stable Topography Control,2010-03-28,0,0,,,0.1,41.0,1.41,246.0,0.0,0.4,97.2,97.2,155.4,157.2,157.2,0.05,97.2,1,2010,3,87,0
CTRL/NER/2015/0372,Assam,Barpeta Plain,Barpeta Plain Stable Control Point,Barpeta Plain Lowland Plains,26.34,91.0,None (Stable Alluvium),None (Stable),Stable Topography Control,2015-07-30,0,0,,,0.1,42.0,1.26,204.1,0.0,0.0,0.3,0.3,1.1,53.8,53.8,0.05,0.3,1,2015,7,211,1
CTRL/NER/2018/0373,Assam,Barpeta Plain,Barpeta Plain Stable Control Point,Barpeta Plain Lowland Plains,26.3,91.0,None (Stable Alluvium),None (Stable),Stable Topography Control,2018-05-07,0,0,,,0.1,42.0,0.39,41.9,0.45,6.1,19.9,19.9,38.9,107.2,107.2,0.05,19.9,1,2018,5,127,0
CTRL/NER/2007/0374,Assam,Barpeta Plain,Barpeta Plain Stable Control Point,Barpeta Plain Lowland Plains,26.32,91.02,None (Stable Alluvium),None (Stable),Stable Topography Control,2007-07-31,0,0,,,0.1,40.0,0.59,240.8,0.45,3.7,37.1,37.1,80.0,249.5,249.5,0.05,37.1,1,2007,7,212,1
CTRL/NER/2008/0375,Assam,Barpeta Plain,Barpeta Plain Stable Control Point,Barpeta Plain Lowland Plains,26.32,90.98,None (Stable Alluvium),None (Stable),Stable Topography Control,2008-08-12,0,0,,,0.1,41.0,1.55,56.2,0.3,0.9,9.8,9.8,175.1,276.5,276.5,0.05,9.8,1,2008,8,225,1
CTRL/NER/2008/0376,Assam,Dibrugarh Alluvial,Dibrugarh Alluvial Stable Control Point,Dibrugarh Alluvial Lowland Plains,27.48,94.92,None (Stable Alluvium),None (Stable),Stable Topography Control,2008-08-10,0,0,,,0.1,105.0,0.83,249.4,1.95,13.0,28.2,28.2,38.2,133.9,133.9,0.05,28.2,1,2008,8,223,1
CTRL/NER/2022/0377,Assam,Dibrugarh Alluvial,Dibrugarh Alluvial Stable Control Point,Dibrugarh Alluvial Lowland Plains,27.5,94.92,None (Stable Alluvium),None (Stable),Stable Topography Control,2022-04-04,0,0,,,0.1,102.0,0.0,180.0,1.45,12.6,139.0,139.0,190.3,258.2,258.2,0.05,139.0,1,2022,4,94,0
CTRL/NER/2009/0378,Assam,Dibrugarh Alluvial,Dibrugarh Alluvial Stable Control Point,Dibrugarh Alluvial Lowland Plains,27.46,94.92,None (Stable Alluvium),None (Stable),Stable Topography Control,2009-06-29,0,0,,,0.1,107.0,1.27,336.1,1.0,7.9,36.3,36.3,67.1,121.8,121.8,0.05,36.3,1,2009,6,180,1
CTRL/NER/2013/0379,Assam,Dibrugarh Alluvial,Dibrugarh Alluvial Stable Control Point,Dibrugarh Alluvial Lowland Plains,27.48,94.94,None (Stable Alluvium),None (Stable),Stable Topography Control,2013-08-06,0,0,,,0.1,107.0,0.52,270.0,0.2,0.9,4.6,4.6,86.8,163.9,163.9,0.05,4.6,1,2013,8,218,1
CTRL/NER/2007/0380,Assam,Dibrugarh Alluvial,Dibrugarh Alluvial Stable Control Point,Dibrugarh Alluvial Lowland Plains,27.48,94.9,None (Stable Alluvium),None (Stable),Stable Topography Control,2007-07-19,0,0,,,0.1,105.0,0.39,41.6,0.2,1.5,24.8,24.8,72.2,205.3,205.3,0.05,24.8,1,2007,7,200,1
CTRL/NER/2007/0381,Assam,Silchar Floodplain,Silchar Floodplain Stable Control Point,Silchar Floodplain Lowland Plains,24.82,92.8,None (Stable Alluvium),None (Stable),Stable Topography Control,2007-08-18,0,0,,,0.1,23.0,1.44,10.3,0.15,2.7,11.5,11.5,29.3,93.5,93.5,0.05,11.5,1,2007,8,230,1
CTRL/NER/2009/0382,Assam,Silchar Floodplain,Silchar Floodplain Stable Control Point,Silchar Floodplain Lowland Plains,24.84,92.8,None (Stable Alluvium),None (Stable),Stable Topography Control,2009-07-17,0,0,,,0.1,13.0,4.6,222.2,0.15,1.2,1.6,1.6,16.4,42.9,42.9,0.05,1.6,1,2009,7,198,1
CTRL/NER/2007/0383,Assam,Silchar Floodplain,Silchar Floodplain Stable Control Point,Silchar Floodplain Lowland Plains,24.8,92.8,None (Stable Alluvium),None (Stable),Stable Topography Control,2007-07-17,0,0,,,0.1,24.0,0.38,42.2,0.65,3.5,14.1,14.1,79.0,109.8,109.8,0.05,14.1,1,2007,7,198,1
CTRL/NER/2007/0384,Assam,Silchar Floodplain,Silchar Floodplain Stable Control Point,Silchar Floodplain Lowland Plains,24.82,92.82,None (Stable Alluvium),None (Stable),Stable Topography Control,2007-07-25,0,0,,,0.1,20.0,0.28,0.0,0.45,2.1,16.2,16.2,70.9,212.5,212.5,0.05,16.2,1,2007,7,206,1
CTRL/NER/2007/0385,Assam,Silchar Floodplain,Silchar Floodplain Stable Control Point,Silchar Floodplain Lowland Plains,24.82,92.78,None (Stable Alluvium),None (Stable),Stable Topography Control,2007-07-27,0,0,,,0.1,17.0,0.82,290.2,0.45,2.5,24.5,24.5,60.7,183.4,183.4,0.05,24.5,1,2007,7,208,1
CTRL/NER/2009/0386,Manipur,Imphal Valley Basin,Imphal Valley Basin Stable Control Point,Imphal Valley Basin Lowland Plains,24.81,93.94,None (Stable Alluvium),None (Stable),Stable Topography Control,2009-07-01,0,0,,,0.1,779.0,1.14,0.0,0.1,0.7,10.0,10.0,18.6,41.6,41.6,0.05,10.0,1,2009,7,182,1
CTRL/NER/2007/0387,Manipur,Imphal Valley Basin,Imphal Valley Basin Stable Control Point,Imphal Valley Basin Lowland Plains,24.83,93.94,None (Stable Alluvium),None (Stable),Stable Topography Control,2007-09-08,0,0,,,0.1,784.0,2.94,61.1,0.0,0.0,9.4,9.4,71.4,156.9,156.9,0.05,9.4,1,2007,9,251,1
CTRL/NER/2024/0388,Manipur,Imphal Valley Basin,Imphal Valley Basin Stable Control Point,Imphal Valley Basin Lowland Plains,24.79,93.94,None (Stable Alluvium),None (Stable),Stable Topography Control,2024-05-27,0,0,,,0.1,779.0,0.38,222.2,0.3,2.9,30.1,30.1,41.4,44.4,44.4,0.05,30.1,1,2024,5,148,0
CTRL/NER/2017/0389,Manipur,Imphal Valley Basin,Imphal Valley Basin Stable Control Point,Imphal Valley Basin Lowland Plains,24.81,93.96,None (Stable Alluvium),None (Stable),Stable Topography Control,2017-06-17,0,0,,,0.1,780.0,0.82,69.8,0.0,0.0,7.8,7.8,44.6,153.5,153.5,0.05,7.8,1,2017,6,168,1
CTRL/NER/2007/0390,Manipur,Imphal Valley Basin,Imphal Valley Basin Stable Control Point,Imphal Valley Basin Lowland Plains,24.81,93.92,None (Stable Alluvium),None (Stable),Stable Topography Control,2007-09-15,0,0,,,0.1,778.0,0.77,222.2,0.15,1.0,5.6,5.6,12.0,32.8,32.8,0.05,5.6,1,2007,9,258,1
CTRL/NER/2014/0391,Tripura,Agartala Lowland,Agartala Lowland Stable Control Point,Agartala Lowland Lowland Plains,23.83,91.28,None (Stable Alluvium),None (Stable),Stable Topography Control,2014-09-20,0,0,,,0.1,12.0,1.57,280.3,0.0,0.0,21.3,21.3,36.5,41.8,41.8,0.05,21.3,1,2014,9,263,1
CTRL/NER/2020/0392,Tripura,Agartala Lowland,Agartala Lowland Stable Control Point,Agartala Lowland Lowland Plains,23.85,91.28,None (Stable Alluvium),None (Stable),Stable Topography Control,2020-05-25,0,0,,,0.1,18.0,2.97,31.4,0.0,0.0,0.0,0.0,1.6,40.1,40.1,0.05,0.0,1,2020,5,146,0
CTRL/NER/2020/0393,Tripura,Agartala Lowland,Agartala Lowland Stable Control Point,Agartala Lowland Lowland Plains,23.81,91.28,None (Stable Alluvium),None (Stable),Stable Topography Control,2020-05-26,0,0,,,0.1,13.0,2.04,345.4,0.0,0.0,1.1,1.1,2.2,40.4,40.4,0.05,1.1,1,2020,5,147,0
CTRL/NER/2024/0394,Tripura,Agartala Lowland,Agartala Lowland Stable Control Point,Agartala Lowland Lowland Plains,23.83,91.3,None (Stable Alluvium),None (Stable),Stable Topography Control,2024-10-04,0,0,,,0.1,22.0,4.38,224.9,1.95,9.3,15.7,15.7,82.1,114.5,114.5,0.05,15.7,1,2024,10,278,0
CTRL/NER/2024/0395,Tripura,Agartala Lowland,Agartala Lowland Stable Control Point,Agartala Lowland Lowland Plains,23.83,91.26,None (Stable Alluvium),None (Stable),Stable Topography Control,2024-06-15,0,0,,,0.1,11.0,0.62,204.6,0.0,0.0,2.0,2.0,10.7,59.0,59.0,0.05,2.0,1,2024,6,167,1
CTRL/NER/2024/0396,Tripura,Khowai Plain,Khowai Plain Stable Control Point,Khowai Plain Lowland Plains,24.06,91.6,None (Stable Alluvium),None (Stable),Stable Topography Control,2024-06-17,0,0,,,0.1,31.0,1.7,180.0,0.0,0.0,18.0,18.0,26.6,49.1,49.1,0.05,18.0,1,2024,6,169,1
CTRL/NER/2024/0397,Tripura,Khowai Plain,Khowai Plain Stable Control Point,Khowai Plain Lowland Plains,24.08,91.6,None (Stable Alluvium),None (Stable),Stable Topography Control,2024-07-06,0,0,,,0.1,28.0,0.38,317.6,0.0,0.0,2.3,2.3,20.2,117.5,117.5,0.05,2.3,1,2024,7,188,1
CTRL/NER/2025/0398,Tripura,Khowai Plain,Khowai Plain Stable Control Point,Khowai Plain Lowland Plains,24.04,91.6,None (Stable Alluvium),None (Stable),Stable Topography Control,2025-05-30,0,0,,,0.1,27.0,0.96,306.1,0.0,0.0,60.7,60.7,109.4,120.8,120.8,0.05,60.7,1,2025,5,150,0
CTRL/NER/2010/0399,Tripura,Khowai Plain,Khowai Plain Stable Control Point,Khowai Plain Lowland Plains,24.06,91.62,None (Stable Alluvium),None (Stable),Stable Topography Control,2010-08-27,0,0,,,0.1,33.0,0.62,204.5,0.0,0.0,12.2,12.2,30.6,102.2,102.2,0.05,12.2,1,2010,8,239,1
CTRL/NER/2010/0400,Tripura,Khowai Plain,Khowai Plain Stable Control Point,Khowai Plain Lowland Plains,24.06,91.58,None (Stable Alluvium),None (Stable),Stable Topography Control,2010-06-28,0,0,,,0.1,33.0,2.04,194.6,0.6,6.1,14.9,14.9,21.4,90.0,90.0,0.05,14.9,1,2010,6,179,1
CTRL/NER/2010/0401,Nagaland,Dimapur Plain,Dimapur Plain Stable Control Point,Dimapur Plain Lowland Plains,25.9,93.73,None (Stable Alluvium),None (Stable),Stable Topography Control,2010-04-22,0,0,,,0.1,147.0,3.16,355.3,0.05,0.2,22.4,22.4,171.4,292.3,292.3,0.05,22.4,1,2010,4,112,0
CTRL/NER/2019/0402,Nagaland,Dimapur Plain,Dimapur Plain Stable Control Point,Dimapur Plain Lowland Plains,25.92,93.73,None (Stable Alluvium),None (Stable),Stable Topography Control,2019-07-07,0,0,,,0.1,145.0,1.55,236.3,1.15,6.9,21.9,21.9,85.3,128.5,128.5,0.05,21.9,1,2019,7,188,1
CTRL/NER/2019/0403,Nagaland,Dimapur Plain,Dimapur Plain Stable Control Point,Dimapur Plain Lowland Plains,25.88,93.73,None (Stable Alluvium),None (Stable),Stable Topography Control,2019-06-27,0,0,,,0.1,150.0,1.32,102.5,0.0,0.0,3.9,3.9,6.4,80.6,80.6,0.05,3.9,1,2019,6,178,1
CTRL/NER/2023/0404,Nagaland,Dimapur Plain,Dimapur Plain Stable Control Point,Dimapur Plain Lowland Plains,25.9,93.75,None (Stable Alluvium),None (Stable),Stable Topography Control,2023-04-13,0,0,,,0.1,141.0,2.91,190.2,0.0,0.0,0.0,0.0,0.0,0.0,0.0,0.05,0.0,1,2023,4,103,0
CTRL/NER/2023/0405,Nagaland,Dimapur Plain,Dimapur Plain Stable Control Point,Dimapur Plain Lowland Plains,25.9,93.71,None (Stable Alluvium),None (Stable),Stable Topography Control,2023-08-10,0,0,,,0.1,156.0,1.38,326.0,0.0,0.1,0.6,0.6,7.4,92.8,92.8,0.05,0.6,1,2023,8,222,1
CTRL/NER/2024/0406,Assam,Kamrup Plains,Kamrup Plains Stable Control Point,Kamrup Plains Lowland Plains,26.2,91.6,None (Stable Alluvium),None (Stable),Stable Topography Control,2024-06-28,0,0,,,0.1,42.0,0.86,0.0,0.05,1.1,9.8,9.8,36.2,65.1,65.1,0.05,9.8,1,2024,6,180,1
CTRL/NER/2024/0407,Assam,Kamrup Plains,Kamrup Plains Stable Control Point,Kamrup Plains Lowland Plains,26.22,91.6,None (Stable Alluvium),None (Stable),Stable Topography Control,2024-05-28,0,0,,,0.1,47.0,1.55,138.1,0.0,0.0,60.4,60.4,88.2,97.8,97.8,0.05,60.4,1,2024,5,149,0
CTRL/NER/2024/0408,Assam,Kamrup Plains,Kamrup Plains Stable Control Point,Kamrup Plains Lowland Plains,26.18,91.6,None (Stable Alluvium),None (Stable),Stable Topography Control,2024-07-02,0,0,,,0.1,42.0,0.0,180.0,0.15,0.3,12.8,12.8,131.9,214.9,214.9,0.05,12.8,1,2024,7,184,1
CTRL/NER/2024/0409,Assam,Kamrup Plains,Kamrup Plains Stable Control Point,Kamrup Plains Lowland Plains,26.2,91.62,None (Stable Alluvium),None (Stable),Stable Topography Control,2024-07-01,0,0,,,0.1,42.0,0.0,180.0,1.0,7.2,77.6,77.6,156.9,206.5,206.5,0.05,77.6,1,2024,7,183,1
CTRL/NER/2024/0410,Assam,Kamrup Plains,Kamrup Plains Stable Control Point,Kamrup Plains Lowland Plains,26.2,91.58,None (Stable Alluvium),None (Stable),Stable Topography Control,2024-06-30,0,0,,,0.1,48.0,0.29,0.0,0.85,5.1,41.5,41.5,89.1,133.8,133.8,0.05,41.5,1,2024,6,182,1
CTRL/NER/2025/0411,Assam,Nagaon Basin,Nagaon Basin Stable Control Point,Nagaon Basin Lowland Plains,26.35,92.68,None (Stable Alluvium),None (Stable),Stable Topography Control,2025-07-02,0,0,,,0.1,65.0,3.06,19.7,0.0,0.0,7.0,7.0,52.5,106.6,106.6,0.05,7.0,1,2025,7,183,1
CTRL/NER/2024/0412,Assam,Nagaon Basin,Nagaon Basin Stable Control Point,Nagaon Basin Lowland Plains,26.37,92.68,None (Stable Alluvium),None (Stable),Stable Topography Control,2024-06-14,0,0,,,0.1,60.0,0.39,138.1,0.0,0.0,1.1,1.1,39.7,55.5,55.5,0.05,1.1,1,2024,6,166,1
CTRL/NER/2024/0413,Assam,Nagaon Basin,Nagaon Basin Stable Control Point,Nagaon Basin Lowland Plains,26.33,92.68,None (Stable Alluvium),None (Stable),Stable Topography Control,2024-07-14,0,0,,,0.1,64.0,0.0,180.0,0.0,0.0,1.1,1.1,22.6,97.6,97.6,0.05,1.1,1,2024,7,196,1
CTRL/NER/2025/0414,Assam,Nagaon Basin,Nagaon Basin Stable Control Point,Nagaon Basin Lowland Plains,26.35,92.7,None (Stable Alluvium),None (Stable),Stable Topography Control,2025-05-29,0,0,,,0.1,64.0,0.83,110.4,0.6,3.7,29.2,29.2,50.5,85.0,85.0,0.05,29.2,1,2025,5,149,0
CTRL/NER/2025/0415,Assam,Nagaon Basin,Nagaon Basin Stable Control Point,Nagaon Basin Lowland Plains,26.35,92.66,None (Stable Alluvium),None (Stable),Stable Topography Control,2025-06-25,0,0,,,0.1,61.0,0.77,90.0,0.0,0.0,5.9,5.9,99.3,204.7,204.7,0.05,5.9,1,2025,6,176,1
CTRL/NER/2024/0416,Assam,Barpeta Plain,Barpeta Plain Stable Control Point,Barpeta Plain Lowland Plains,26.32,91.0,None (Stable Alluvium),None (Stable),Stable Topography Control,2024-10-08,0,0,,,0.1,41.0,1.41,246.0,1.4,5.4,10.8,10.8,24.7,176.6,176.6,0.05,10.8,1,2024,10,282,0
CTRL/NER/2024/0417,Assam,Barpeta Plain,Barpeta Plain Stable Control Point,Barpeta Plain Lowland Plains,26.34,91.0,None (Stable Alluvium),None (Stable),Stable Topography Control,2024-08-06,0,0,,,0.1,42.0,1.26,204.1,0.0,0.2,24.6,24.6,76.1,243.4,243.4,0.05,24.6,1,2024,8,219,1
CTRL/NER/2025/0418,Assam,Barpeta Plain,Barpeta Plain Stable Control Point,Barpeta Plain Lowland Plains,26.3,91.0,None (Stable Alluvium),None (Stable),Stable Topography Control,2025-05-28,0,0,,,0.1,42.0,0.39,41.9,0.05,15.5,29.0,29.0,82.1,175.1,175.1,0.05,29.0,1,2025,5,148,0
CTRL/NER/2025/0419,Assam,Barpeta Plain,Barpeta Plain Stable Control Point,Barpeta Plain Lowland Plains,26.32,91.02,None (Stable Alluvium),None (Stable),Stable Topography Control,2025-06-11,0,0,,,0.1,40.0,0.59,240.8,0.0,0.0,1.6,1.6,1.9,28.1,28.1,0.05,1.6,1,2025,6,162,1
CTRL/NER/2024/0420,Assam,Barpeta Plain,Barpeta Plain Stable Control Point,Barpeta Plain Lowland Plains,26.32,90.98,None (Stable Alluvium),None (Stable),Stable Topography Control,2024-05-29,0,0,,,0.1,41.0,1.55,56.2,2.65,18.2,58.8,58.8,200.9,220.1,220.1,0.05,58.8,1,2024,5,150,0
CTRL/NER/2024/0421,Assam,Dibrugarh Alluvial,Dibrugarh Alluvial Stable Control Point,Dibrugarh Alluvial Lowland Plains,27.48,94.92,None (Stable Alluvium),None (Stable),Stable Topography Control,2024-08-28,0,0,,,0.1,105.0,0.83,249.4,0.0,0.0,12.0,12.0,38.9,58.4,58.4,0.05,12.0,1,2024,8,241,1
CTRL/NER/2026/0422,Assam,Dibrugarh Alluvial,Dibrugarh Alluvial Stable Control Point,Dibrugarh Alluvial Lowland Plains,27.5,94.92,None (Stable Alluvium),None (Stable),Stable Topography Control,2026-07-13,0,0,,,0.1,102.0,0.0,180.0,0.0,0.0,5.4,5.4,71.4,163.6,163.6,0.05,5.4,1,2026,7,194,1
CTRL/NER/2025/0423,Assam,Dibrugarh Alluvial,Dibrugarh Alluvial Stable Control Point,Dibrugarh Alluvial Lowland Plains,27.46,94.92,None (Stable Alluvium),None (Stable),Stable Topography Control,2025-08-19,0,0,,,0.1,107.0,1.27,336.1,0.0,0.0,27.0,27.0,49.8,85.8,85.8,0.05,27.0,1,2025,8,231,1
CTRL/NER/2023/0424,Assam,Dibrugarh Alluvial,Dibrugarh Alluvial Stable Control Point,Dibrugarh Alluvial Lowland Plains,27.48,94.94,None (Stable Alluvium),None (Stable),Stable Topography Control,2023-09-19,0,0,,,0.1,107.0,0.52,270.0,0.35,1.0,2.6,2.6,3.4,62.1,62.1,0.05,2.6,1,2023,9,262,1
CTRL/NER/2023/0425,Assam,Dibrugarh Alluvial,Dibrugarh Alluvial Stable Control Point,Dibrugarh Alluvial Lowland Plains,27.48,94.9,None (Stable Alluvium),None (Stable),Stable Topography Control,2023-10-02,0,0,,,0.1,105.0,0.39,41.6,0.05,0.1,0.7,0.7,2.2,13.0,13.0,0.05,0.7,1,2023,10,275,0
CTRL/NER/2022/0426,Assam,Silchar Floodplain,Silchar Floodplain Stable Control Point,Silchar Floodplain Lowland Plains,24.82,92.8,None (Stable Alluvium),None (Stable),Stable Topography Control,2022-11-14,0,0,,,0.1,23.0,1.44,10.3,0.0,0.0,0.0,0.0,0.0,0.0,0.0,0.05,0.0,1,2022,11,318,0
CTRL/NER/2022/0427,Assam,Silchar Floodplain,Silchar Floodplain Stable Control Point,Silchar Floodplain Lowland Plains,24.84,92.8,None (Stable Alluvium),None (Stable),Stable Topography Control,2022-04-05,0,0,,,0.1,13.0,4.6,222.2,0.0,6.2,10.3,10.3,65.7,73.0,73.0,0.05,10.3,1,2022,4,95,0
CTRL/NER/2023/0428,Assam,Silchar Floodplain,Silchar Floodplain Stable Control Point,Silchar Floodplain Lowland Plains,24.8,92.8,None (Stable Alluvium),None (Stable),Stable Topography Control,2023-08-13,0,0,,,0.1,24.0,0.38,42.2,1.3,7.0,12.1,12.1,32.1,119.3,119.3,0.05,12.1,1,2023,8,225,1
CTRL/NER/2023/0429,Assam,Silchar Floodplain,Silchar Floodplain Stable Control Point,Silchar Floodplain Lowland Plains,24.82,92.82,None (Stable Alluvium),None (Stable),Stable Topography Control,2023-07-24,0,0,,,0.1,20.0,0.28,0.0,0.0,0.0,21.0,21.0,52.8,151.5,151.5,0.05,21.0,1,2023,7,205,1
CTRL/NER/2013/0430,Assam,Silchar Floodplain,Silchar Floodplain Stable Control Point,Silchar Floodplain Lowland Plains,24.82,92.78,None (Stable Alluvium),None (Stable),Stable Topography Control,2013-08-15,0,0,,,0.1,17.0,0.82,290.2,0.35,0.9,5.3,5.3,26.6,69.8,69.8,0.05,5.3,1,2013,8,227,1
CTRL/NER/2023/0431,Manipur,Imphal Valley Basin,Imphal Valley Basin Stable Control Point,Imphal Valley Basin Lowland Plains,24.81,93.94,None (Stable Alluvium),None (Stable),Stable Topography Control,2023-06-09,0,0,,,0.1,779.0,1.14,0.0,2.35,8.2,19.0,19.0,33.8,39.1,39.1,0.05,19.0,1,2023,6,160,1
CTRL/NER/2023/0432,Manipur,Imphal Valley Basin,Imphal Valley Basin Stable Control Point,Imphal Valley Basin Lowland Plains,24.83,93.94,None (Stable Alluvium),None (Stable),Stable Topography Control,2023-08-08,0,0,,,0.1,784.0,2.94,61.1,0.2,0.4,16.7,16.7,46.5,121.2,121.2,0.05,16.7,1,2023,8,220,1
CTRL/NER/2023/0433,Manipur,Imphal Valley Basin,Imphal Valley Basin Stable Control Point,Imphal Valley Basin Lowland Plains,24.79,93.94,None (Stable Alluvium),None (Stable),Stable Topography Control,2023-07-25,0,0,,,0.1,779.0,0.38,222.2,0.05,3.0,9.1,9.1,14.0,40.7,40.7,0.05,9.1,1,2023,7,206,1
CTRL/NER/2023/0434,Manipur,Imphal Valley Basin,Imphal Valley Basin Stable Control Point,Imphal Valley Basin Lowland Plains,24.81,93.96,None (Stable Alluvium),None (Stable),Stable Topography Control,2023-07-06,0,0,,,0.1,780.0,0.82,69.8,0.2,1.0,14.8,14.8,43.2,44.7,44.7,0.05,14.8,1,2023,7,187,1
CTRL/NER/2023/0435,Manipur,Imphal Valley Basin,Imphal Valley Basin Stable Control Point,Imphal Valley Basin Lowland Plains,24.81,93.92,None (Stable Alluvium),None (Stable),Stable Topography Control,2023-08-06,0,0,,,0.1,778.0,0.77,222.2,0.0,0.1,3.6,3.6,24.5,75.0,75.0,0.05,3.6,1,2023,8,218,1
CTRL/NER/2023/0436,Tripura,Agartala Lowland,Agartala Lowland Stable Control Point,Agartala Lowland Lowland Plains,23.83,91.28,None (Stable Alluvium),None (Stable),Stable Topography Control,2023-07-28,0,0,,,0.1,12.0,1.57,280.3,0.0,0.0,3.2,3.2,15.3,28.6,28.6,0.05,3.2,1,2023,7,209,1
CTRL/NER/2023/0437,Tripura,Agartala Lowland,Agartala Lowland Stable Control Point,Agartala Lowland Lowland Plains,23.85,91.28,None (Stable Alluvium),None (Stable),Stable Topography Control,2023-08-02,0,0,,,0.1,18.0,2.97,31.4,0.05,0.1,8.5,8.5,52.6,78.7,78.7,0.05,8.5,1,2023,8,214,1
CTRL/NER/2023/0438,Tripura,Agartala Lowland,Agartala Lowland Stable Control Point,Agartala Lowland Lowland Plains,23.81,91.28,None (Stable Alluvium),None (Stable),Stable Topography Control,2023-08-03,0,0,,,0.1,13.0,2.04,345.4,0.0,0.0,7.5,7.5,20.5,81.4,81.4,0.05,7.5,1,2023,8,215,1
CTRL/NER/2023/0439,Tripura,Agartala Lowland,Agartala Lowland Stable Control Point,Agartala Lowland Lowland Plains,23.83,91.3,None (Stable Alluvium),None (Stable),Stable Topography Control,2023-06-02,0,0,,,0.1,22.0,4.38,224.9,0.0,0.0,0.5,0.5,2.9,9.3,9.3,0.05,0.5,1,2023,6,153,1
CTRL/NER/2023/0440,Tripura,Agartala Lowland,Agartala Lowland Stable Control Point,Agartala Lowland Lowland Plains,23.83,91.26,None (Stable Alluvium),None (Stable),Stable Topography Control,2023-08-09,0,0,,,0.1,11.0,0.62,204.6,0.0,0.0,0.9,0.9,94.4,185.9,185.9,0.05,0.9,1,2023,8,221,1
CTRL/NER/2023/0441,Tripura,Khowai Plain,Khowai Plain Stable Control Point,Khowai Plain Lowland Plains,24.06,91.6,None (Stable Alluvium),None (Stable),Stable Topography Control,2023-10-25,0,0,,,0.1,31.0,1.7,180.0,0.0,0.0,3.4,3.4,9.1,9.5,9.5,0.05,3.4,1,2023,10,298,0
CTRL/NER/2023/0442,Tripura,Khowai Plain,Khowai Plain Stable Control Point,Khowai Plain Lowland Plains,24.08,91.6,None (Stable Alluvium),None (Stable),Stable Topography Control,2023-09-17,0,0,,,0.1,28.0,0.38,317.6,1.45,5.8,5.8,5.8,6.3,97.4,97.4,0.05,5.8,1,2023,9,260,1
CTRL/NER/2023/0443,Tripura,Khowai Plain,Khowai Plain Stable Control Point,Khowai Plain Lowland Plains,24.04,91.6,None (Stable Alluvium),None (Stable),Stable Topography Control,2023-08-12,0,0,,,0.1,27.0,0.96,306.1,0.0,0.0,0.8,0.8,9.6,120.4,120.4,0.05,0.8,1,2023,8,224,1
CTRL/NER/2023/0444,Tripura,Khowai Plain,Khowai Plain Stable Control Point,Khowai Plain Lowland Plains,24.06,91.62,None (Stable Alluvium),None (Stable),Stable Topography Control,2023-09-12,0,0,,,0.1,33.0,0.62,204.5,0.75,1.7,24.1,24.1,77.9,151.5,151.5,0.05,24.1,1,2023,9,255,1
CTRL/NER/2023/0445,Tripura,Khowai Plain,Khowai Plain Stable Control Point,Khowai Plain Lowland Plains,24.06,91.58,None (Stable Alluvium),None (Stable),Stable Topography Control,2023-07-23,0,0,,,0.1,33.0,2.04,194.6,0.0,2.0,4.0,4.0,23.3,43.9,43.9,0.05,4.0,1,2023,7,204,1
CTRL/NER/2023/0446,Nagaland,Dimapur Plain,Dimapur Plain Stable Control Point,Dimapur Plain Lowland Plains,25.9,93.73,None (Stable Alluvium),None (Stable),Stable Topography Control,2023-09-27,0,0,,,0.1,147.0,3.16,355.3,0.0,0.0,1.0,1.0,7.8,78.3,78.3,0.05,1.0,1,2023,9,270,1
CTRL/NER/2024/0447,Nagaland,Dimapur Plain,Dimapur Plain Stable Control Point,Dimapur Plain Lowland Plains,25.92,93.73,None (Stable Alluvium),None (Stable),Stable Topography Control,2024-07-22,0,0,,,0.1,145.0,1.55,236.3,0.0,0.0,15.6,15.6,38.4,98.3,98.3,0.05,15.6,1,2024,7,204,1
CTRL/NER/2024/0448,Nagaland,Dimapur Plain,Dimapur Plain Stable Control Point,Dimapur Plain Lowland Plains,25.88,93.73,None (Stable Alluvium),None (Stable),Stable Topography Control,2024-09-26,0,0,,,0.1,150.0,1.32,102.5,0.05,0.1,8.8,8.8,43.4,43.4,43.4,0.05,8.8,1,2024,9,270,1
CTRL/NER/2024/0449,Nagaland,Dimapur Plain,Dimapur Plain Stable Control Point,Dimapur Plain Lowland Plains,25.9,93.75,None (Stable Alluvium),None (Stable),Stable Topography Control,2024-08-21,0,0,,,0.1,141.0,2.91,190.2,0.0,0.0,3.3,3.3,148.7,274.8,274.8,0.05,3.3,1,2024,8,234,1
CTRL/NER/2024/0450,Nagaland,Dimapur Plain,Dimapur Plain Stable Control Point,Dimapur Plain Lowland Plains,25.9,93.71,None (Stable Alluvium),None (Stable),Stable Topography Control,2024-07-20,0,0,,,0.1,156.0,1.38,326.0,0.0,0.0,5.3,5.3,43.6,70.3,70.3,0.05,5.3,1,2024,7,202,1
CTRL/NER/2024/0451,Assam,Kamrup Plains,Kamrup Plains Stable Control Point,Kamrup Plains Lowland Plains,26.2,91.6,None (Stable Alluvium),None (Stable),Stable Topography Control,2024-09-20,0,0,,,0.1,42.0,0.86,0.0,0.0,0.0,0.0,0.0,0.9,8.0,8.0,0.05,0.0,1,2024,9,264,1
CTRL/NER/2024/0452,Assam,Kamrup Plains,Kamrup Plains Stable Control Point,Kamrup Plains Lowland Plains,26.22,91.6,None (Stable Alluvium),None (Stable),Stable Topography Control,2024-06-20,0,0,,,0.1,47.0,1.55,138.1,0.05,1.3,30.2,30.2,160.1,442.3,442.3,0.05,30.2,1,2024,6,172,1
CTRL/NER/2024/0453,Assam,Kamrup Plains,Kamrup Plains Stable Control Point,Kamrup Plains Lowland Plains,26.18,91.6,None (Stable Alluvium),None (Stable),Stable Topography Control,2024-08-25,0,0,,,0.1,42.0,0.0,180.0,0.05,0.1,4.3,4.3,30.7,204.1,204.1,0.05,4.3,1,2024,8,238,1
CTRL/NER/2023/0454,Assam,Kamrup Plains,Kamrup Plains Stable Control Point,Kamrup Plains Lowland Plains,26.2,91.62,None (Stable Alluvium),None (Stable),Stable Topography Control,2023-09-23,0,0,,,0.1,42.0,0.0,180.0,0.0,0.0,11.4,11.4,43.7,90.9,90.9,0.05,11.4,1,2023,9,266,1
CTRL/NER/2024/0455,Assam,Kamrup Plains,Kamrup Plains Stable Control Point,Kamrup Plains Lowland Plains,26.2,91.58,None (Stable Alluvium),None (Stable),Stable Topography Control,2024-05-26,0,0,,,0.1,48.0,0.29,0.0,0.0,0.0,0.0,0.0,6.6,22.8,22.8,0.05,0.0,1,2024,5,147,0
CTRL/NER/2024/0456,Assam,Nagaon Basin,Nagaon Basin Stable Control Point,Nagaon Basin Lowland Plains,26.35,92.68,None (Stable Alluvium),None (Stable),Stable Topography Control,2024-07-19,0,0,,,0.1,65.0,3.06,19.7,0.65,1.3,1.5,1.5,4.2,64.8,64.8,0.05,1.5,1,2024,7,201,1
CTRL/NER/2024/0457,Assam,Nagaon Basin,Nagaon Basin Stable Control Point,Nagaon Basin Lowland Plains,26.37,92.68,None (Stable Alluvium),None (Stable),Stable Topography Control,2024-09-25,0,0,,,0.1,60.0,0.39,138.1,0.1,0.8,7.8,7.8,20.8,21.1,21.1,0.05,7.8,1,2024,9,269,1
CTRL/NER/2024/0458,Assam,Nagaon Basin,Nagaon Basin Stable Control Point,Nagaon Basin Lowland Plains,26.33,92.68,None (Stable Alluvium),None (Stable),Stable Topography Control,2024-06-02,0,0,,,0.1,64.0,0.0,180.0,0.0,0.0,17.5,17.5,50.5,213.7,213.7,0.05,17.5,1,2024,6,154,1
CTRL/NER/2024/0459,Assam,Nagaon Basin,Nagaon Basin Stable Control Point,Nagaon Basin Lowland Plains,26.35,92.7,None (Stable Alluvium),None (Stable),Stable Topography Control,2024-11-12,0,0,,,0.1,64.0,0.83,110.4,0.0,0.0,0.0,0.0,0.0,0.8,0.8,0.05,0.0,1,2024,11,317,0
CTRL/NER/2024/0460,Assam,Nagaon Basin,Nagaon Basin Stable Control Point,Nagaon Basin Lowland Plains,26.35,92.66,None (Stable Alluvium),None (Stable),Stable Topography Control,2024-07-18,0,0,,,0.1,61.0,0.77,90.0,0.0,0.0,1.2,1.2,18.5,97.4,97.4,0.05,1.2,1,2024,7,200,1
CTRL/NER/2024/0461,Assam,Barpeta Plain,Barpeta Plain Stable Control Point,Barpeta Plain Lowland Plains,26.32,91.0,None (Stable Alluvium),None (Stable),Stable Topography Control,2024-06-07,0,0,,,0.1,41.0,1.41,246.0,0.05,0.1,0.9,0.9,18.4,173.3,173.3,0.05,0.9,1,2024,6,159,1
CTRL/NER/2024/0462,Assam,Barpeta Plain,Barpeta Plain Stable Control Point,Barpeta Plain Lowland Plains,26.34,91.0,None (Stable Alluvium),None (Stable),Stable Topography Control,2024-09-28,0,0,,,0.1,42.0,1.26,204.1,0.15,0.7,4.0,4.0,43.8,118.3,118.3,0.05,4.0,1,2024,9,272,1
CTRL/NER/2024/0463,Assam,Barpeta Plain,Barpeta Plain Stable Control Point,Barpeta Plain Lowland Plains,26.3,91.0,None (Stable Alluvium),None (Stable),Stable Topography Control,2024-08-17,0,0,,,0.1,42.0,0.39,41.9,0.05,10.8,17.3,17.3,29.5,45.4,45.4,0.05,17.3,1,2024,8,230,1
CTRL/NER/2024/0464,Assam,Barpeta Plain,Barpeta Plain Stable Control Point,Barpeta Plain Lowland Plains,26.32,91.02,None (Stable Alluvium),None (Stable),Stable Topography Control,2024-10-07,0,0,,,0.1,40.0,0.59,240.8,0.25,0.5,0.8,0.8,69.1,172.7,172.7,0.05,0.8,1,2024,10,281,0
CTRL/NER/2024/0465,Assam,Barpeta Plain,Barpeta Plain Stable Control Point,Barpeta Plain Lowland Plains,26.32,90.98,None (Stable Alluvium),None (Stable),Stable Topography Control,2024-08-13,0,0,,,0.1,41.0,1.55,56.2,0.0,0.0,1.0,1.0,13.4,95.3,95.3,0.05,1.0,1,2024,8,226,1
CTRL/NER/2024/0466,Assam,Dibrugarh Alluvial,Dibrugarh Alluvial Stable Control Point,Dibrugarh Alluvial Lowland Plains,27.48,94.92,None (Stable Alluvium),None (Stable),Stable Topography Control,2024-08-18,0,0,,,0.1,105.0,0.83,249.4,0.0,0.0,5.2,5.2,5.5,62.1,62.1,0.05,5.2,1,2024,8,231,1
CTRL/NER/2024/0467,Assam,Dibrugarh Alluvial,Dibrugarh Alluvial Stable Control Point,Dibrugarh Alluvial Lowland Plains,27.5,94.92,None (Stable Alluvium),None (Stable),Stable Topography Control,2024-10-21,0,0,,,0.1,102.0,0.0,180.0,0.0,0.0,0.0,0.0,0.2,17.4,17.4,0.05,0.0,1,2024,10,295,0
CTRL/NER/2024/0468,Assam,Dibrugarh Alluvial,Dibrugarh Alluvial Stable Control Point,Dibrugarh Alluvial Lowland Plains,27.46,94.92,None (Stable Alluvium),None (Stable),Stable Topography Control,2024-08-19,0,0,,,0.1,107.0,1.27,336.1,0.15,0.8,12.1,12.1,17.6,47.6,47.6,0.05,12.1,1,2024,8,232,1
CTRL/NER/2024/0469,Assam,Dibrugarh Alluvial,Dibrugarh Alluvial Stable Control Point,Dibrugarh Alluvial Lowland Plains,27.48,94.94,None (Stable Alluvium),None (Stable),Stable Topography Control,2024-10-28,0,0,,,0.1,107.0,0.52,270.0,0.0,0.0,0.0,0.0,0.0,8.3,8.3,0.05,0.0,1,2024,10,302,0
CTRL/NER/2024/0470,Assam,Dibrugarh Alluvial,Dibrugarh Alluvial Stable Control Point,Dibrugarh Alluvial Lowland Plains,27.48,94.9,None (Stable Alluvium),None (Stable),Stable Topography Control,2024-11-28,0,0,,,0.1,105.0,0.39,41.6,0.0,0.0,0.0,0.0,0.0,4.0,4.0,0.05,0.0,1,2024,11,333,0
CTRL/NER/2024/0471,Assam,Silchar Floodplain,Silchar Floodplain Stable Control Point,Silchar Floodplain Lowland Plains,24.82,92.8,None (Stable Alluvium),None (Stable),Stable Topography Control,2024-09-12,0,0,,,0.1,23.0,1.44,10.3,0.0,0.0,0.0,0.0,16.9,68.1,68.1,0.05,0.0,1,2024,9,256,1
CTRL/NER/2024/0472,Assam,Silchar Floodplain,Silchar Floodplain Stable Control Point,Silchar Floodplain Lowland Plains,24.84,92.8,None (Stable Alluvium),None (Stable),Stable Topography Control,2024-10-22,0,0,,,0.1,13.0,4.6,222.2,0.0,0.0,0.0,0.0,0.0,32.2,32.2,0.05,0.0,1,2024,10,296,0
CTRL/NER/2024/0473,Assam,Silchar Floodplain,Silchar Floodplain Stable Control Point,Silchar Floodplain Lowland Plains,24.8,92.8,None (Stable Alluvium),None (Stable),Stable Topography Control,2024-09-13,0,0,,,0.1,24.0,0.38,42.2,0.0,0.0,3.3,3.3,4.3,59.6,59.6,0.05,3.3,1,2024,9,257,1
CTRL/NER/2024/0474,Assam,Silchar Floodplain,Silchar Floodplain Stable Control Point,Silchar Floodplain Lowland Plains,24.82,92.82,None (Stable Alluvium),None (Stable),Stable Topography Control,2024-07-09,0,0,,,0.1,20.0,0.28,0.0,0.0,0.3,16.4,16.4,69.3,180.1,180.1,0.05,16.4,1,2024,7,191,1
CTRL/NER/2024/0475,Assam,Silchar Floodplain,Silchar Floodplain Stable Control Point,Silchar Floodplain Lowland Plains,24.82,92.78,None (Stable Alluvium),None (Stable),Stable Topography Control,2024-09-17,0,0,,,0.1,17.0,0.82,290.2,0.0,0.0,0.6,0.6,6.0,27.3,27.3,0.05,0.6,1,2024,9,261,1
CTRL/NER/2024/0476,Manipur,Imphal Valley Basin,Imphal Valley Basin Stable Control Point,Imphal Valley Basin Lowland Plains,24.81,93.94,None (Stable Alluvium),None (Stable),Stable Topography Control,2024-09-24,0,0,,,0.1,779.0,1.14,0.0,0.05,0.1,0.7,0.7,2.2,12.5,12.5,0.05,0.7,1,2024,9,268,1
CTRL/NER/2024/0477,Manipur,Imphal Valley Basin,Imphal Valley Basin Stable Control Point,Imphal Valley Basin Lowland Plains,24.83,93.94,None (Stable Alluvium),None (Stable),Stable Topography Control,2024-08-24,0,0,,,0.1,784.0,2.94,61.1,0.0,0.0,34.4,34.4,58.7,150.6,150.6,0.05,34.4,1,2024,8,237,1
CTRL/NER/2024/0478,Manipur,Imphal Valley Basin,Imphal Valley Basin Stable Control Point,Imphal Valley Basin Lowland Plains,24.79,93.94,None (Stable Alluvium),None (Stable),Stable Topography Control,2024-08-15,0,0,,,0.1,779.0,0.38,222.2,0.0,0.0,0.9,0.9,11.2,29.2,29.2,0.05,0.9,1,2024,8,228,1
CTRL/NER/2024/0479,Manipur,Imphal Valley Basin,Imphal Valley Basin Stable Control Point,Imphal Valley Basin Lowland Plains,24.81,93.96,None (Stable Alluvium),None (Stable),Stable Topography Control,2024-07-07,0,0,,,0.1,780.0,0.82,69.8,0.0,0.0,6.1,6.1,42.7,211.9,211.9,0.05,6.1,1,2024,7,189,1
CTRL/NER/2024/0480,Manipur,Imphal Valley Basin,Imphal Valley Basin Stable Control Point,Imphal Valley Basin Lowland Plains,24.81,93.92,None (Stable Alluvium),None (Stable),Stable Topography Control,2024-07-17,0,0,,,0.1,778.0,0.77,222.2,0.1,1.2,10.2,10.2,16.9,44.4,44.4,0.05,10.2,1,2024,7,199,1
CTRL/NER/2024/0481,Tripura,Agartala Lowland,Agartala Lowland Stable Control Point,Agartala Lowland Lowland Plains,23.83,91.28,None (Stable Alluvium),None (Stable),Stable Topography Control,2024-06-12,0,0,,,0.1,12.0,1.57,280.3,0.0,0.0,4.1,4.1,24.1,63.8,63.8,0.05,4.1,1,2024,6,164,1
CTRL/NER/2025/0482,Tripura,Agartala Lowland,Agartala Lowland Stable Control Point,Agartala Lowland Lowland Plains,23.85,91.28,None (Stable Alluvium),None (Stable),Stable Topography Control,2025-05-13,0,0,,,0.1,18.0,2.97,31.4,0.0,0.0,2.8,2.8,3.1,4.9,4.9,0.05,2.8,1,2025,5,133,0
CTRL/NER/2025/0483,Tripura,Agartala Lowland,Agartala Lowland Stable Control Point,Agartala Lowland Lowland Plains,23.81,91.28,None (Stable Alluvium),None (Stable),Stable Topography Control,2025-06-01,0,0,,,0.1,13.0,2.04,345.4,0.0,0.0,14.4,14.4,105.7,223.9,223.9,0.05,14.4,1,2025,6,152,1
CTRL/NER/2025/0484,Tripura,Agartala Lowland,Agartala Lowland Stable Control Point,Agartala Lowland Lowland Plains,23.83,91.3,None (Stable Alluvium),None (Stable),Stable Topography Control,2025-05-24,0,0,,,0.1,22.0,4.38,224.9,0.05,0.1,9.0,9.0,13.2,42.4,42.4,0.05,9.0,1,2025,5,144,0
CTRL/NER/2025/0485,Tripura,Agartala Lowland,Agartala Lowland Stable Control Point,Agartala Lowland Lowland Plains,23.83,91.26,None (Stable Alluvium),None (Stable),Stable Topography Control,2025-06-02,0,0,,,0.1,11.0,0.62,204.6,0.0,0.0,3.7,3.7,54.8,226.7,226.7,0.05,3.7,1,2025,6,153,1
CTRL/NER/2025/0486,Tripura,Khowai Plain,Khowai Plain Stable Control Point,Khowai Plain Lowland Plains,24.06,91.6,None (Stable Alluvium),None (Stable),Stable Topography Control,2025-06-08,0,0,,,0.1,31.0,1.7,180.0,0.0,0.1,3.7,3.7,9.0,94.1,94.1,0.05,3.7,1,2025,6,159,1
CTRL/NER/2025/0487,Tripura,Khowai Plain,Khowai Plain Stable Control Point,Khowai Plain Lowland Plains,24.08,91.6,None (Stable Alluvium),None (Stable),Stable Topography Control,2025-06-12,0,0,,,0.1,28.0,0.38,317.6,0.0,0.0,7.1,7.1,23.4,51.0,51.0,0.05,7.1,1,2025,6,163,1
CTRL/NER/2025/0488,Tripura,Khowai Plain,Khowai Plain Stable Control Point,Khowai Plain Lowland Plains,24.04,91.6,None (Stable Alluvium),None (Stable),Stable Topography Control,2025-06-14,0,0,,,0.1,27.0,0.96,306.1,0.0,0.0,15.9,15.9,27.5,49.0,49.0,0.05,15.9,1,2025,6,165,1
CTRL/NER/2025/0489,Tripura,Khowai Plain,Khowai Plain Stable Control Point,Khowai Plain Lowland Plains,24.06,91.62,None (Stable Alluvium),None (Stable),Stable Topography Control,2025-06-15,0,0,,,0.1,33.0,0.62,204.5,0.45,1.1,3.3,3.3,27.7,59.7,59.7,0.05,3.3,1,2025,6,166,1
CTRL/NER/2017/0490,Tripura,Khowai Plain,Khowai Plain Stable Control Point,Khowai Plain Lowland Plains,24.06,91.58,None (Stable Alluvium),None (Stable),Stable Topography Control,2017-06-12,0,0,,,0.1,33.0,2.04,194.6,4.45,13.7,65.6,65.6,129.0,139.5,139.5,0.05,65.6,1,2017,6,163,1
CTRL/NER/2018/0491,Nagaland,Dimapur Plain,Dimapur Plain Stable Control Point,Dimapur Plain Lowland Plains,25.9,93.73,None (Stable Alluvium),None (Stable),Stable Topography Control,2018-04-28,0,0,,,0.1,147.0,3.16,355.3,0.0,0.0,0.0,0.0,5.4,17.0,17.0,0.05,0.0,1,2018,4,118,0
CTRL/NER/2020/0492,Nagaland,Dimapur Plain,Dimapur Plain Stable Control Point,Dimapur Plain Lowland Plains,25.92,93.73,None (Stable Alluvium),None (Stable),Stable Topography Control,2020-02-02,0,0,,,0.1,145.0,1.55,236.3,0.0,0.1,0.2,0.2,14.5,26.8,26.8,0.05,0.2,1,2020,2,33,0
CTRL/NER/2023/0493,Nagaland,Dimapur Plain,Dimapur Plain Stable Control Point,Dimapur Plain Lowland Plains,25.88,93.73,None (Stable Alluvium),None (Stable),Stable Topography Control,2023-06-04,0,0,,,0.1,150.0,1.32,102.5,0.0,0.0,0.0,0.0,0.6,1.2,1.2,0.05,0.0,1,2023,6,155,1
CTRL/NER/2011/0494,Nagaland,Dimapur Plain,Dimapur Plain Stable Control Point,Dimapur Plain Lowland Plains,25.9,93.75,None (Stable Alluvium),None (Stable),Stable Topography Control,2011-05-22,0,0,,,0.1,141.0,2.91,190.2,0.7,2.3,50.9,50.9,98.0,134.4,134.4,0.05,50.9,1,2011,5,142,0
CTRL/NER/2016/0495,Nagaland,Dimapur Plain,Dimapur Plain Stable Control Point,Dimapur Plain Lowland Plains,25.9,93.71,None (Stable Alluvium),None (Stable),Stable Topography Control,2016-09-17,0,0,,,0.1,156.0,1.38,326.0,0.25,0.5,8.8,8.8,19.6,90.0,90.0,0.05,8.8,1,2016,9,261,1
CTRL/NER/2025/0496,Assam,Kamrup Plains,Kamrup Plains Stable Control Point,Kamrup Plains Lowland Plains,26.2,91.6,None (Stable Alluvium),None (Stable),Stable Topography Control,2025-01-02,0,0,,,0.1,42.0,0.86,0.0,0.0,0.0,0.0,0.0,0.0,0.0,0.0,0.05,0.0,1,2025,1,2,0
CTRL/NER/2025/0497,Assam,Kamrup Plains,Kamrup Plains Stable Control Point,Kamrup Plains Lowland Plains,26.22,91.6,None (Stable Alluvium),None (Stable),Stable Topography Control,2025-09-13,0,0,,,0.1,47.0,1.55,138.1,0.2,1.1,10.1,10.1,26.4,75.0,75.0,0.05,10.1,1,2025,9,256,1
CTRL/NER/2025/0498,Assam,Kamrup Plains,Kamrup Plains Stable Control Point,Kamrup Plains Lowland Plains,26.18,91.6,None (Stable Alluvium),None (Stable),Stable Topography Control,2025-06-03,0,0,,,0.1,42.0,0.0,180.0,0.0,0.0,1.9,1.9,6.9,172.1,172.1,0.05,1.9,1,2025,6,154,1
CTRL/NER/2008/0499,Assam,Kamrup Plains,Kamrup Plains Stable Control Point,Kamrup Plains Lowland Plains,26.2,91.62,None (Stable Alluvium),None (Stable),Stable Topography Control,2008-08-02,0,0,,,0.1,42.0,0.0,180.0,0.3,3.7,23.3,23.3,67.4,146.3,146.3,0.05,23.3,1,2008,8,215,1
CTRL/NER/2007/0500,Assam,Kamrup Plains,Kamrup Plains Stable Control Point,Kamrup Plains Lowland Plains,26.2,91.58,None (Stable Alluvium),None (Stable),Stable Topography Control,2007-08-12,0,0,,,0.1,48.0,0.29,0.0,1.0,10.1,39.2,39.2,65.4,125.9,125.9,0.05,39.2,1,2007,8,224,1
CTRL/NER/2008/0501,Assam,Nagaon Basin,Nagaon Basin Stable Control Point,Nagaon Basin Lowland Plains,26.35,92.68,None (Stable Alluvium),None (Stable),Stable Topography Control,2008-08-16,0,0,,,0.1,65.0,3.06,19.7,1.2,7.6,66.6,66.6,90.7,150.1,150.1,0.05,66.6,1,2008,8,229,1
CTRL/NER/2013/0502,Assam,Nagaon Basin,Nagaon Basin Stable Control Point,Nagaon Basin Lowland Plains,26.37,92.68,None (Stable Alluvium),None (Stable),Stable Topography Control,2013-07-03,0,0,,,0.1,60.0,0.39,138.1,0.0,0.0,28.6,28.6,51.7,142.9,142.9,0.05,28.6,1,2013,7,184,1
CTRL/NER/2013/0503,Assam,Nagaon Basin,Nagaon Basin Stable Control Point,Nagaon Basin Lowland Plains,26.33,92.68,None (Stable Alluvium),None (Stable),Stable Topography Control,2013-09-08,0,0,,,0.1,64.0,0.0,180.0,1.4,7.4,9.2,9.2,17.3,163.3,163.3,0.05,9.2,1,2013,9,251,1
CTRL/NER/2013/0504,Assam,Nagaon Basin,Nagaon Basin Stable Control Point,Nagaon Basin Lowland Plains,26.35,92.7,None (Stable Alluvium),None (Stable),Stable Topography Control,2013-07-16,0,0,,,0.1,64.0,0.83,110.4,0.0,0.2,16.4,16.4,84.7,161.9,161.9,0.05,16.4,1,2013,7,197,1
CTRL/NER/2009/0505,Assam,Nagaon Basin,Nagaon Basin Stable Control Point,Nagaon Basin Lowland Plains,26.35,92.66,None (Stable Alluvium),None (Stable),Stable Topography Control,2009-06-21,0,0,,,0.1,61.0,0.77,90.0,0.0,0.0,1.4,1.4,15.1,33.6,33.6,0.05,1.4,1,2009,6,172,1
CTRL/NER/2021/0506,Assam,Barpeta Plain,Barpeta Plain Stable Control Point,Barpeta Plain Lowland Plains,26.32,91.0,None (Stable Alluvium),None (Stable),Stable Topography Control,2021-09-18,0,0,,,0.1,41.0,1.41,246.0,0.05,0.6,11.1,11.1,84.7,102.0,102.0,0.05,11.1,1,2021,9,261,1
CTRL/NER/2009/0507,Assam,Barpeta Plain,Barpeta Plain Stable Control Point,Barpeta Plain Lowland Plains,26.34,91.0,None (Stable Alluvium),None (Stable),Stable Topography Control,2009-06-20,0,0,,,0.1,42.0,1.26,204.1,0.2,0.7,12.7,12.7,24.4,145.6,145.6,0.05,12.7,1,2009,6,171,1
CTRL/NER/2009/0508,Assam,Barpeta Plain,Barpeta Plain Stable Control Point,Barpeta Plain Lowland Plains,26.3,91.0,None (Stable Alluvium),None (Stable),Stable Topography Control,2009-06-04,0,0,,,0.1,42.0,0.39,41.9,0.0,0.0,1.6,1.6,11.4,58.8,58.8,0.05,1.6,1,2009,6,155,1
CTRL/NER/2009/0509,Assam,Barpeta Plain,Barpeta Plain Stable Control Point,Barpeta Plain Lowland Plains,26.32,91.02,None (Stable Alluvium),None (Stable),Stable Topography Control,2009-07-27,0,0,,,0.1,40.0,0.59,240.8,0.3,0.6,16.7,16.7,52.0,81.1,81.1,0.05,16.7,1,2009,7,208,1
CTRL/NER/2013/0510,Assam,Barpeta Plain,Barpeta Plain Stable Control Point,Barpeta Plain Lowland Plains,26.32,90.98,None (Stable Alluvium),None (Stable),Stable Topography Control,2013-08-16,0,0,,,0.1,41.0,1.55,56.2,0.1,0.2,8.8,8.8,29.5,87.8,87.8,0.05,8.8,1,2013,8,228,1
CTRL/NER/2023/0511,Assam,Dibrugarh Alluvial,Dibrugarh Alluvial Stable Control Point,Dibrugarh Alluvial Lowland Plains,27.48,94.92,None (Stable Alluvium),None (Stable),Stable Topography Control,2023-08-17,0,0,,,0.1,105.0,0.83,249.4,0.0,0.0,1.1,1.1,16.3,89.1,89.1,0.05,1.1,1,2023,8,229,1
CTRL/NER/2013/0512,Assam,Dibrugarh Alluvial,Dibrugarh Alluvial Stable Control Point,Dibrugarh Alluvial Lowland Plains,27.5,94.92,None (Stable Alluvium),None (Stable),Stable Topography Control,2013-08-17,0,0,,,0.1,102.0,0.0,180.0,0.45,2.2,8.1,8.1,28.6,95.3,95.3,0.05,8.1,1,2013,8,229,1
CTRL/NER/2013/0513,Assam,Dibrugarh Alluvial,Dibrugarh Alluvial Stable Control Point,Dibrugarh Alluvial Lowland Plains,27.46,94.92,None (Stable Alluvium),None (Stable),Stable Topography Control,2013-08-18,0,0,,,0.1,107.0,1.27,336.1,0.0,0.0,0.2,0.2,18.2,86.1,86.1,0.05,0.2,1,2013,8,230,1
CTRL/NER/2024/0514,Assam,Dibrugarh Alluvial,Dibrugarh Alluvial Stable Control Point,Dibrugarh Alluvial Lowland Plains,27.48,94.94,None (Stable Alluvium),None (Stable),Stable Topography Control,2024-09-03,0,0,,,0.1,107.0,0.52,270.0,2.35,14.7,19.0,19.0,47.5,116.8,116.8,0.05,19.0,1,2024,9,247,1
CTRL/NER/2025/0515,Assam,Dibrugarh Alluvial,Dibrugarh Alluvial Stable Control Point,Dibrugarh Alluvial Lowland Plains,27.48,94.9,None (Stable Alluvium),None (Stable),Stable Topography Control,2025-01-19,0,0,,,0.1,105.0,0.39,41.6,0.0,0.0,0.0,0.0,0.0,4.6,4.6,0.05,0.0,1,2025,1,19,0
CTRL/NER/2025/0516,Assam,Silchar Floodplain,Silchar Floodplain Stable Control Point,Silchar Floodplain Lowland Plains,24.82,92.8,None (Stable Alluvium),None (Stable),Stable Topography Control,2025-07-07,0,0,,,0.1,23.0,1.44,10.3,0.0,0.0,19.1,19.1,84.9,241.9,241.9,0.05,19.1,1,2025,7,188,1
CTRL/NER/2025/0517,Assam,Silchar Floodplain,Silchar Floodplain Stable Control Point,Silchar Floodplain Lowland Plains,24.84,92.8,None (Stable Alluvium),None (Stable),Stable Topography Control,2025-07-08,0,0,,,0.1,13.0,4.6,222.2,1.25,3.9,29.2,29.2,80.0,217.9,217.9,0.05,29.2,1,2025,7,189,1
CTRL/NER/2024/0518,Assam,Silchar Floodplain,Silchar Floodplain Stable Control Point,Silchar Floodplain Lowland Plains,24.8,92.8,None (Stable Alluvium),None (Stable),Stable Topography Control,2024-07-23,0,0,,,0.1,24.0,0.38,42.2,0.0,0.0,3.3,3.3,41.3,127.7,127.7,0.05,3.3,1,2024,7,205,1
CTRL/NER/2017/0519,Assam,Silchar Floodplain,Silchar Floodplain Stable Control Point,Silchar Floodplain Lowland Plains,24.82,92.82,None (Stable Alluvium),None (Stable),Stable Topography Control,2017-10-29,0,0,,,0.1,20.0,0.28,0.0,0.65,2.2,21.8,21.8,21.8,53.4,53.4,0.05,21.8,1,2017,10,302,0
CTRL/NER/2022/0520,Assam,Silchar Floodplain,Silchar Floodplain Stable Control Point,Silchar Floodplain Lowland Plains,24.82,92.78,None (Stable Alluvium),None (Stable),Stable Topography Control,2022-09-12,0,0,,,0.1,17.0,0.82,290.2,0.0,0.0,19.8,19.8,82.7,106.7,106.7,0.05,19.8,1,2022,9,255,1
CTRL/NER/2022/0521,Manipur,Imphal Valley Basin,Imphal Valley Basin Stable Control Point,Imphal Valley Basin Lowland Plains,24.81,93.94,None (Stable Alluvium),None (Stable),Stable Topography Control,2022-09-25,0,0,,,0.1,779.0,1.14,0.0,0.0,0.0,2.9,2.9,19.2,30.2,30.2,0.05,2.9,1,2022,9,268,1
CTRL/NER/2022/0522,Manipur,Imphal Valley Basin,Imphal Valley Basin Stable Control Point,Imphal Valley Basin Lowland Plains,24.83,93.94,None (Stable Alluvium),None (Stable),Stable Topography Control,2022-09-28,0,0,,,0.1,784.0,2.94,61.1,0.0,0.0,3.4,3.4,12.9,34.0,34.0,0.05,3.4,1,2022,9,271,1
CTRL/NER/2022/0523,Manipur,Imphal Valley Basin,Imphal Valley Basin Stable Control Point,Imphal Valley Basin Lowland Plains,24.79,93.94,None (Stable Alluvium),None (Stable),Stable Topography Control,2022-10-15,0,0,,,0.1,779.0,0.38,222.2,0.0,0.0,0.0,0.0,0.4,1.3,1.3,0.05,0.0,1,2022,10,288,0
CTRL/NER/2022/0524,Manipur,Imphal Valley Basin,Imphal Valley Basin Stable Control Point,Imphal Valley Basin Lowland Plains,24.81,93.96,None (Stable Alluvium),None (Stable),Stable Topography Control,2022-09-30,0,0,,,0.1,780.0,0.82,69.8,0.0,0.0,0.1,0.1,5.0,38.1,38.1,0.05,0.1,1,2022,9,273,1
CTRL/NER/2022/0525,Manipur,Imphal Valley Basin,Imphal Valley Basin Stable Control Point,Imphal Valley Basin Lowland Plains,24.81,93.92,None (Stable Alluvium),None (Stable),Stable Topography Control,2022-11-12,0,0,,,0.1,778.0,0.77,222.2,0.0,0.0,0.0,0.0,0.0,0.0,0.0,0.05,0.0,1,2022,11,316,0
CTRL/NER/2023/0526,Tripura,Agartala Lowland,Agartala Lowland Stable Control Point,Agartala Lowland Lowland Plains,23.83,91.28,None (Stable Alluvium),None (Stable),Stable Topography Control,2023-09-08,0,0,,,0.1,12.0,1.57,280.3,0.0,0.0,16.0,16.0,58.6,80.4,80.4,0.05,16.0,1,2023,9,251,1
CTRL/NER/2018/0527,Tripura,Agartala Lowland,Agartala Lowland Stable Control Point,Agartala Lowland Lowland Plains,23.85,91.28,None (Stable Alluvium),None (Stable),Stable Topography Control,2018-08-23,0,0,,,0.1,18.0,2.97,31.4,1.05,3.0,6.8,6.8,16.4,33.8,33.8,0.05,6.8,1,2018,8,235,1
CTRL/NER/2024/0528,Tripura,Agartala Lowland,Agartala Lowland Stable Control Point,Agartala Lowland Lowland Plains,23.81,91.28,None (Stable Alluvium),None (Stable),Stable Topography Control,2024-06-01,0,0,,,0.1,13.0,2.04,345.4,0.0,0.0,12.7,12.7,36.3,301.9,301.9,0.05,12.7,1,2024,6,153,1
CTRL/NER/2025/0529,Tripura,Agartala Lowland,Agartala Lowland Stable Control Point,Agartala Lowland Lowland Plains,23.83,91.3,None (Stable Alluvium),None (Stable),Stable Topography Control,2025-07-29,0,0,,,0.1,22.0,4.38,224.9,0.0,0.0,8.8,8.8,39.3,76.5,76.5,0.05,8.8,1,2025,7,210,1
CTRL/NER/2025/0530,Tripura,Agartala Lowland,Agartala Lowland Stable Control Point,Agartala Lowland Lowland Plains,23.83,91.26,None (Stable Alluvium),None (Stable),Stable Topography Control,2025-08-01,0,0,,,0.1,11.0,0.62,204.6,1.9,5.6,7.6,7.6,20.1,68.3,68.3,0.05,7.6,1,2025,8,213,1
CTRL/NER/2015/0531,Tripura,Khowai Plain,Khowai Plain Stable Control Point,Khowai Plain Lowland Plains,24.06,91.6,None (Stable Alluvium),None (Stable),Stable Topography Control,2015-07-15,0,0,,,0.1,31.0,1.7,180.0,0.0,0.2,13.5,13.5,35.5,128.1,128.1,0.05,13.5,1,2015,7,196,1
CTRL/NER/2018/0532,Tripura,Khowai Plain,Khowai Plain Stable Control Point,Khowai Plain Lowland Plains,24.08,91.6,None (Stable Alluvium),None (Stable),Stable Topography Control,2018-07-08,0,0,,,0.1,28.0,0.38,317.6,0.0,0.0,4.9,4.9,7.3,46.3,46.3,0.05,4.9,1,2018,7,189,1
CTRL/NER/2019/0533,Tripura,Khowai Plain,Khowai Plain Stable Control Point,Khowai Plain Lowland Plains,24.04,91.6,None (Stable Alluvium),None (Stable),Stable Topography Control,2019-05-09,0,0,,,0.1,27.0,0.96,306.1,0.0,0.0,0.0,0.0,0.3,42.0,42.0,0.05,0.0,1,2019,5,129,0
CTRL/NER/2014/0534,Tripura,Khowai Plain,Khowai Plain Stable Control Point,Khowai Plain Lowland Plains,24.06,91.62,None (Stable Alluvium),None (Stable),Stable Topography Control,2014-08-26,0,0,,,0.1,33.0,0.62,204.5,0.0,0.0,2.7,2.7,12.8,84.3,84.3,0.05,2.7,1,2014,8,238,1
CTRL/NER/2017/0535,Tripura,Khowai Plain,Khowai Plain Stable Control Point,Khowai Plain Lowland Plains,24.06,91.58,None (Stable Alluvium),None (Stable),Stable Topography Control,2017-07-09,0,0,,,0.1,33.0,2.04,194.6,0.0,0.0,0.9,0.9,11.1,68.8,68.8,0.05,0.9,1,2017,7,190,1
CTRL/NER/2013/0536,Nagaland,Dimapur Plain,Dimapur Plain Stable Control Point,Dimapur Plain Lowland Plains,25.9,93.73,None (Stable Alluvium),None (Stable),Stable Topography Control,2013-08-28,0,0,,,0.1,147.0,3.16,355.3,0.0,0.0,2.1,2.1,58.6,70.7,70.7,0.05,2.1,1,2013,8,240,1
CTRL/NER/2014/0537,Nagaland,Dimapur Plain,Dimapur Plain Stable Control Point,Dimapur Plain Lowland Plains,25.92,93.73,None (Stable Alluvium),None (Stable),Stable Topography Control,2014-06-24,0,0,,,0.1,145.0,1.55,236.3,0.05,0.1,4.5,4.5,22.1,123.8,123.8,0.05,4.5,1,2014,6,175,1
CTRL/NER/2014/0538,Nagaland,Dimapur Plain,Dimapur Plain Stable Control Point,Dimapur Plain Lowland Plains,25.88,93.73,None (Stable Alluvium),None (Stable),Stable Topography Control,2014-07-08,0,0,,,0.1,150.0,1.32,102.5,0.05,0.3,0.8,0.8,4.9,47.2,47.2,0.05,0.8,1,2014,7,189,1
CTRL/NER/2014/0539,Nagaland,Dimapur Plain,Dimapur Plain Stable Control Point,Dimapur Plain Lowland Plains,25.9,93.75,None (Stable Alluvium),None (Stable),Stable Topography Control,2014-07-01,0,0,,,0.1,141.0,2.91,190.2,2.05,11.2,16.6,16.6,20.2,40.2,40.2,0.05,16.6,1,2014,7,182,1
CTRL/NER/2015/0540,Nagaland,Dimapur Plain,Dimapur Plain Stable Control Point,Dimapur Plain Lowland Plains,25.9,93.71,None (Stable Alluvium),None (Stable),Stable Topography Control,2015-07-08,0,0,,,0.1,156.0,1.38,326.0,0.15,0.3,2.2,2.2,23.8,60.4,60.4,0.05,2.2,1,2015,7,189,1
CTRL/NER/2015/0541,Assam,Kamrup Plains,Kamrup Plains Stable Control Point,Kamrup Plains Lowland Plains,26.2,91.6,None (Stable Alluvium),None (Stable),Stable Topography Control,2015-06-01,0,0,,,0.1,42.0,0.86,0.0,0.2,0.9,6.0,6.0,82.4,194.5,194.5,0.05,6.0,1,2015,6,152,1
CTRL/NER/2015/0542,Assam,Kamrup Plains,Kamrup Plains Stable Control Point,Kamrup Plains Lowland Plains,26.22,91.6,None (Stable Alluvium),None (Stable),Stable Topography Control,2015-07-11,0,0,,,0.1,47.0,1.55,138.1,0.0,0.0,33.6,33.6,67.2,154.8,154.8,0.05,33.6,1,2015,7,192,1
CTRL/NER/2019/0543,Assam,Kamrup Plains,Kamrup Plains Stable Control Point,Kamrup Plains Lowland Plains,26.18,91.6,None (Stable Alluvium),None (Stable),Stable Topography Control,2019-09-16,0,0,,,0.1,42.0,0.0,180.0,0.0,0.0,4.1,4.1,11.7,96.6,96.6,0.05,4.1,1,2019,9,259,1
CTRL/NER/2021/0544,Assam,Kamrup Plains,Kamrup Plains Stable Control Point,Kamrup Plains Lowland Plains,26.2,91.62,None (Stable Alluvium),None (Stable),Stable Topography Control,2021-08-23,0,0,,,0.1,42.0,0.0,180.0,0.15,0.6,6.7,6.7,9.3,75.1,75.1,0.05,6.7,1,2021,8,235,1
CTRL/NER/2021/0545,Assam,Kamrup Plains,Kamrup Plains Stable Control Point,Kamrup Plains Lowland Plains,26.2,91.58,None (Stable Alluvium),None (Stable),Stable Topography Control,2021-08-22,0,0,,,0.1,48.0,0.29,0.0,0.05,0.2,1.1,1.1,10.8,75.1,75.1,0.05,1.1,1,2021,8,234,1
CTRL/NER/2021/0546,Assam,Nagaon Basin,Nagaon Basin Stable Control Point,Nagaon Basin Lowland Plains,26.35,92.68,None (Stable Alluvium),None (Stable),Stable Topography Control,2021-08-27,0,0,,,0.1,65.0,3.06,19.7,0.05,0.1,11.3,11.3,45.6,141.9,141.9,0.05,11.3,1,2021,8,239,1
CTRL/NER/2021/0547,Assam,Nagaon Basin,Nagaon Basin Stable Control Point,Nagaon Basin Lowland Plains,26.37,92.68,None (Stable Alluvium),None (Stable),Stable Topography Control,2021-06-18,0,0,,,0.1,60.0,0.39,138.1,0.0,0.0,0.8,0.8,11.5,62.8,62.8,0.05,0.8,1,2021,6,169,1
CTRL/NER/2021/0548,Assam,Nagaon Basin,Nagaon Basin Stable Control Point,Nagaon Basin Lowland Plains,26.33,92.68,None (Stable Alluvium),None (Stable),Stable Topography Control,2021-05-18,0,0,,,0.1,64.0,0.0,180.0,0.7,3.5,13.1,13.1,27.4,79.5,79.5,0.05,13.1,1,2021,5,138,0
CTRL/NER/2022/0549,Assam,Nagaon Basin,Nagaon Basin Stable Control Point,Nagaon Basin Lowland Plains,26.35,92.7,None (Stable Alluvium),None (Stable),Stable Topography Control,2022-11-18,0,0,,,0.1,64.0,0.83,110.4,0.0,0.0,0.0,0.0,0.0,0.0,0.0,0.05,0.0,1,2022,11,322,0
CTRL/NER/2022/0550,Assam,Nagaon Basin,Nagaon Basin Stable Control Point,Nagaon Basin Lowland Plains,26.35,92.66,None (Stable Alluvium),None (Stable),Stable Topography Control,2022-11-20,0,0,,,0.1,61.0,0.77,90.0,0.0,0.0,0.0,0.0,0.0,0.0,0.0,0.05,0.0,1,2022,11,324,0
CTRL/NER/2022/0551,Assam,Barpeta Plain,Barpeta Plain Stable Control Point,Barpeta Plain Lowland Plains,26.32,91.0,None (Stable Alluvium),None (Stable),Stable Topography Control,2022-05-29,0,0,,,0.1,41.0,1.41,246.0,0.0,0.0,1.5,1.5,6.0,39.5,39.5,0.05,1.5,1,2022,5,149,0
CTRL/NER/2022/0552,Assam,Barpeta Plain,Barpeta Plain Stable Control Point,Barpeta Plain Lowland Plains,26.34,91.0,None (Stable Alluvium),None (Stable),Stable Topography Control,2022-10-10,0,0,,,0.1,42.0,1.26,204.1,0.65,9.8,25.8,25.8,44.7,63.8,63.8,0.05,25.8,1,2022,10,283,0
CTRL/NER/2022/0553,Assam,Barpeta Plain,Barpeta Plain Stable Control Point,Barpeta Plain Lowland Plains,26.3,91.0,None (Stable Alluvium),None (Stable),Stable Topography Control,2022-08-25,0,0,,,0.1,42.0,0.39,41.9,0.0,0.0,0.0,0.0,25.7,115.9,115.9,0.05,0.0,1,2022,8,237,1
CTRL/NER/2022/0554,Assam,Barpeta Plain,Barpeta Plain Stable Control Point,Barpeta Plain Lowland Plains,26.32,91.02,None (Stable Alluvium),None (Stable),Stable Topography Control,2022-06-15,0,0,,,0.1,40.0,0.59,240.8,1.05,10.8,106.2,106.2,377.3,643.2,643.2,0.05,106.2,1,2022,6,166,1
CTRL/NER/2023/0555,Assam,Barpeta Plain,Barpeta Plain Stable Control Point,Barpeta Plain Lowland Plains,26.32,90.98,None (Stable Alluvium),None (Stable),Stable Topography Control,2023-10-04,0,0,,,0.1,41.0,1.55,56.2,2.0,27.6,52.6,52.6,157.1,218.8,218.8,0.05,52.6,1,2023,10,277,0
CTRL/NER/2024/0556,Assam,Dibrugarh Alluvial,Dibrugarh Alluvial Stable Control Point,Dibrugarh Alluvial Lowland Plains,27.48,94.92,None (Stable Alluvium),None (Stable),Stable Topography Control,2024-07-21,0,0,,,0.1,105.0,0.83,249.4,0.1,0.5,13.6,13.6,28.1,72.0,72.0,0.05,13.6,1,2024,7,203,1
CTRL/NER/2025/0557,Assam,Dibrugarh Alluvial,Dibrugarh Alluvial Stable Control Point,Dibrugarh Alluvial Lowland Plains,27.5,94.92,None (Stable Alluvium),None (Stable),Stable Topography Control,2025-09-11,0,0,,,0.1,102.0,0.0,180.0,0.0,0.0,0.8,0.8,20.6,89.9,89.9,0.05,0.8,1,2025,9,254,1
CTRL/NER/2025/0558,Assam,Dibrugarh Alluvial,Dibrugarh Alluvial Stable Control Point,Dibrugarh Alluvial Lowland Plains,27.46,94.92,None (Stable Alluvium),None (Stable),Stable Topography Control,2025-07-19,0,0,,,0.1,107.0,1.27,336.1,0.0,0.0,29.0,29.0,48.3,110.4,110.4,0.05,29.0,1,2025,7,200,1
CTRL/NER/2012/0559,Assam,Dibrugarh Alluvial,Dibrugarh Alluvial Stable Control Point,Dibrugarh Alluvial Lowland Plains,27.48,94.94,None (Stable Alluvium),None (Stable),Stable Topography Control,2012-07-13,0,0,,,0.1,107.0,0.52,270.0,0.25,1.3,25.9,25.9,50.1,116.6,116.6,0.05,25.9,1,2012,7,195,1
CTRL/NER/2012/0560,Assam,Dibrugarh Alluvial,Dibrugarh Alluvial Stable Control Point,Dibrugarh Alluvial Lowland Plains,27.48,94.9,None (Stable Alluvium),None (Stable),Stable Topography Control,2012-06-26,0,0,,,0.1,105.0,0.39,41.6,0.35,1.5,32.4,32.4,162.6,275.1,275.1,0.05,32.4,1,2012,6,178,1
CTRL/NER/2012/0561,Assam,Silchar Floodplain,Silchar Floodplain Stable Control Point,Silchar Floodplain Lowland Plains,24.82,92.8,None (Stable Alluvium),None (Stable),Stable Topography Control,2012-06-22,0,0,,,0.1,23.0,1.44,10.3,0.35,1.2,21.9,21.9,50.5,198.2,198.2,0.05,21.9,1,2012,6,174,1
CTRL/NER/2012/0562,Assam,Silchar Floodplain,Silchar Floodplain Stable Control Point,Silchar Floodplain Lowland Plains,24.84,92.8,None (Stable Alluvium),None (Stable),Stable Topography Control,2012-07-17,0,0,,,0.1,13.0,4.6,222.2,0.4,2.4,15.7,15.7,51.4,126.7,126.7,0.05,15.7,1,2012,7,199,1
CTRL/NER/2018/0563,Assam,Silchar Floodplain,Silchar Floodplain Stable Control Point,Silchar Floodplain Lowland Plains,24.8,92.8,None (Stable Alluvium),None (Stable),Stable Topography Control,2018-05-20,0,0,,,0.1,24.0,0.38,42.2,0.0,0.1,22.6,22.6,74.6,104.5,104.5,0.05,22.6,1,2018,5,140,0
CTRL/NER/2009/0564,Assam,Silchar Floodplain,Silchar Floodplain Stable Control Point,Silchar Floodplain Lowland Plains,24.82,92.82,None (Stable Alluvium),None (Stable),Stable Topography Control,2009-07-10,0,0,,,0.1,20.0,0.28,0.0,0.0,0.0,1.0,1.0,10.5,60.1,60.1,0.05,1.0,1,2009,7,191,1
CTRL/NER/2018/0565,Assam,Silchar Floodplain,Silchar Floodplain Stable Control Point,Silchar Floodplain Lowland Plains,24.82,92.78,None (Stable Alluvium),None (Stable),Stable Topography Control,2018-05-18,0,0,,,0.1,17.0,0.82,290.2,0.05,0.2,47.0,47.0,57.3,81.6,81.6,0.05,47.0,1,2018,5,138,0
CTRL/NER/2026/0566,Manipur,Imphal Valley Basin,Imphal Valley Basin Stable Control Point,Imphal Valley Basin Lowland Plains,24.81,93.94,None (Stable Alluvium),None (Stable),Stable Topography Control,2026-05-30,0,0,,,0.1,779.0,1.14,0.0,0.0,0.1,14.8,14.8,15.0,23.5,23.5,0.05,14.8,1,2026,5,150,0
CTRL/NER/2016/0567,Manipur,Imphal Valley Basin,Imphal Valley Basin Stable Control Point,Imphal Valley Basin Lowland Plains,24.83,93.94,None (Stable Alluvium),None (Stable),Stable Topography Control,2016-05-17,0,0,,,0.1,784.0,2.94,61.1,0.25,1.7,2.0,2.0,3.2,6.0,6.0,0.05,2.0,1,2016,5,138,0
CTRL/NER/2016/0568,Manipur,Imphal Valley Basin,Imphal Valley Basin Stable Control Point,Imphal Valley Basin Lowland Plains,24.79,93.94,None (Stable Alluvium),None (Stable),Stable Topography Control,2016-05-18,0,0,,,0.1,779.0,0.38,222.2,0.0,0.0,3.7,3.7,5.7,9.7,9.7,0.05,3.7,1,2016,5,139,0
CTRL/NER/2010/0569,Manipur,Imphal Valley Basin,Imphal Valley Basin Stable Control Point,Imphal Valley Basin Lowland Plains,24.81,93.96,None (Stable Alluvium),None (Stable),Stable Topography Control,2010-04-02,0,0,,,0.1,780.0,0.82,69.8,0.0,0.0,1.0,1.0,44.9,83.0,83.0,0.05,1.0,1,2010,4,92,0
CTRL/NER/2016/0570,Manipur,Imphal Valley Basin,Imphal Valley Basin Stable Control Point,Imphal Valley Basin Lowland Plains,24.81,93.92,None (Stable Alluvium),None (Stable),Stable Topography Control,2016-08-31,0,0,,,0.1,778.0,0.77,222.2,0.0,0.0,8.2,8.2,13.9,25.9,25.9,0.05,8.2,1,2016,8,244,1
CTRL/NER/2020/0571,Tripura,Agartala Lowland,Agartala Lowland Stable Control Point,Agartala Lowland Lowland Plains,23.83,91.28,None (Stable Alluvium),None (Stable),Stable Topography Control,2020-06-02,0,0,,,0.1,12.0,1.57,280.3,0.0,0.0,7.1,7.1,29.4,96.4,96.4,0.05,7.1,1,2020,6,154,1
CTRL/NER/2010/0572,Tripura,Agartala Lowland,Agartala Lowland Stable Control Point,Agartala Lowland Lowland Plains,23.85,91.28,None (Stable Alluvium),None (Stable),Stable Topography Control,2010-06-03,0,0,,,0.1,18.0,2.97,31.4,0.15,0.3,4.5,4.5,11.7,103.6,103.6,0.05,4.5,1,2010,6,154,1
CTRL/NER/2020/0573,Tripura,Agartala Lowland,Agartala Lowland Stable Control Point,Agartala Lowland Lowland Plains,23.81,91.28,None (Stable Alluvium),None (Stable),Stable Topography Control,2020-06-05,0,0,,,0.1,13.0,2.04,345.4,0.0,0.0,7.6,7.6,39.8,87.2,87.2,0.05,7.6,1,2020,6,157,1
CTRL/NER/2010/0574,Tripura,Agartala Lowland,Agartala Lowland Stable Control Point,Agartala Lowland Lowland Plains,23.83,91.3,None (Stable Alluvium),None (Stable),Stable Topography Control,2010-06-20,0,0,,,0.1,22.0,4.38,224.9,0.1,1.1,18.6,18.6,58.0,114.1,114.1,0.05,18.6,1,2010,6,171,1
CTRL/NER/2010/0575,Tripura,Agartala Lowland,Agartala Lowland Stable Control Point,Agartala Lowland Lowland Plains,23.83,91.26,None (Stable Alluvium),None (Stable),Stable Topography Control,2010-06-16,0,0,,,0.1,11.0,0.62,204.6,0.0,0.0,9.1,9.1,35.4,88.3,88.3,0.05,9.1,1,2010,6,167,1
CTRL/NER/2018/0576,Tripura,Khowai Plain,Khowai Plain Stable Control Point,Khowai Plain Lowland Plains,24.06,91.6,None (Stable Alluvium),None (Stable),Stable Topography Control,2018-06-14,0,0,,,0.1,31.0,1.7,180.0,0.0,0.0,13.6,13.6,204.0,268.2,268.2,0.05,13.6,1,2018,6,165,1
CTRL/NER/2018/0577,Tripura,Khowai Plain,Khowai Plain Stable Control Point,Khowai Plain Lowland Plains,24.08,91.6,None (Stable Alluvium),None (Stable),Stable Topography Control,2018-08-24,0,0,,,0.1,28.0,0.38,317.6,0.0,0.0,10.1,10.1,23.8,50.0,50.0,0.05,10.1,1,2018,8,236,1
CTRL/NER/2017/0578,Tripura,Khowai Plain,Khowai Plain Stable Control Point,Khowai Plain Lowland Plains,24.04,91.6,None (Stable Alluvium),None (Stable),Stable Topography Control,2017-06-13,0,0,,,0.1,27.0,0.96,306.1,0.0,0.0,25.0,25.0,116.6,158.6,158.6,0.05,25.0,1,2017,6,164,1
CTRL/NER/2017/0579,Tripura,Khowai Plain,Khowai Plain Stable Control Point,Khowai Plain Lowland Plains,24.06,91.62,None (Stable Alluvium),None (Stable),Stable Topography Control,2017-06-16,0,0,,,0.1,33.0,0.62,204.5,0.2,0.8,66.4,66.4,76.6,250.3,250.3,0.05,66.4,1,2017,6,167,1
CTRL/NER/2017/0580,Tripura,Khowai Plain,Khowai Plain Stable Control Point,Khowai Plain Lowland Plains,24.06,91.58,None (Stable Alluvium),None (Stable),Stable Topography Control,2017-07-04,0,0,,,0.1,33.0,2.04,194.6,0.05,0.1,11.6,11.6,45.0,63.8,63.8,0.05,11.6,1,2017,7,185,1
CTRL/NER/2011/0581,Nagaland,Dimapur Plain,Dimapur Plain Stable Control Point,Dimapur Plain Lowland Plains,25.9,93.73,None (Stable Alluvium),None (Stable),Stable Topography Control,2011-03-23,0,0,,,0.1,147.0,3.16,355.3,0.0,0.0,0.0,0.0,0.4,33.1,33.1,0.05,0.0,1,2011,3,82,0
CTRL/NER/2009/0582,Nagaland,Dimapur Plain,Dimapur Plain Stable Control Point,Dimapur Plain Lowland Plains,25.92,93.73,None (Stable Alluvium),None (Stable),Stable Topography Control,2009-08-20,0,0,,,0.1,145.0,1.55,236.3,0.05,0.1,7.0,7.0,21.9,77.1,77.1,0.05,7.0,1,2009,8,232,1
CTRL/NER/2017/0583,Nagaland,Dimapur Plain,Dimapur Plain Stable Control Point,Dimapur Plain Lowland Plains,25.88,93.73,None (Stable Alluvium),None (Stable),Stable Topography Control,2017-07-03,0,0,,,0.1,150.0,1.32,102.5,0.2,0.4,4.3,4.3,23.7,115.1,115.1,0.05,4.3,1,2017,7,184,1
CTRL/NER/2021/0584,Nagaland,Dimapur Plain,Dimapur Plain Stable Control Point,Dimapur Plain Lowland Plains,25.9,93.75,None (Stable Alluvium),None (Stable),Stable Topography Control,2021-04-28,0,0,,,0.1,141.0,2.91,190.2,0.0,0.0,0.0,0.0,0.0,0.7,0.7,0.05,0.0,1,2021,4,118,0
CTRL/NER/2024/0585,Nagaland,Dimapur Plain,Dimapur Plain Stable Control Point,Dimapur Plain Lowland Plains,25.9,93.71,None (Stable Alluvium),None (Stable),Stable Topography Control,2024-07-05,0,0,,,0.1,156.0,1.38,326.0,0.0,0.0,14.7,14.7,30.6,195.2,195.2,0.05,14.7,1,2024,7,187,1
CTRL/NER/2024/0586,Assam,Kamrup Plains,Kamrup Plains Stable Control Point,Kamrup Plains Lowland Plains,26.2,91.6,None (Stable Alluvium),None (Stable),Stable Topography Control,2024-05-24,0,0,,,0.1,42.0,0.86,0.0,0.0,0.0,6.6,6.6,7.0,40.6,40.6,0.05,6.6,1,2024,5,145,0
CTRL/NER/2022/0587,Assam,Kamrup Plains,Kamrup Plains Stable Control Point,Kamrup Plains Lowland Plains,26.22,91.6,None (Stable Alluvium),None (Stable),Stable Topography Control,2022-05-15,0,0,,,0.1,47.0,1.55,138.1,0.05,0.2,66.7,66.7,206.9,227.2,227.2,0.05,66.7,1,2022,5,135,0
CTRL/NER/2022/0588,Assam,Kamrup Plains,Kamrup Plains Stable Control Point,Kamrup Plains Lowland Plains,26.18,91.6,None (Stable Alluvium),None (Stable),Stable Topography Control,2022-05-14,0,0,,,0.1,42.0,0.0,180.0,0.0,0.0,91.6,91.6,153.5,162.0,162.0,0.05,91.6,1,2022,5,134,0
CTRL/NER/2014/0589,Assam,Kamrup Plains,Kamrup Plains Stable Control Point,Kamrup Plains Lowland Plains,26.2,91.62,None (Stable Alluvium),None (Stable),Stable Topography Control,2014-09-22,0,0,,,0.1,42.0,0.0,180.0,3.6,21.8,66.3,66.3,125.7,147.4,147.4,0.05,66.3,1,2014,9,265,1
CTRL/NER/2014/0590,Assam,Kamrup Plains,Kamrup Plains Stable Control Point,Kamrup Plains Lowland Plains,26.2,91.58,None (Stable Alluvium),None (Stable),Stable Topography Control,2014-09-23,0,0,,,0.1,48.0,0.29,0.0,0.1,0.4,16.6,16.6,101.7,159.0,159.0,0.05,16.6,1,2014,9,266,1
CTRL/NER/2014/0591,Assam,Nagaon Basin,Nagaon Basin Stable Control Point,Nagaon Basin Lowland Plains,26.35,92.68,None (Stable Alluvium),None (Stable),Stable Topography Control,2014-09-25,0,0,,,0.1,65.0,3.06,19.7,0.45,4.2,14.9,14.9,143.3,321.1,321.1,0.05,14.9,1,2014,9,268,1
CTRL/NER/2016/0592,Assam,Nagaon Basin,Nagaon Basin Stable Control Point,Nagaon Basin Lowland Plains,26.37,92.68,None (Stable Alluvium),None (Stable),Stable Topography Control,2016-05-22,0,0,,,0.1,60.0,0.39,138.1,0.0,0.0,10.0,10.0,32.0,164.6,164.6,0.05,10.0,1,2016,5,143,0
CTRL/NER/2016/0593,Assam,Nagaon Basin,Nagaon Basin Stable Control Point,Nagaon Basin Lowland Plains,26.33,92.68,None (Stable Alluvium),None (Stable),Stable Topography Control,2016-06-22,0,0,,,0.1,64.0,0.0,180.0,0.0,0.5,8.0,8.0,29.2,122.0,122.0,0.05,8.0,1,2016,6,174,1
CTRL/NER/2022/0594,Assam,Nagaon Basin,Nagaon Basin Stable Control Point,Nagaon Basin Lowland Plains,26.35,92.7,None (Stable Alluvium),None (Stable),Stable Topography Control,2022-05-13,0,0,,,0.1,64.0,0.83,110.4,0.0,0.0,24.9,24.9,51.6,72.5,72.5,0.05,24.9,1,2022,5,133,0
CTRL/NER/2016/0595,Assam,Nagaon Basin,Nagaon Basin Stable Control Point,Nagaon Basin Lowland Plains,26.35,92.66,None (Stable Alluvium),None (Stable),Stable Topography Control,2016-05-27,0,0,,,0.1,61.0,0.77,90.0,0.0,0.2,13.7,13.7,37.8,81.1,81.1,0.05,13.7,1,2016,5,148,0
CTRL/NER/2014/0596,Assam,Barpeta Plain,Barpeta Plain Stable Control Point,Barpeta Plain Lowland Plains,26.32,91.0,None (Stable Alluvium),None (Stable),Stable Topography Control,2014-08-20,0,0,,,0.1,41.0,1.41,246.0,0.0,0.0,6.7,6.7,54.2,298.9,298.9,0.05,6.7,1,2014,8,232,1
CTRL/NER/2016/0597,Assam,Barpeta Plain,Barpeta Plain Stable Control Point,Barpeta Plain Lowland Plains,26.34,91.0,None (Stable Alluvium),None (Stable),Stable Topography Control,2016-07-20,0,0,,,0.1,42.0,1.26,204.1,0.2,1.4,8.8,8.8,24.4,106.7,106.7,0.05,8.8,1,2016,7,202,1
CTRL/NER/2019/0598,Assam,Barpeta Plain,Barpeta Plain Stable Control Point,Barpeta Plain Lowland Plains,26.3,91.0,None (Stable Alluvium),None (Stable),Stable Topography Control,2019-07-10,0,0,,,0.1,42.0,0.39,41.9,0.25,1.7,43.4,43.4,146.7,428.8,428.8,0.05,43.4,1,2019,7,191,1
CTRL/NER/2019/0599,Assam,Barpeta Plain,Barpeta Plain Stable Control Point,Barpeta Plain Lowland Plains,26.32,91.02,None (Stable Alluvium),None (Stable),Stable Topography Control,2019-07-16,0,0,,,0.1,40.0,0.59,240.8,0.15,1.0,62.5,62.5,225.5,463.0,463.0,0.05,62.5,1,2019,7,197,1
CTRL/NER/2016/0600,Assam,Barpeta Plain,Barpeta Plain Stable Control Point,Barpeta Plain Lowland Plains,26.32,90.98,None (Stable Alluvium),None (Stable),Stable Topography Control,2016-07-14,0,0,,,0.1,41.0,1.55,56.2,0.2,1.6,13.6,13.6,28.6,236.5,236.5,0.05,13.6,1,2016,7,196,1
CTRL/NER/2014/0601,Assam,Dibrugarh Alluvial,Dibrugarh Alluvial Stable Control Point,Dibrugarh Alluvial Lowland Plains,27.48,94.92,None (Stable Alluvium),None (Stable),Stable Topography Control,2014-06-27,0,0,,,0.1,105.0,0.83,249.4,0.25,3.3,22.0,22.0,42.6,141.8,141.8,0.05,22.0,1,2014,6,178,1
CTRL/NER/2016/0602,Assam,Dibrugarh Alluvial,Dibrugarh Alluvial Stable Control Point,Dibrugarh Alluvial Lowland Plains,27.5,94.92,None (Stable Alluvium),None (Stable),Stable Topography Control,2016-04-18,0,0,,,0.1,102.0,0.0,180.0,0.1,0.2,6.9,6.9,30.9,202.9,202.9,0.05,6.9,1,2016,4,109,0
CTRL/NER/2017/0603,Assam,Dibrugarh Alluvial,Dibrugarh Alluvial Stable Control Point,Dibrugarh Alluvial Lowland Plains,27.46,94.92,None (Stable Alluvium),None (Stable),Stable Topography Control,2017-05-20,0,0,,,0.1,107.0,1.27,336.1,0.0,0.0,13.0,13.0,18.6,28.2,28.2,0.05,13.0,1,2017,5,140,0
CTRL/NER/2017/0604,Assam,Dibrugarh Alluvial,Dibrugarh Alluvial Stable Control Point,Dibrugarh Alluvial Lowland Plains,27.48,94.94,None (Stable Alluvium),None (Stable),Stable Topography Control,2017-06-03,0,0,,,0.1,107.0,0.52,270.0,0.35,3.1,25.0,25.0,76.7,175.0,175.0,0.05,25.0,1,2017,6,154,1
CTRL/NER/2018/0605,Assam,Dibrugarh Alluvial,Dibrugarh Alluvial Stable Control Point,Dibrugarh Alluvial Lowland Plains,27.48,94.9,None (Stable Alluvium),None (Stable),Stable Topography Control,2018-08-31,0,0,,,0.1,105.0,0.39,41.6,0.0,0.0,0.7,0.7,40.0,83.8,83.8,0.05,0.7,1,2018,8,243,1
CTRL/NER/2015/0606,Assam,Silchar Floodplain,Silchar Floodplain Stable Control Point,Silchar Floodplain Lowland Plains,24.82,92.8,None (Stable Alluvium),None (Stable),Stable Topography Control,2015-09-01,0,0,,,0.1,23.0,1.44,10.3,1.75,10.6,104.6,104.6,132.8,157.0,157.0,0.05,104.6,1,2015,9,244,1
CTRL/NER/2020/0607,Assam,Silchar Floodplain,Silchar Floodplain Stable Control Point,Silchar Floodplain Lowland Plains,24.84,92.8,None (Stable Alluvium),None (Stable),Stable Topography Control,2020-06-28,0,0,,,0.1,13.0,4.6,222.2,0.05,0.4,18.4,18.4,51.1,127.4,127.4,0.05,18.4,1,2020,6,180,1
CTRL/NER/2020/0608,Assam,Silchar Floodplain,Silchar Floodplain Stable Control Point,Silchar Floodplain Lowland Plains,24.8,92.8,None (Stable Alluvium),None (Stable),Stable Topography Control,2020-07-12,0,0,,,0.1,24.0,0.38,42.2,0.1,2.0,18.0,18.0,37.9,86.6,86.6,0.05,18.0,1,2020,7,194,1
CTRL/NER/2020/0609,Assam,Silchar Floodplain,Silchar Floodplain Stable Control Point,Silchar Floodplain Lowland Plains,24.82,92.82,None (Stable Alluvium),None (Stable),Stable Topography Control,2020-06-26,0,0,,,0.1,20.0,0.28,0.0,0.2,1.1,12.9,12.9,45.1,94.8,94.8,0.05,12.9,1,2020,6,178,1
CTRL/NER/2022/0610,Assam,Silchar Floodplain,Silchar Floodplain Stable Control Point,Silchar Floodplain Lowland Plains,24.82,92.78,None (Stable Alluvium),None (Stable),Stable Topography Control,2022-06-16,0,0,,,0.1,17.0,0.82,290.2,0.55,3.1,33.4,33.4,81.4,152.4,152.4,0.05,33.4,1,2022,6,167,1
CTRL/NER/2022/0611,Manipur,Imphal Valley Basin,Imphal Valley Basin Stable Control Point,Imphal Valley Basin Lowland Plains,24.81,93.94,None (Stable Alluvium),None (Stable),Stable Topography Control,2022-06-17,0,0,,,0.1,779.0,1.14,0.0,0.05,0.2,18.7,18.7,40.0,47.0,47.0,0.05,18.7,1,2022,6,168,1
CTRL/NER/2022/0612,Manipur,Imphal Valley Basin,Imphal Valley Basin Stable Control Point,Imphal Valley Basin Lowland Plains,24.83,93.94,None (Stable Alluvium),None (Stable),Stable Topography Control,2022-05-16,0,0,,,0.1,784.0,2.94,61.1,1.25,2.5,5.4,5.4,18.7,51.1,51.1,0.05,5.4,1,2022,5,136,0
CTRL/NER/2014/0613,Manipur,Imphal Valley Basin,Imphal Valley Basin Stable Control Point,Imphal Valley Basin Lowland Plains,24.79,93.94,None (Stable Alluvium),None (Stable),Stable Topography Control,2014-05-10,0,0,,,0.1,779.0,0.38,222.2,0.0,0.0,4.5,4.5,16.1,33.1,33.1,0.05,4.5,1,2014,5,130,0
CTRL/NER/2025/0614,Manipur,Imphal Valley Basin,Imphal Valley Basin Stable Control Point,Imphal Valley Basin Lowland Plains,24.81,93.96,None (Stable Alluvium),None (Stable),Stable Topography Control,2025-05-31,0,0,,,0.1,780.0,0.82,69.8,0.7,2.7,14.5,14.5,146.7,204.5,204.5,0.05,14.5,1,2025,5,151,0
CTRL/NER/2025/0615,Manipur,Imphal Valley Basin,Imphal Valley Basin Stable Control Point,Imphal Valley Basin Lowland Plains,24.81,93.92,None (Stable Alluvium),None (Stable),Stable Topography Control,2025-06-06,0,0,,,0.1,778.0,0.77,222.2,0.0,0.0,7.8,7.8,25.8,155.0,155.0,0.05,7.8,1,2025,6,157,1
CTRL/NER/2025/0616,Tripura,Agartala Lowland,Agartala Lowland Stable Control Point,Agartala Lowland Lowland Plains,23.83,91.28,None (Stable Alluvium),None (Stable),Stable Topography Control,2025-06-04,0,0,,,0.1,12.0,1.57,280.3,0.0,0.0,2.5,2.5,8.4,212.9,212.9,0.05,2.5,1,2025,6,155,1
CTRL/NER/2014/0617,Tripura,Agartala Lowland,Agartala Lowland Stable Control Point,Agartala Lowland Lowland Plains,23.85,91.28,None (Stable Alluvium),None (Stable),Stable Topography Control,2014-07-17,0,0,,,0.1,18.0,2.97,31.4,0.0,0.0,3.2,3.2,19.5,27.4,27.4,0.05,3.2,1,2014,7,198,1
CTRL/NER/2025/0618,Tripura,Agartala Lowland,Agartala Lowland Stable Control Point,Agartala Lowland Lowland Plains,23.81,91.28,None (Stable Alluvium),None (Stable),Stable Topography Control,2025-11-02,0,0,,,0.1,13.0,2.04,345.4,0.0,0.0,21.0,21.0,21.9,33.5,33.5,0.05,21.0,1,2025,11,306,0
CTRL/NER/2008/0619,Tripura,Agartala Lowland,Agartala Lowland Stable Control Point,Agartala Lowland Lowland Plains,23.83,91.3,None (Stable Alluvium),None (Stable),Stable Topography Control,2008-12-26,0,0,,,0.1,22.0,4.38,224.9,0.0,0.0,0.0,0.0,0.0,0.0,0.0,0.05,0.0,1,2008,12,361,0
CTRL/NER/2025/0620,Tripura,Agartala Lowland,Agartala Lowland Stable Control Point,Agartala Lowland Lowland Plains,23.83,91.26,None (Stable Alluvium),None (Stable),Stable Topography Control,2025-07-05,0,0,,,0.1,11.0,0.62,204.6,0.05,0.1,3.4,3.4,10.0,26.4,26.4,0.05,3.4,1,2025,7,186,1
CTRL/NER/2025/0621,Tripura,Khowai Plain,Khowai Plain Stable Control Point,Khowai Plain Lowland Plains,24.06,91.6,None (Stable Alluvium),None (Stable),Stable Topography Control,2025-06-05,0,0,,,0.1,31.0,1.7,180.0,0.05,0.1,13.7,13.7,28.1,228.8,228.8,0.05,13.7,1,2025,6,156,1
CTRL/NER/2014/0622,Tripura,Khowai Plain,Khowai Plain Stable Control Point,Khowai Plain Lowland Plains,24.08,91.6,None (Stable Alluvium),None (Stable),Stable Topography Control,2014-07-18,0,0,,,0.1,28.0,0.38,317.6,0.0,0.0,3.1,3.1,30.5,68.1,68.1,0.05,3.1,1,2014,7,199,1
CTRL/NER/2024/0623,Tripura,Khowai Plain,Khowai Plain Stable Control Point,Khowai Plain Lowland Plains,24.04,91.6,None (Stable Alluvium),None (Stable),Stable Topography Control,2024-08-08,0,0,,,0.1,27.0,0.96,306.1,0.0,0.2,3.3,3.3,32.7,131.9,131.9,0.05,3.3,1,2024,8,221,1
CTRL/NER/2020/0624,Tripura,Khowai Plain,Khowai Plain Stable Control Point,Khowai Plain Lowland Plains,24.06,91.62,None (Stable Alluvium),None (Stable),Stable Topography Control,2020-06-25,0,0,,,0.1,33.0,0.62,204.5,0.0,0.0,2.8,2.8,13.3,64.0,64.0,0.05,2.8,1,2020,6,177,1
CTRL/NER/2016/0625,Tripura,Khowai Plain,Khowai Plain Stable Control Point,Khowai Plain Lowland Plains,24.06,91.58,None (Stable Alluvium),None (Stable),Stable Topography Control,2016-07-16,0,0,,,0.1,33.0,2.04,194.6,1.3,6.0,25.1,25.1,27.9,44.5,44.5,0.05,25.1,1,2016,7,198,1
CTRL/NER/2016/0626,Nagaland,Dimapur Plain,Dimapur Plain Stable Control Point,Dimapur Plain Lowland Plains,25.9,93.73,None (Stable Alluvium),None (Stable),Stable Topography Control,2016-07-17,0,0,,,0.1,147.0,3.16,355.3,0.0,0.0,8.0,8.0,10.8,45.8,45.8,0.05,8.0,1,2016,7,199,1
CTRL/NER/2016/0627,Nagaland,Dimapur Plain,Dimapur Plain Stable Control Point,Dimapur Plain Lowland Plains,25.92,93.73,None (Stable Alluvium),None (Stable),Stable Topography Control,2016-04-22,0,0,,,0.1,145.0,1.55,236.3,1.1,5.0,59.9,59.9,172.8,415.3,415.3,0.05,59.9,1,2016,4,113,0
CTRL/NER/2016/0628,Nagaland,Dimapur Plain,Dimapur Plain Stable Control Point,Dimapur Plain Lowland Plains,25.88,93.73,None (Stable Alluvium),None (Stable),Stable Topography Control,2016-04-23,0,0,,,0.1,150.0,1.32,102.5,1.45,7.8,75.1,75.1,212.2,446.0,446.0,0.05,75.1,1,2016,4,114,0
CTRL/NER/2024/0629,Nagaland,Dimapur Plain,Dimapur Plain Stable Control Point,Dimapur Plain Lowland Plains,25.9,93.75,None (Stable Alluvium),None (Stable),Stable Topography Control,2024-04-24,0,0,,,0.1,141.0,2.91,190.2,0.0,0.0,0.0,0.0,6.5,329.9,329.9,0.05,0.0,1,2024,4,115,0
CTRL/NER/2026/0630,Nagaland,Dimapur Plain,Dimapur Plain Stable Control Point,Dimapur Plain Lowland Plains,25.9,93.71,None (Stable Alluvium),None (Stable),Stable Topography Control,2026-03-16,0,0,,,0.1,156.0,1.38,326.0,0.0,0.0,1.2,1.2,25.0,51.4,51.4,0.05,1.2,1,2026,3,75,0
CTRL/NER/2026/0631,Assam,Kamrup Plains,Kamrup Plains Stable Control Point,Kamrup Plains Lowland Plains,26.2,91.6,None (Stable Alluvium),None (Stable),Stable Topography Control,2026-06-28,0,0,,,0.1,42.0,0.86,0.0,0.0,0.0,0.4,0.4,2.0,63.7,63.7,0.05,0.4,1,2026,6,179,1
CTRL/NER/2007/0632,Assam,Kamrup Plains,Kamrup Plains Stable Control Point,Kamrup Plains Lowland Plains,26.22,91.6,None (Stable Alluvium),None (Stable),Stable Topography Control,2007-09-07,0,0,,,0.1,47.0,1.55,138.1,0.35,1.5,37.8,37.8,137.3,190.8,190.8,0.05,37.8,1,2007,9,250,1
CTRL/NER/2010/0633,Assam,Kamrup Plains,Kamrup Plains Stable Control Point,Kamrup Plains Lowland Plains,26.18,91.6,None (Stable Alluvium),None (Stable),Stable Topography Control,2010-06-10,0,0,,,0.1,42.0,0.0,180.0,0.05,0.5,5.5,5.5,119.4,291.4,291.4,0.05,5.5,1,2010,6,161,1
CTRL/NER/2018/0634,Assam,Kamrup Plains,Kamrup Plains Stable Control Point,Kamrup Plains Lowland Plains,26.2,91.62,None (Stable Alluvium),None (Stable),Stable Topography Control,2018-08-02,0,0,,,0.1,42.0,0.0,180.0,0.8,8.6,14.8,14.8,75.0,252.4,252.4,0.05,14.8,1,2018,8,214,1
CTRL/NER/2007/0635,Assam,Kamrup Plains,Kamrup Plains Stable Control Point,Kamrup Plains Lowland Plains,26.2,91.58,None (Stable Alluvium),None (Stable),Stable Topography Control,2007-06-16,0,0,,,0.1,48.0,0.29,0.0,2.65,13.7,43.7,43.7,66.1,353.3,353.3,0.05,43.7,1,2007,6,167,1
CTRL/NER/2007/0636,Assam,Nagaon Basin,Nagaon Basin Stable Control Point,Nagaon Basin Lowland Plains,26.35,92.68,None (Stable Alluvium),None (Stable),Stable Topography Control,2007-09-10,0,0,,,0.1,65.0,3.06,19.7,0.0,0.9,7.1,7.1,90.0,393.3,393.3,0.05,7.1,1,2007,9,253,1
CTRL/NER/2008/0637,Assam,Nagaon Basin,Nagaon Basin Stable Control Point,Nagaon Basin Lowland Plains,26.37,92.68,None (Stable Alluvium),None (Stable),Stable Topography Control,2008-07-01,0,0,,,0.1,60.0,0.39,138.1,0.6,4.3,31.7,31.7,53.1,121.3,121.3,0.05,31.7,1,2008,7,183,1
CTRL/NER/2007/0638,Assam,Nagaon Basin,Nagaon Basin Stable Control Point,Nagaon Basin Lowland Plains,26.33,92.68,None (Stable Alluvium),None (Stable),Stable Topography Control,2007-09-12,0,0,,,0.1,64.0,0.0,180.0,0.0,0.0,16.8,16.8,26.5,350.3,350.3,0.05,16.8,1,2007,9,255,1
CTRL/NER/2008/0639,Assam,Nagaon Basin,Nagaon Basin Stable Control Point,Nagaon Basin Lowland Plains,26.35,92.7,None (Stable Alluvium),None (Stable),Stable Topography Control,2008-06-19,0,0,,,0.1,64.0,0.83,110.4,0.85,9.4,34.9,34.9,41.4,128.9,128.9,0.05,34.9,1,2008,6,171,1
CTRL/NER/2010/0640,Assam,Nagaon Basin,Nagaon Basin Stable Control Point,Nagaon Basin Lowland Plains,26.35,92.66,None (Stable Alluvium),None (Stable),Stable Topography Control,2010-06-05,0,0,,,0.1,61.0,0.77,90.0,0.0,0.0,16.4,16.4,115.9,138.9,138.9,0.05,16.4,1,2010,6,156,1
CTRL/NER/2018/0641,Assam,Barpeta Plain,Barpeta Plain Stable Control Point,Barpeta Plain Lowland Plains,26.32,91.0,None (Stable Alluvium),None (Stable),Stable Topography Control,2018-06-06,0,0,,,0.1,41.0,1.41,246.0,0.0,0.0,9.8,9.8,26.7,37.6,37.6,0.05,9.8,1,2018,6,157,1
CTRL/NER/2018/0642,Assam,Barpeta Plain,Barpeta Plain Stable Control Point,Barpeta Plain Lowland Plains,26.34,91.0,None (Stable Alluvium),None (Stable),Stable Topography Control,2018-06-12,0,0,,,0.1,42.0,1.26,204.1,0.0,0.0,0.2,0.2,12.7,36.5,36.5,0.05,0.2,1,2018,6,163,1
CTRL/NER/2018/0643,Assam,Barpeta Plain,Barpeta Plain Stable Control Point,Barpeta Plain Lowland Plains,26.3,91.0,None (Stable Alluvium),None (Stable),Stable Topography Control,2018-06-22,0,0,,,0.1,42.0,0.39,41.9,0.0,0.1,4.5,4.5,11.2,100.7,100.7,0.05,4.5,1,2018,6,173,1
CTRL/NER/2018/0644,Assam,Barpeta Plain,Barpeta Plain Stable Control Point,Barpeta Plain Lowland Plains,26.32,91.02,None (Stable Alluvium),None (Stable),Stable Topography Control,2018-05-03,0,0,,,0.1,40.0,0.59,240.8,0.0,0.0,1.3,1.3,11.0,75.2,75.2,0.05,1.3,1,2018,5,123,0
CTRL/NER/2007/0645,Assam,Barpeta Plain,Barpeta Plain Stable Control Point,Barpeta Plain Lowland Plains,26.32,90.98,None (Stable Alluvium),None (Stable),Stable Topography Control,2007-08-24,0,0,,,0.1,41.0,1.55,56.2,0.55,2.9,9.0,9.0,35.7,149.2,149.2,0.05,9.0,1,2007,8,236,1
CTRL/NER/2007/0646,Assam,Dibrugarh Alluvial,Dibrugarh Alluvial Stable Control Point,Dibrugarh Alluvial Lowland Plains,27.48,94.92,None (Stable Alluvium),None (Stable),Stable Topography Control,2007-08-28,0,0,,,0.1,105.0,0.83,249.4,1.0,3.0,17.9,17.9,54.0,123.1,123.1,0.05,17.9,1,2007,8,240,1
CTRL/NER/2018/0647,Assam,Dibrugarh Alluvial,Dibrugarh Alluvial Stable Control Point,Dibrugarh Alluvial Lowland Plains,27.5,94.92,None (Stable Alluvium),None (Stable),Stable Topography Control,2018-07-11,0,0,,,0.1,102.0,0.0,180.0,0.0,0.0,7.4,7.4,40.2,99.1,99.1,0.05,7.4,1,2018,7,192,1
CTRL/NER/2007/0648,Assam,Dibrugarh Alluvial,Dibrugarh Alluvial Stable Control Point,Dibrugarh Alluvial Lowland Plains,27.46,94.92,None (Stable Alluvium),None (Stable),Stable Topography Control,2007-09-09,0,0,,,0.1,107.0,1.27,336.1,0.0,0.0,7.0,7.0,95.3,275.0,275.0,0.05,7.0,1,2007,9,252,1
CTRL/NER/2024/0649,Assam,Dibrugarh Alluvial,Dibrugarh Alluvial Stable Control Point,Dibrugarh Alluvial Lowland Plains,27.48,94.94,None (Stable Alluvium),None (Stable),Stable Topography Control,2024-07-29,0,0,,,0.1,107.0,0.52,270.0,4.9,9.9,26.2,26.2,29.0,53.5,53.5,0.05,26.2,1,2024,7,211,1
CTRL/NER/2011/0650,Assam,Dibrugarh Alluvial,Dibrugarh Alluvial Stable Control Point,Dibrugarh Alluvial Lowland Plains,27.48,94.9,None (Stable Alluvium),None (Stable),Stable Topography Control,2011-05-31,0,0,,,0.1,105.0,0.39,41.6,0.25,1.6,7.0,7.0,32.1,67.7,67.7,0.05,7.0,1,2011,5,151,0
CTRL/NER/2011/0651,Assam,Silchar Floodplain,Silchar Floodplain Stable Control Point,Silchar Floodplain Lowland Plains,24.82,92.8,None (Stable Alluvium),None (Stable),Stable Topography Control,2011-07-06,0,0,,,0.1,23.0,1.44,10.3,0.1,0.7,8.6,8.6,22.1,150.1,150.1,0.05,8.6,1,2011,7,187,1
CTRL/NER/2011/0652,Assam,Silchar Floodplain,Silchar Floodplain Stable Control Point,Silchar Floodplain Lowland Plains,24.84,92.8,None (Stable Alluvium),None (Stable),Stable Topography Control,2011-06-26,0,0,,,0.1,13.0,4.6,222.2,0.0,0.0,17.5,17.5,38.0,71.4,71.4,0.05,17.5,1,2011,6,177,1
CTRL/NER/2010/0653,Assam,Silchar Floodplain,Silchar Floodplain Stable Control Point,Silchar Floodplain Lowland Plains,24.8,92.8,None (Stable Alluvium),None (Stable),Stable Topography Control,2010-06-08,0,0,,,0.1,24.0,0.38,42.2,0.2,1.2,69.7,69.7,114.1,207.3,207.3,0.05,69.7,1,2010,6,159,1
CTRL/NER/2010/0654,Assam,Silchar Floodplain,Silchar Floodplain Stable Control Point,Silchar Floodplain Lowland Plains,24.82,92.82,None (Stable Alluvium),None (Stable),Stable Topography Control,2010-03-28,0,0,,,0.1,20.0,0.28,0.0,0.15,0.6,5.8,5.8,7.9,8.1,8.1,0.05,5.8,1,2010,3,87,0
CTRL/NER/2015/0655,Assam,Silchar Floodplain,Silchar Floodplain Stable Control Point,Silchar Floodplain Lowland Plains,24.82,92.78,None (Stable Alluvium),None (Stable),Stable Topography Control,2015-07-30,0,0,,,0.1,17.0,0.82,290.2,2.2,8.9,25.2,25.2,29.4,118.0,118.0,0.05,25.2,1,2015,7,211,1
CTRL/NER/2018/0656,Manipur,Imphal Valley Basin,Imphal Valley Basin Stable Control Point,Imphal Valley Basin Lowland Plains,24.81,93.94,None (Stable Alluvium),None (Stable),Stable Topography Control,2018-05-07,0,0,,,0.1,779.0,1.14,0.0,0.1,0.2,62.9,62.9,174.7,193.5,193.5,0.05,62.9,1,2018,5,127,0
CTRL/NER/2007/0657,Manipur,Imphal Valley Basin,Imphal Valley Basin Stable Control Point,Imphal Valley Basin Lowland Plains,24.83,93.94,None (Stable Alluvium),None (Stable),Stable Topography Control,2007-07-31,0,0,,,0.1,784.0,2.94,61.1,0.3,1.3,2.2,2.2,3.9,34.1,34.1,0.05,2.2,1,2007,7,212,1
CTRL/NER/2008/0658,Manipur,Imphal Valley Basin,Imphal Valley Basin Stable Control Point,Imphal Valley Basin Lowland Plains,24.79,93.94,None (Stable Alluvium),None (Stable),Stable Topography Control,2008-08-12,0,0,,,0.1,779.0,0.38,222.2,0.15,1.4,9.9,9.9,32.7,67.0,67.0,0.05,9.9,1,2008,8,225,1
CTRL/NER/2008/0659,Manipur,Imphal Valley Basin,Imphal Valley Basin Stable Control Point,Imphal Valley Basin Lowland Plains,24.81,93.96,None (Stable Alluvium),None (Stable),Stable Topography Control,2008-08-10,0,0,,,0.1,780.0,0.82,69.8,0.6,3.6,8.6,8.6,14.7,58.2,58.2,0.05,8.6,1,2008,8,223,1
CTRL/NER/2022/0660,Manipur,Imphal Valley Basin,Imphal Valley Basin Stable Control Point,Imphal Valley Basin Lowland Plains,24.81,93.92,None (Stable Alluvium),None (Stable),Stable Topography Control,2022-04-04,0,0,,,0.1,778.0,0.77,222.2,0.0,0.0,1.2,1.2,4.5,8.3,8.3,0.05,1.2,1,2022,4,94,0
CTRL/NER/2009/0661,Tripura,Agartala Lowland,Agartala Lowland Stable Control Point,Agartala Lowland Lowland Plains,23.83,91.28,None (Stable Alluvium),None (Stable),Stable Topography Control,2009-06-29,0,0,,,0.1,12.0,1.57,280.3,0.2,0.4,8.8,8.8,16.9,28.3,28.3,0.05,8.8,1,2009,6,180,1
CTRL/NER/2013/0662,Tripura,Agartala Lowland,Agartala Lowland Stable Control Point,Agartala Lowland Lowland Plains,23.85,91.28,None (Stable Alluvium),None (Stable),Stable Topography Control,2013-08-06,0,0,,,0.1,18.0,2.97,31.4,0.0,0.0,14.9,14.9,18.2,27.1,27.1,0.05,14.9,1,2013,8,218,1
CTRL/NER/2007/0663,Tripura,Agartala Lowland,Agartala Lowland Stable Control Point,Agartala Lowland Lowland Plains,23.81,91.28,None (Stable Alluvium),None (Stable),Stable Topography Control,2007-07-19,0,0,,,0.1,13.0,2.04,345.4,0.85,3.7,39.8,39.8,73.2,93.4,93.4,0.05,39.8,1,2007,7,200,1
CTRL/NER/2007/0664,Tripura,Agartala Lowland,Agartala Lowland Stable Control Point,Agartala Lowland Lowland Plains,23.83,91.3,None (Stable Alluvium),None (Stable),Stable Topography Control,2007-08-18,0,0,,,0.1,22.0,4.38,224.9,0.0,0.0,0.7,0.7,23.9,86.8,86.8,0.05,0.7,1,2007,8,230,1
CTRL/NER/2009/0665,Tripura,Agartala Lowland,Agartala Lowland Stable Control Point,Agartala Lowland Lowland Plains,23.83,91.26,None (Stable Alluvium),None (Stable),Stable Topography Control,2009-07-17,0,0,,,0.1,11.0,0.62,204.6,0.0,0.0,0.4,0.4,9.6,20.3,20.3,0.05,0.4,1,2009,7,198,1
CTRL/NER/2007/0666,Tripura,Khowai Plain,Khowai Plain Stable Control Point,Khowai Plain Lowland Plains,24.06,91.6,None (Stable Alluvium),None (Stable),Stable Topography Control,2007-07-17,0,0,,,0.1,31.0,1.7,180.0,0.3,1.3,5.2,5.2,14.1,27.5,27.5,0.05,5.2,1,2007,7,198,1
CTRL/NER/2007/0667,Tripura,Khowai Plain,Khowai Plain Stable Control Point,Khowai Plain Lowland Plains,24.08,91.6,None (Stable Alluvium),None (Stable),Stable Topography Control,2007-07-25,0,0,,,0.1,28.0,0.38,317.6,0.0,0.0,7.0,7.0,47.5,199.7,199.7,0.05,7.0,1,2007,7,206,1
CTRL/NER/2007/0668,Tripura,Khowai Plain,Khowai Plain Stable Control Point,Khowai Plain Lowland Plains,24.04,91.6,None (Stable Alluvium),None (Stable),Stable Topography Control,2007-07-27,0,0,,,0.1,27.0,0.96,306.1,0.25,0.9,15.9,15.9,38.3,178.9,178.9,0.05,15.9,1,2007,7,208,1
CTRL/NER/2009/0669,Tripura,Khowai Plain,Khowai Plain Stable Control Point,Khowai Plain Lowland Plains,24.06,91.62,None (Stable Alluvium),None (Stable),Stable Topography Control,2009-07-01,0,0,,,0.1,33.0,0.62,204.5,0.0,0.0,35.0,35.0,49.3,72.3,72.3,0.05,35.0,1,2009,7,182,1
CTRL/NER/2007/0670,Tripura,Khowai Plain,Khowai Plain Stable Control Point,Khowai Plain Lowland Plains,24.06,91.58,None (Stable Alluvium),None (Stable),Stable Topography Control,2007-09-08,0,0,,,0.1,33.0,2.04,194.6,0.3,1.5,51.5,51.5,120.6,156.0,156.0,0.05,51.5,1,2007,9,251,1
CTRL/NER/2024/0671,Nagaland,Dimapur Plain,Dimapur Plain Stable Control Point,Dimapur Plain Lowland Plains,25.9,93.73,None (Stable Alluvium),None (Stable),Stable Topography Control,2024-05-27,0,0,,,0.1,147.0,3.16,355.3,0.1,0.3,15.4,15.4,56.9,93.5,93.5,0.05,15.4,1,2024,5,148,0
CTRL/NER/2017/0672,Nagaland,Dimapur Plain,Dimapur Plain Stable Control Point,Dimapur Plain Lowland Plains,25.92,93.73,None (Stable Alluvium),None (Stable),Stable Topography Control,2017-06-17,0,0,,,0.1,145.0,1.55,236.3,0.45,1.7,47.7,47.7,62.0,170.6,170.6,0.05,47.7,1,2017,6,168,1
CTRL/NER/2007/0673,Nagaland,Dimapur Plain,Dimapur Plain Stable Control Point,Dimapur Plain Lowland Plains,25.88,93.73,None (Stable Alluvium),None (Stable),Stable Topography Control,2007-09-15,0,0,,,0.1,150.0,1.32,102.5,0.1,0.2,25.5,25.5,55.6,114.1,114.1,0.05,25.5,1,2007,9,258,1
CTRL/NER/2014/0674,Nagaland,Dimapur Plain,Dimapur Plain Stable Control Point,Dimapur Plain Lowland Plains,25.9,93.75,None (Stable Alluvium),None (Stable),Stable Topography Control,2014-09-20,0,0,,,0.1,141.0,2.91,190.2,0.0,0.0,6.0,6.0,47.3,54.1,54.1,0.05,6.0,1,2014,9,263,1
CTRL/NER/2020/0675,Nagaland,Dimapur Plain,Dimapur Plain Stable Control Point,Dimapur Plain Lowland Plains,25.9,93.71,None (Stable Alluvium),None (Stable),Stable Topography Control,2020-05-25,0,0,,,0.1,156.0,1.38,326.0,0.0,0.0,0.9,0.9,29.7,48.2,48.2,0.05,0.9,1,2020,5,146,0
CTRL/NER/2020/0676,Assam,Kamrup Plains,Kamrup Plains Stable Control Point,Kamrup Plains Lowland Plains,26.2,91.6,None (Stable Alluvium),None (Stable),Stable Topography Control,2020-05-26,0,0,,,0.1,42.0,0.86,0.0,0.85,2.9,49.6,49.6,134.2,232.7,232.7,0.05,49.6,1,2020,5,147,0
CTRL/NER/2024/0677,Assam,Kamrup Plains,Kamrup Plains Stable Control Point,Kamrup Plains Lowland Plains,26.22,91.6,None (Stable Alluvium),None (Stable),Stable Topography Control,2024-10-04,0,0,,,0.1,47.0,1.55,138.1,1.5,11.0,52.3,52.3,86.5,120.7,120.7,0.05,52.3,1,2024,10,278,0
CTRL/NER/2024/0678,Assam,Kamrup Plains,Kamrup Plains Stable Control Point,Kamrup Plains Lowland Plains,26.18,91.6,None (Stable Alluvium),None (Stable),Stable Topography Control,2024-06-15,0,0,,,0.1,42.0,0.0,180.0,2.5,11.9,86.4,86.4,122.7,159.0,159.0,0.05,86.4,1,2024,6,167,1
CTRL/NER/2024/0679,Assam,Kamrup Plains,Kamrup Plains Stable Control Point,Kamrup Plains Lowland Plains,26.2,91.62,None (Stable Alluvium),None (Stable),Stable Topography Control,2024-06-17,0,0,,,0.1,42.0,0.0,180.0,2.45,9.7,96.3,96.3,245.9,299.8,299.8,0.05,96.3,1,2024,6,169,1
CTRL/NER/2024/0680,Assam,Kamrup Plains,Kamrup Plains Stable Control Point,Kamrup Plains Lowland Plains,26.2,91.58,None (Stable Alluvium),None (Stable),Stable Topography Control,2024-07-06,0,0,,,0.1,48.0,0.29,0.0,0.35,0.7,24.3,24.3,67.9,289.8,289.8,0.05,24.3,1,2024,7,188,1
CTRL/NER/2025/0681,Assam,Nagaon Basin,Nagaon Basin Stable Control Point,Nagaon Basin Lowland Plains,26.35,92.68,None (Stable Alluvium),None (Stable),Stable Topography Control,2025-05-30,0,0,,,0.1,65.0,3.06,19.7,3.15,15.4,88.0,88.0,130.4,170.8,170.8,0.05,88.0,1,2025,5,150,0
CTRL/NER/2010/0682,Assam,Nagaon Basin,Nagaon Basin Stable Control Point,Nagaon Basin Lowland Plains,26.37,92.68,None (Stable Alluvium),None (Stable),Stable Topography Control,2010-08-27,0,0,,,0.1,60.0,0.39,138.1,0.65,5.9,26.7,26.7,62.1,137.2,137.2,0.05,26.7,1,2010,8,239,1
CTRL/NER/2010/0683,Assam,Nagaon Basin,Nagaon Basin Stable Control Point,Nagaon Basin Lowland Plains,26.33,92.68,None (Stable Alluvium),None (Stable),Stable Topography Control,2010-06-28,0,0,,,0.1,64.0,0.0,180.0,5.55,29.4,43.7,43.7,63.5,175.9,175.9,0.05,43.7,1,2010,6,179,1
CTRL/NER/2010/0684,Assam,Nagaon Basin,Nagaon Basin Stable Control Point,Nagaon Basin Lowland Plains,26.35,92.7,None (Stable Alluvium),None (Stable),Stable Topography Control,2010-04-22,0,0,,,0.1,64.0,0.83,110.4,0.0,0.2,6.2,6.2,51.7,235.6,235.6,0.05,6.2,1,2010,4,112,0
CTRL/NER/2019/0685,Assam,Nagaon Basin,Nagaon Basin Stable Control Point,Nagaon Basin Lowland Plains,26.35,92.66,None (Stable Alluvium),None (Stable),Stable Topography Control,2019-07-07,0,0,,,0.1,61.0,0.77,90.0,0.8,6.4,26.8,26.8,72.1,101.3,101.3,0.05,26.8,1,2019,7,188,1
CTRL/NER/2019/0686,Assam,Barpeta Plain,Barpeta Plain Stable Control Point,Barpeta Plain Lowland Plains,26.32,91.0,None (Stable Alluvium),None (Stable),Stable Topography Control,2019-06-27,0,0,,,0.1,41.0,1.41,246.0,0.0,0.3,32.7,32.7,61.7,100.4,100.4,0.05,32.7,1,2019,6,178,1
CTRL/NER/2023/0687,Assam,Barpeta Plain,Barpeta Plain Stable Control Point,Barpeta Plain Lowland Plains,26.34,91.0,None (Stable Alluvium),None (Stable),Stable Topography Control,2023-04-13,0,0,,,0.1,42.0,1.26,204.1,0.0,0.0,0.0,0.0,0.0,0.0,0.0,0.05,0.0,1,2023,4,103,0
CTRL/NER/2023/0688,Assam,Barpeta Plain,Barpeta Plain Stable Control Point,Barpeta Plain Lowland Plains,26.3,91.0,None (Stable Alluvium),None (Stable),Stable Topography Control,2023-08-10,0,0,,,0.1,42.0,0.39,41.9,0.0,0.0,0.7,0.7,101.3,227.1,227.1,0.05,0.7,1,2023,8,222,1
CTRL/NER/2024/0689,Assam,Barpeta Plain,Barpeta Plain Stable Control Point,Barpeta Plain Lowland Plains,26.32,91.02,None (Stable Alluvium),None (Stable),Stable Topography Control,2024-06-28,0,0,,,0.1,40.0,0.59,240.8,0.0,0.9,5.4,5.4,40.2,108.7,108.7,0.05,5.4,1,2024,6,180,1
CTRL/NER/2024/0690,Assam,Barpeta Plain,Barpeta Plain Stable Control Point,Barpeta Plain Lowland Plains,26.32,90.98,None (Stable Alluvium),None (Stable),Stable Topography Control,2024-05-28,0,0,,,0.1,41.0,1.55,56.2,0.3,3.5,100.4,100.4,142.8,165.5,165.5,0.05,100.4,1,2024,5,149,0
CTRL/NER/2024/0691,Assam,Dibrugarh Alluvial,Dibrugarh Alluvial Stable Control Point,Dibrugarh Alluvial Lowland Plains,27.48,94.92,None (Stable Alluvium),None (Stable),Stable Topography Control,2024-07-02,0,0,,,0.1,105.0,0.83,249.4,0.4,1.0,6.0,6.0,210.0,364.9,364.9,0.05,6.0,1,2024,7,184,1
CTRL/NER/2024/0692,Assam,Dibrugarh Alluvial,Dibrugarh Alluvial Stable Control Point,Dibrugarh Alluvial Lowland Plains,27.5,94.92,None (Stable Alluvium),None (Stable),Stable Topography Control,2024-07-01,0,0,,,0.1,102.0,0.0,180.0,0.0,0.0,102.8,102.8,205.5,394.6,394.6,0.05,102.8,1,2024,7,183,1
CTRL/NER/2024/0693,Assam,Dibrugarh Alluvial,Dibrugarh Alluvial Stable Control Point,Dibrugarh Alluvial Lowland Plains,27.46,94.92,None (Stable Alluvium),None (Stable),Stable Topography Control,2024-06-30,0,0,,,0.1,107.0,1.27,336.1,5.3,14.0,47.9,47.9,144.4,279.9,279.9,0.05,47.9,1,2024,6,182,1
CTRL/NER/2025/0694,Assam,Dibrugarh Alluvial,Dibrugarh Alluvial Stable Control Point,Dibrugarh Alluvial Lowland Plains,27.48,94.94,None (Stable Alluvium),None (Stable),Stable Topography Control,2025-07-02,0,0,,,0.1,107.0,0.52,270.0,0.0,0.0,23.9,23.9,53.5,84.4,84.4,0.05,23.9,1,2025,7,183,1
CTRL/NER/2024/0695,Assam,Dibrugarh Alluvial,Dibrugarh Alluvial Stable Control Point,Dibrugarh Alluvial Lowland Plains,27.48,94.9,None (Stable Alluvium),None (Stable),Stable Topography Control,2024-06-14,0,0,,,0.1,105.0,0.39,41.6,2.05,4.8,16.7,16.7,67.0,228.7,228.7,0.05,16.7,1,2024,6,166,1
CTRL/NER/2024/0696,Assam,Silchar Floodplain,Silchar Floodplain Stable Control Point,Silchar Floodplain Lowland Plains,24.82,92.8,None (Stable Alluvium),None (Stable),Stable Topography Control,2024-07-14,0,0,,,0.1,23.0,1.44,10.3,1.55,4.0,7.0,7.0,35.8,129.0,129.0,0.05,7.0,1,2024,7,196,1
CTRL/NER/2025/0697,Assam,Silchar Floodplain,Silchar Floodplain Stable Control Point,Silchar Floodplain Lowland Plains,24.84,92.8,None (Stable Alluvium),None (Stable),Stable Topography Control,2025-05-29,0,0,,,0.1,13.0,4.6,222.2,0.0,0.1,42.0,42.0,64.7,169.2,169.2,0.05,42.0,1,2025,5,149,0
CTRL/NER/2025/0698,Assam,Silchar Floodplain,Silchar Floodplain Stable Control Point,Silchar Floodplain Lowland Plains,24.8,92.8,None (Stable Alluvium),None (Stable),Stable Topography Control,2025-06-25,0,0,,,0.1,24.0,0.38,42.2,1.5,22.0,54.8,54.8,94.3,200.2,200.2,0.05,54.8,1,2025,6,176,1
CTRL/NER/2024/0699,Assam,Silchar Floodplain,Silchar Floodplain Stable Control Point,Silchar Floodplain Lowland Plains,24.82,92.82,None (Stable Alluvium),None (Stable),Stable Topography Control,2024-10-08,0,0,,,0.1,20.0,0.28,0.0,0.1,0.4,9.4,9.4,39.8,129.0,129.0,0.05,9.4,1,2024,10,282,0
CTRL/NER/2024/0700,Assam,Silchar Floodplain,Silchar Floodplain Stable Control Point,Silchar Floodplain Lowland Plains,24.82,92.78,None (Stable Alluvium),None (Stable),Stable Topography Control,2024-08-06,0,0,,,0.1,17.0,0.82,290.2,0.1,0.2,8.2,8.2,48.1,168.5,168.5,0.05,8.2,1,2024,8,219,1
CTRL/NER/2025/0701,Manipur,Imphal Valley Basin,Imphal Valley Basin Stable Control Point,Imphal Valley Basin Lowland Plains,24.81,93.94,None (Stable Alluvium),None (Stable),Stable Topography Control,2025-05-28,0,0,,,0.1,779.0,1.14,0.0,0.3,2.5,26.3,26.3,39.3,61.5,61.5,0.05,26.3,1,2025,5,148,0
CTRL/NER/2025/0702,Manipur,Imphal Valley Basin,Imphal Valley Basin Stable Control Point,Imphal Valley Basin Lowland Plains,24.83,93.94,None (Stable Alluvium),None (Stable),Stable Topography Control,2025-06-11,0,0,,,0.1,784.0,2.94,61.1,0.0,0.0,0.2,0.2,3.6,25.5,25.5,0.05,0.2,1,2025,6,162,1
CTRL/NER/2024/0703,Manipur,Imphal Valley Basin,Imphal Valley Basin Stable Control Point,Imphal Valley Basin Lowland Plains,24.79,93.94,None (Stable Alluvium),None (Stable),Stable Topography Control,2024-05-29,0,0,,,0.1,779.0,0.38,222.2,0.0,0.0,24.0,24.0,132.3,145.4,145.4,0.05,24.0,1,2024,5,150,0
CTRL/NER/2024/0704,Manipur,Imphal Valley Basin,Imphal Valley Basin Stable Control Point,Imphal Valley Basin Lowland Plains,24.81,93.96,None (Stable Alluvium),None (Stable),Stable Topography Control,2024-08-28,0,0,,,0.1,780.0,0.82,69.8,0.0,0.0,1.4,1.4,6.0,67.6,67.6,0.05,1.4,1,2024,8,241,1
CTRL/NER/2026/0705,Manipur,Imphal Valley Basin,Imphal Valley Basin Stable Control Point,Imphal Valley Basin Lowland Plains,24.81,93.92,None (Stable Alluvium),None (Stable),Stable Topography Control,2026-07-13,0,0,,,0.1,778.0,0.77,222.2,0.0,0.0,9.1,9.1,24.9,93.3,93.3,0.05,9.1,1,2026,7,194,1
CTRL/NER/2025/0706,Tripura,Agartala Lowland,Agartala Lowland Stable Control Point,Agartala Lowland Lowland Plains,23.83,91.28,None (Stable Alluvium),None (Stable),Stable Topography Control,2025-08-19,0,0,,,0.1,12.0,1.57,280.3,0.0,0.0,4.2,4.2,35.9,106.1,106.1,0.05,4.2,1,2025,8,231,1
CTRL/NER/2023/0707,Tripura,Agartala Lowland,Agartala Lowland Stable Control Point,Agartala Lowland Lowland Plains,23.85,91.28,None (Stable Alluvium),None (Stable),Stable Topography Control,2023-09-19,0,0,,,0.1,18.0,2.97,31.4,0.0,0.0,27.2,27.2,67.0,91.7,91.7,0.05,27.2,1,2023,9,262,1
CTRL/NER/2023/0708,Tripura,Agartala Lowland,Agartala Lowland Stable Control Point,Agartala Lowland Lowland Plains,23.81,91.28,None (Stable Alluvium),None (Stable),Stable Topography Control,2023-10-02,0,0,,,0.1,13.0,2.04,345.4,0.0,0.0,7.0,7.0,35.6,79.6,79.6,0.05,7.0,1,2023,10,275,0
CTRL/NER/2022/0709,Tripura,Agartala Lowland,Agartala Lowland Stable Control Point,Agartala Lowland Lowland Plains,23.83,91.3,None (Stable Alluvium),None (Stable),Stable Topography Control,2022-11-14,0,0,,,0.1,22.0,4.38,224.9,0.0,0.0,0.0,0.0,0.0,0.3,0.3,0.05,0.0,1,2022,11,318,0
CTRL/NER/2022/0710,Tripura,Agartala Lowland,Agartala Lowland Stable Control Point,Agartala Lowland Lowland Plains,23.83,91.26,None (Stable Alluvium),None (Stable),Stable Topography Control,2022-04-05,0,0,,,0.1,11.0,0.62,204.6,0.0,0.0,0.0,0.0,1.7,20.1,20.1,0.05,0.0,1,2022,4,95,0
CTRL/NER/2023/0711,Tripura,Khowai Plain,Khowai Plain Stable Control Point,Khowai Plain Lowland Plains,24.06,91.6,None (Stable Alluvium),None (Stable),Stable Topography Control,2023-08-13,0,0,,,0.1,31.0,1.7,180.0,0.0,0.0,4.6,4.6,8.0,119.4,119.4,0.05,4.6,1,2023,8,225,1
CTRL/NER/2023/0712,Tripura,Khowai Plain,Khowai Plain Stable Control Point,Khowai Plain Lowland Plains,24.08,91.6,None (Stable Alluvium),None (Stable),Stable Topography Control,2023-07-24,0,0,,,0.1,28.0,0.38,317.6,0.0,0.7,3.4,3.4,9.9,45.9,45.9,0.05,3.4,1,2023,7,205,1
CTRL/NER/2013/0713,Tripura,Khowai Plain,Khowai Plain Stable Control Point,Khowai Plain Lowland Plains,24.04,91.6,None (Stable Alluvium),None (Stable),Stable Topography Control,2013-08-15,0,0,,,0.1,27.0,0.96,306.1,0.25,4.0,28.6,28.6,40.9,74.7,74.7,0.05,28.6,1,2013,8,227,1
CTRL/NER/2023/0714,Tripura,Khowai Plain,Khowai Plain Stable Control Point,Khowai Plain Lowland Plains,24.06,91.62,None (Stable Alluvium),None (Stable),Stable Topography Control,2023-06-09,0,0,,,0.1,33.0,0.62,204.5,0.0,0.2,35.3,35.3,45.3,51.4,51.4,0.05,35.3,1,2023,6,160,1
CTRL/NER/2023/0715,Tripura,Khowai Plain,Khowai Plain Stable Control Point,Khowai Plain Lowland Plains,24.06,91.58,None (Stable Alluvium),None (Stable),Stable Topography Control,2023-08-08,0,0,,,0.1,33.0,2.04,194.6,0.0,0.3,33.5,33.5,106.4,153.7,153.7,0.05,33.5,1,2023,8,220,1
CTRL/NER/2023/0716,Nagaland,Dimapur Plain,Dimapur Plain Stable Control Point,Dimapur Plain Lowland Plains,25.9,93.73,None (Stable Alluvium),None (Stable),Stable Topography Control,2023-07-25,0,0,,,0.1,147.0,3.16,355.3,1.0,2.0,16.7,16.7,52.5,101.1,101.1,0.05,16.7,1,2023,7,206,1
CTRL/NER/2023/0717,Nagaland,Dimapur Plain,Dimapur Plain Stable Control Point,Dimapur Plain Lowland Plains,25.92,93.73,None (Stable Alluvium),None (Stable),Stable Topography Control,2023-07-06,0,0,,,0.1,145.0,1.55,236.3,0.05,0.1,11.6,11.6,68.5,82.1,82.1,0.05,11.6,1,2023,7,187,1
CTRL/NER/2023/0718,Nagaland,Dimapur Plain,Dimapur Plain Stable Control Point,Dimapur Plain Lowland Plains,25.88,93.73,None (Stable Alluvium),None (Stable),Stable Topography Control,2023-08-06,0,0,,,0.1,150.0,1.32,102.5,0.5,4.9,39.4,39.4,61.4,76.5,76.5,0.05,39.4,1,2023,8,218,1
CTRL/NER/2023/0719,Nagaland,Dimapur Plain,Dimapur Plain Stable Control Point,Dimapur Plain Lowland Plains,25.9,93.75,None (Stable Alluvium),None (Stable),Stable Topography Control,2023-07-28,0,0,,,0.1,141.0,2.91,190.2,0.0,0.0,7.3,7.3,35.3,116.9,116.9,0.05,7.3,1,2023,7,209,1
CTRL/NER/2023/0720,Nagaland,Dimapur Plain,Dimapur Plain Stable Control Point,Dimapur Plain Lowland Plains,25.9,93.71,None (Stable Alluvium),None (Stable),Stable Topography Control,2023-08-02,0,0,,,0.1,156.0,1.38,326.0,0.05,0.3,8.8,8.8,10.9,53.5,53.5,0.05,8.8,1,2023,8,214,1
CTRL/NER/2023/0721,Assam,Kamrup Plains,Kamrup Plains Stable Control Point,Kamrup Plains Lowland Plains,26.2,91.6,None (Stable Alluvium),None (Stable),Stable Topography Control,2023-08-03,0,0,,,0.1,42.0,0.86,0.0,0.55,9.7,33.0,33.0,71.5,127.4,127.4,0.05,33.0,1,2023,8,215,1
CTRL/NER/2023/0722,Assam,Kamrup Plains,Kamrup Plains Stable Control Point,Kamrup Plains Lowland Plains,26.22,91.6,None (Stable Alluvium),None (Stable),Stable Topography Control,2023-06-02,0,0,,,0.1,47.0,1.55,138.1,0.0,0.0,0.0,0.0,0.3,27.0,27.0,0.05,0.0,1,2023,6,153,1
CTRL/NER/2023/0723,Assam,Kamrup Plains,Kamrup Plains Stable Control Point,Kamrup Plains Lowland Plains,26.18,91.6,None (Stable Alluvium),None (Stable),Stable Topography Control,2023-08-09,0,0,,,0.1,42.0,0.0,180.0,0.0,0.0,5.1,5.1,131.4,260.8,260.8,0.05,5.1,1,2023,8,221,1
CTRL/NER/2023/0724,Assam,Kamrup Plains,Kamrup Plains Stable Control Point,Kamrup Plains Lowland Plains,26.2,91.62,None (Stable Alluvium),None (Stable),Stable Topography Control,2023-10-25,0,0,,,0.1,42.0,0.0,180.0,0.05,2.4,4.9,4.9,4.9,7.4,7.4,0.05,4.9,1,2023,10,298,0
CTRL/NER/2023/0725,Assam,Kamrup Plains,Kamrup Plains Stable Control Point,Kamrup Plains Lowland Plains,26.2,91.58,None (Stable Alluvium),None (Stable),Stable Topography Control,2023-09-17,0,0,,,0.1,48.0,0.29,0.0,0.0,0.0,8.0,8.0,10.9,37.5,37.5,0.05,8.0,1,2023,9,260,1
CTRL/NER/2023/0726,Assam,Nagaon Basin,Nagaon Basin Stable Control Point,Nagaon Basin Lowland Plains,26.35,92.68,None (Stable Alluvium),None (Stable),Stable Topography Control,2023-08-12,0,0,,,0.1,65.0,3.06,19.7,2.15,9.0,24.5,24.5,46.6,181.8,181.8,0.05,24.5,1,2023,8,224,1
CTRL/NER/2023/0727,Assam,Nagaon Basin,Nagaon Basin Stable Control Point,Nagaon Basin Lowland Plains,26.37,92.68,None (Stable Alluvium),None (Stable),Stable Topography Control,2023-09-12,0,0,,,0.1,60.0,0.39,138.1,3.85,15.4,21.9,21.9,33.5,86.7,86.7,0.05,21.9,1,2023,9,255,1
CTRL/NER/2023/0728,Assam,Nagaon Basin,Nagaon Basin Stable Control Point,Nagaon Basin Lowland Plains,26.33,92.68,None (Stable Alluvium),None (Stable),Stable Topography Control,2023-07-23,0,0,,,0.1,64.0,0.0,180.0,0.0,0.0,2.7,2.7,23.8,89.1,89.1,0.05,2.7,1,2023,7,204,1
CTRL/NER/2023/0729,Assam,Nagaon Basin,Nagaon Basin Stable Control Point,Nagaon Basin Lowland Plains,26.35,92.7,None (Stable Alluvium),None (Stable),Stable Topography Control,2023-09-27,0,0,,,0.1,64.0,0.83,110.4,0.0,0.0,5.7,5.7,18.6,141.5,141.5,0.05,5.7,1,2023,9,270,1
CTRL/NER/2024/0730,Assam,Nagaon Basin,Nagaon Basin Stable Control Point,Nagaon Basin Lowland Plains,26.35,92.66,None (Stable Alluvium),None (Stable),Stable Topography Control,2024-07-22,0,0,,,0.1,61.0,0.77,90.0,0.0,0.0,18.5,18.5,57.0,99.2,99.2,0.05,18.5,1,2024,7,204,1
CTRL/NER/2024/0731,Assam,Barpeta Plain,Barpeta Plain Stable Control Point,Barpeta Plain Lowland Plains,26.32,91.0,None (Stable Alluvium),None (Stable),Stable Topography Control,2024-09-26,0,0,,,0.1,41.0,1.41,246.0,0.2,1.4,34.3,34.3,108.8,108.8,108.8,0.05,34.3,1,2024,9,270,1
CTRL/NER/2024/0732,Assam,Barpeta Plain,Barpeta Plain Stable Control Point,Barpeta Plain Lowland Plains,26.34,91.0,None (Stable Alluvium),None (Stable),Stable Topography Control,2024-08-21,0,0,,,0.1,42.0,1.26,204.1,0.0,0.0,43.1,43.1,91.0,142.4,142.4,0.05,43.1,1,2024,8,234,1
CTRL/NER/2024/0733,Assam,Barpeta Plain,Barpeta Plain Stable Control Point,Barpeta Plain Lowland Plains,26.3,91.0,None (Stable Alluvium),None (Stable),Stable Topography Control,2024-07-20,0,0,,,0.1,42.0,0.39,41.9,2.1,17.1,35.3,35.3,57.2,130.8,130.8,0.05,35.3,1,2024,7,202,1
CTRL/NER/2024/0734,Assam,Barpeta Plain,Barpeta Plain Stable Control Point,Barpeta Plain Lowland Plains,26.32,91.02,None (Stable Alluvium),None (Stable),Stable Topography Control,2024-09-20,0,0,,,0.1,40.0,0.59,240.8,0.0,0.0,0.0,0.0,0.5,14.3,14.3,0.05,0.0,1,2024,9,264,1
CTRL/NER/2024/0735,Assam,Barpeta Plain,Barpeta Plain Stable Control Point,Barpeta Plain Lowland Plains,26.32,90.98,None (Stable Alluvium),None (Stable),Stable Topography Control,2024-06-20,0,0,,,0.1,41.0,1.55,56.2,0.1,1.3,67.7,67.7,328.7,749.5,749.5,0.05,67.7,1,2024,6,172,1
CTRL/NER/2024/0736,Assam,Dibrugarh Alluvial,Dibrugarh Alluvial Stable Control Point,Dibrugarh Alluvial Lowland Plains,27.48,94.92,None (Stable Alluvium),None (Stable),Stable Topography Control,2024-08-25,0,0,,,0.1,105.0,0.83,249.4,0.35,0.7,1.9,1.9,13.7,48.4,48.4,0.05,1.9,1,2024,8,238,1
CTRL/NER/2023/0737,Assam,Dibrugarh Alluvial,Dibrugarh Alluvial Stable Control Point,Dibrugarh Alluvial Lowland Plains,27.5,94.92,None (Stable Alluvium),None (Stable),Stable Topography Control,2023-09-23,0,0,,,0.1,102.0,0.0,180.0,0.0,0.0,45.3,45.3,106.8,157.4,157.4,0.05,45.3,1,2023,9,266,1
CTRL/NER/2024/0738,Assam,Dibrugarh Alluvial,Dibrugarh Alluvial Stable Control Point,Dibrugarh Alluvial Lowland Plains,27.46,94.92,None (Stable Alluvium),None (Stable),Stable Topography Control,2024-05-26,0,0,,,0.1,107.0,1.27,336.1,0.0,0.0,9.9,9.9,15.1,32.7,32.7,0.05,9.9,1,2024,5,147,0
CTRL/NER/2024/0739,Assam,Dibrugarh Alluvial,Dibrugarh Alluvial Stable Control Point,Dibrugarh Alluvial Lowland Plains,27.48,94.94,None (Stable Alluvium),None (Stable),Stable Topography Control,2024-07-19,0,0,,,0.1,107.0,0.52,270.0,0.0,0.0,11.3,11.3,26.8,105.2,105.2,0.05,11.3,1,2024,7,201,1
CTRL/NER/2024/0740,Assam,Dibrugarh Alluvial,Dibrugarh Alluvial Stable Control Point,Dibrugarh Alluvial Lowland Plains,27.48,94.9,None (Stable Alluvium),None (Stable),Stable Topography Control,2024-09-25,0,0,,,0.1,105.0,0.39,41.6,0.8,7.3,20.4,20.4,54.7,54.7,54.7,0.05,20.4,1,2024,9,269,1
CTRL/NER/2024/0741,Assam,Silchar Floodplain,Silchar Floodplain Stable Control Point,Silchar Floodplain Lowland Plains,24.82,92.8,None (Stable Alluvium),None (Stable),Stable Topography Control,2024-06-02,0,0,,,0.1,23.0,1.44,10.3,0.0,0.0,5.6,5.6,36.3,431.5,431.5,0.05,5.6,1,2024,6,154,1
CTRL/NER/2024/0742,Assam,Silchar Floodplain,Silchar Floodplain Stable Control Point,Silchar Floodplain Lowland Plains,24.84,92.8,None (Stable Alluvium),None (Stable),Stable Topography Control,2024-11-12,0,0,,,0.1,13.0,4.6,222.2,0.0,0.0,0.0,0.0,0.0,13.8,13.8,0.05,0.0,1,2024,11,317,0
CTRL/NER/2024/0743,Assam,Silchar Floodplain,Silchar Floodplain Stable Control Point,Silchar Floodplain Lowland Plains,24.8,92.8,None (Stable Alluvium),None (Stable),Stable Topography Control,2024-07-18,0,0,,,0.1,24.0,0.38,42.2,0.7,5.2,7.4,7.4,55.0,155.3,155.3,0.05,7.4,1,2024,7,200,1
CTRL/NER/2024/0744,Assam,Silchar Floodplain,Silchar Floodplain Stable Control Point,Silchar Floodplain Lowland Plains,24.82,92.82,None (Stable Alluvium),None (Stable),Stable Topography Control,2024-06-07,0,0,,,0.1,20.0,0.28,0.0,0.15,1.1,18.1,18.1,19.6,106.8,106.8,0.05,18.1,1,2024,6,159,1
CTRL/NER/2024/0745,Assam,Silchar Floodplain,Silchar Floodplain Stable Control Point,Silchar Floodplain Lowland Plains,24.82,92.78,None (Stable Alluvium),None (Stable),Stable Topography Control,2024-09-28,0,0,,,0.1,17.0,0.82,290.2,0.05,0.1,7.2,7.2,14.0,73.2,73.2,0.05,7.2,1,2024,9,272,1
CTRL/NER/2024/0746,Manipur,Imphal Valley Basin,Imphal Valley Basin Stable Control Point,Imphal Valley Basin Lowland Plains,24.81,93.94,None (Stable Alluvium),None (Stable),Stable Topography Control,2024-08-17,0,0,,,0.1,779.0,1.14,0.0,0.15,1.1,13.6,13.6,26.3,44.9,44.9,0.05,13.6,1,2024,8,230,1
CTRL/NER/2024/0747,Manipur,Imphal Valley Basin,Imphal Valley Basin Stable Control Point,Imphal Valley Basin Lowland Plains,24.83,93.94,None (Stable Alluvium),None (Stable),Stable Topography Control,2024-10-07,0,0,,,0.1,784.0,2.94,61.1,0.0,0.0,6.0,6.0,6.6,92.1,92.1,0.05,6.0,1,2024,10,281,0
CTRL/NER/2024/0748,Manipur,Imphal Valley Basin,Imphal Valley Basin Stable Control Point,Imphal Valley Basin Lowland Plains,24.79,93.94,None (Stable Alluvium),None (Stable),Stable Topography Control,2024-08-13,0,0,,,0.1,779.0,0.38,222.2,0.0,0.0,6.7,6.7,14.2,65.9,65.9,0.05,6.7,1,2024,8,226,1
CTRL/NER/2024/0749,Manipur,Imphal Valley Basin,Imphal Valley Basin Stable Control Point,Imphal Valley Basin Lowland Plains,24.81,93.96,None (Stable Alluvium),None (Stable),Stable Topography Control,2024-08-18,0,0,,,0.1,780.0,0.82,69.8,0.45,2.2,40.2,40.2,65.6,84.3,84.3,0.05,40.2,1,2024,8,231,1
CTRL/NER/2024/0750,Manipur,Imphal Valley Basin,Imphal Valley Basin Stable Control Point,Imphal Valley Basin Lowland Plains,24.81,93.92,None (Stable Alluvium),None (Stable),Stable Topography Control,2024-10-21,0,0,,,0.1,778.0,0.77,222.2,0.0,0.0,2.3,2.3,6.2,7.9,7.9,0.05,2.3,1,2024,10,295,0
CTRL/NER/2024/0751,Tripura,Agartala Lowland,Agartala Lowland Stable Control Point,Agartala Lowland Lowland Plains,23.83,91.28,None (Stable Alluvium),None (Stable),Stable Topography Control,2024-08-19,0,0,,,0.1,12.0,1.57,280.3,1.4,9.2,71.9,71.9,118.4,132.5,132.5,0.05,71.9,1,2024,8,232,1
CTRL/NER/2024/0752,Tripura,Agartala Lowland,Agartala Lowland Stable Control Point,Agartala Lowland Lowland Plains,23.85,91.28,None (Stable Alluvium),None (Stable),Stable Topography Control,2024-10-28,0,0,,,0.1,18.0,2.97,31.4,0.0,0.0,0.0,0.0,0.2,24.0,24.0,0.05,0.0,1,2024,10,302,0
CTRL/NER/2024/0753,Tripura,Agartala Lowland,Agartala Lowland Stable Control Point,Agartala Lowland Lowland Plains,23.81,91.28,None (Stable Alluvium),None (Stable),Stable Topography Control,2024-11-28,0,0,,,0.1,13.0,2.04,345.4,0.0,0.0,0.0,0.0,0.0,0.0,0.0,0.05,0.0,1,2024,11,333,0
CTRL/NER/2024/0754,Tripura,Agartala Lowland,Agartala Lowland Stable Control Point,Agartala Lowland Lowland Plains,23.83,91.3,None (Stable Alluvium),None (Stable),Stable Topography Control,2024-09-12,0,0,,,0.1,22.0,4.38,224.9,0.0,0.0,11.5,11.5,47.4,83.5,83.5,0.05,11.5,1,2024,9,256,1
CTRL/NER/2024/0755,Tripura,Agartala Lowland,Agartala Lowland Stable Control Point,Agartala Lowland Lowland Plains,23.83,91.26,None (Stable Alluvium),None (Stable),Stable Topography Control,2024-10-22,0,0,,,0.1,11.0,0.62,204.6,0.0,0.0,0.0,0.0,0.0,8.1,8.1,0.05,0.0,1,2024,10,296,0
CTRL/NER/2024/0756,Tripura,Khowai Plain,Khowai Plain Stable Control Point,Khowai Plain Lowland Plains,24.06,91.6,None (Stable Alluvium),None (Stable),Stable Topography Control,2024-09-13,0,0,,,0.1,31.0,1.7,180.0,0.0,0.0,11.8,11.8,18.7,78.2,78.2,0.05,11.8,1,2024,9,257,1
CTRL/NER/2024/0757,Tripura,Khowai Plain,Khowai Plain Stable Control Point,Khowai Plain Lowland Plains,24.08,91.6,None (Stable Alluvium),None (Stable),Stable Topography Control,2024-07-09,0,0,,,0.1,28.0,0.38,317.6,0.0,0.0,8.1,8.1,21.7,59.4,59.4,0.05,8.1,1,2024,7,191,1
CTRL/NER/2024/0758,Tripura,Khowai Plain,Khowai Plain Stable Control Point,Khowai Plain Lowland Plains,24.04,91.6,None (Stable Alluvium),None (Stable),Stable Topography Control,2024-09-17,0,0,,,0.1,27.0,0.96,306.1,0.0,0.0,0.3,0.3,4.8,63.7,63.7,0.05,0.3,1,2024,9,261,1
CTRL/NER/2024/0759,Tripura,Khowai Plain,Khowai Plain Stable Control Point,Khowai Plain Lowland Plains,24.06,91.62,None (Stable Alluvium),None (Stable),Stable Topography Control,2024-09-24,0,0,,,0.1,33.0,0.62,204.5,1.35,5.9,17.9,17.9,30.8,38.9,38.9,0.05,17.9,1,2024,9,268,1
CTRL/NER/2024/0760,Tripura,Khowai Plain,Khowai Plain Stable Control Point,Khowai Plain Lowland Plains,24.06,91.58,None (Stable Alluvium),None (Stable),Stable Topography Control,2024-08-24,0,0,,,0.1,33.0,2.04,194.6,0.35,0.7,3.2,3.2,34.3,212.0,212.0,0.05,3.2,1,2024,8,237,1
CTRL/NER/2024/0761,Nagaland,Dimapur Plain,Dimapur Plain Stable Control Point,Dimapur Plain Lowland Plains,25.9,93.73,None (Stable Alluvium),None (Stable),Stable Topography Control,2024-08-15,0,0,,,0.1,147.0,3.16,355.3,0.0,0.0,11.2,11.2,19.1,52.4,52.4,0.05,11.2,1,2024,8,228,1
CTRL/NER/2024/0762,Nagaland,Dimapur Plain,Dimapur Plain Stable Control Point,Dimapur Plain Lowland Plains,25.92,93.73,None (Stable Alluvium),None (Stable),Stable Topography Control,2024-07-07,0,0,,,0.1,145.0,1.55,236.3,0.0,0.0,5.9,5.9,26.1,142.4,142.4,0.05,5.9,1,2024,7,189,1
CTRL/NER/2024/0763,Nagaland,Dimapur Plain,Dimapur Plain Stable Control Point,Dimapur Plain Lowland Plains,25.88,93.73,None (Stable Alluvium),None (Stable),Stable Topography Control,2024-07-17,0,0,,,0.1,150.0,1.32,102.5,0.0,0.0,1.2,1.2,21.6,50.0,50.0,0.05,1.2,1,2024,7,199,1
CTRL/NER/2024/0764,Nagaland,Dimapur Plain,Dimapur Plain Stable Control Point,Dimapur Plain Lowland Plains,25.9,93.75,None (Stable Alluvium),None (Stable),Stable Topography Control,2024-06-12,0,0,,,0.1,141.0,2.91,190.2,0.0,0.0,13.6,13.6,25.8,42.5,42.5,0.05,13.6,1,2024,6,164,1
CTRL/NER/2025/0765,Nagaland,Dimapur Plain,Dimapur Plain Stable Control Point,Dimapur Plain Lowland Plains,25.9,93.71,None (Stable Alluvium),None (Stable),Stable Topography Control,2025-05-13,0,0,,,0.1,156.0,1.38,326.0,0.0,0.0,2.0,2.0,11.1,37.0,37.0,0.05,2.0,1,2025,5,133,0
CTRL/NER/2025/0766,Assam,Kamrup Plains,Kamrup Plains Stable Control Point,Kamrup Plains Lowland Plains,26.2,91.6,None (Stable Alluvium),None (Stable),Stable Topography Control,2025-06-01,0,0,,,0.1,42.0,0.86,0.0,0.0,0.2,3.5,3.5,121.0,215.5,215.5,0.05,3.5,1,2025,6,152,1
CTRL/NER/2025/0767,Assam,Kamrup Plains,Kamrup Plains Stable Control Point,Kamrup Plains Lowland Plains,26.22,91.6,None (Stable Alluvium),None (Stable),Stable Topography Control,2025-05-24,0,0,,,0.1,47.0,1.55,138.1,0.0,0.0,3.2,3.2,10.2,177.6,177.6,0.05,3.2,1,2025,5,144,0
CTRL/NER/2025/0768,Assam,Kamrup Plains,Kamrup Plains Stable Control Point,Kamrup Plains Lowland Plains,26.18,91.6,None (Stable Alluvium),None (Stable),Stable Topography Control,2025-06-02,0,0,,,0.1,42.0,0.0,180.0,0.2,0.4,1.5,1.5,12.8,206.3,206.3,0.05,1.5,1,2025,6,153,1
CTRL/NER/2025/0769,Assam,Kamrup Plains,Kamrup Plains Stable Control Point,Kamrup Plains Lowland Plains,26.2,91.62,None (Stable Alluvium),None (Stable),Stable Topography Control,2025-06-08,0,0,,,0.1,42.0,0.0,180.0,0.0,0.0,0.6,0.6,12.8,40.9,40.9,0.05,0.6,1,2025,6,159,1
CTRL/NER/2025/0770,Assam,Kamrup Plains,Kamrup Plains Stable Control Point,Kamrup Plains Lowland Plains,26.2,91.58,None (Stable Alluvium),None (Stable),Stable Topography Control,2025-06-12,0,0,,,0.1,48.0,0.29,0.0,0.0,0.0,0.0,0.0,4.4,27.4,27.4,0.05,0.0,1,2025,6,163,1
CTRL/NER/2025/0771,Assam,Nagaon Basin,Nagaon Basin Stable Control Point,Nagaon Basin Lowland Plains,26.35,92.68,None (Stable Alluvium),None (Stable),Stable Topography Control,2025-06-14,0,0,,,0.1,65.0,3.06,19.7,0.0,0.0,8.0,8.0,8.0,15.4,15.4,0.05,8.0,1,2025,6,165,1
CTRL/NER/2025/0772,Assam,Nagaon Basin,Nagaon Basin Stable Control Point,Nagaon Basin Lowland Plains,26.37,92.68,None (Stable Alluvium),None (Stable),Stable Topography Control,2025-06-15,0,0,,,0.1,60.0,0.39,138.1,0.0,0.0,0.0,0.0,10.8,16.2,16.2,0.05,0.0,1,2025,6,166,1
CTRL/NER/2017/0773,Assam,Nagaon Basin,Nagaon Basin Stable Control Point,Nagaon Basin Lowland Plains,26.33,92.68,None (Stable Alluvium),None (Stable),Stable Topography Control,2017-06-12,0,0,,,0.1,64.0,0.0,180.0,0.5,1.8,21.2,21.2,52.7,59.7,59.7,0.05,21.2,1,2017,6,163,1
CTRL/NER/2018/0774,Assam,Nagaon Basin,Nagaon Basin Stable Control Point,Nagaon Basin Lowland Plains,26.35,92.7,None (Stable Alluvium),None (Stable),Stable Topography Control,2018-04-28,0,0,,,0.1,64.0,0.83,110.4,0.0,0.0,1.5,1.5,4.4,15.5,15.5,0.05,1.5,1,2018,4,118,0
CTRL/NER/2020/0775,Assam,Nagaon Basin,Nagaon Basin Stable Control Point,Nagaon Basin Lowland Plains,26.35,92.66,None (Stable Alluvium),None (Stable),Stable Topography Control,2020-02-02,0,0,,,0.1,61.0,0.77,90.0,0.0,0.1,3.1,3.1,4.8,5.9,5.9,0.05,3.1,1,2020,2,33,0
CTRL/NER/2023/0776,Assam,Barpeta Plain,Barpeta Plain Stable Control Point,Barpeta Plain Lowland Plains,26.32,91.0,None (Stable Alluvium),None (Stable),Stable Topography Control,2023-06-04,0,0,,,0.1,41.0,1.41,246.0,0.0,0.0,4.1,4.1,4.3,6.0,6.0,0.05,4.1,1,2023,6,155,1
CTRL/NER/2011/0777,Assam,Barpeta Plain,Barpeta Plain Stable Control Point,Barpeta Plain Lowland Plains,26.34,91.0,None (Stable Alluvium),None (Stable),Stable Topography Control,2011-05-22,0,0,,,0.1,42.0,1.26,204.1,0.35,2.3,43.2,43.2,87.3,128.3,128.3,0.05,43.2,1,2011,5,142,0
CTRL/NER/2016/0778,Assam,Barpeta Plain,Barpeta Plain Stable Control Point,Barpeta Plain Lowland Plains,26.3,91.0,None (Stable Alluvium),None (Stable),Stable Topography Control,2016-09-17,0,0,,,0.1,42.0,0.39,41.9,0.05,0.1,17.7,17.7,62.6,252.7,252.7,0.05,17.7,1,2016,9,261,1
CTRL/NER/2025/0779,Assam,Barpeta Plain,Barpeta Plain Stable Control Point,Barpeta Plain Lowland Plains,26.32,91.02,None (Stable Alluvium),None (Stable),Stable Topography Control,2025-01-02,0,0,,,0.1,40.0,0.59,240.8,0.0,0.0,0.0,0.0,0.0,0.6,0.6,0.05,0.0,1,2025,1,2,0
CTRL/NER/2025/0780,Assam,Barpeta Plain,Barpeta Plain Stable Control Point,Barpeta Plain Lowland Plains,26.32,90.98,None (Stable Alluvium),None (Stable),Stable Topography Control,2025-09-13,0,0,,,0.1,41.0,1.55,56.2,0.05,0.2,15.3,15.3,29.8,89.5,89.5,0.05,15.3,1,2025,9,256,1
CTRL/NER/2025/0781,Assam,Dibrugarh Alluvial,Dibrugarh Alluvial Stable Control Point,Dibrugarh Alluvial Lowland Plains,27.48,94.92,None (Stable Alluvium),None (Stable),Stable Topography Control,2025-06-03,0,0,,,0.1,105.0,0.83,249.4,0.0,0.0,23.0,23.0,93.8,253.7,253.7,0.05,23.0,1,2025,6,154,1
CTRL/NER/2008/0782,Assam,Dibrugarh Alluvial,Dibrugarh Alluvial Stable Control Point,Dibrugarh Alluvial Lowland Plains,27.5,94.92,None (Stable Alluvium),None (Stable),Stable Topography Control,2008-08-02,0,0,,,0.1,102.0,0.0,180.0,0.0,1.8,11.7,11.7,41.3,82.9,82.9,0.05,11.7,1,2008,8,215,1
CTRL/NER/2007/0783,Assam,Dibrugarh Alluvial,Dibrugarh Alluvial Stable Control Point,Dibrugarh Alluvial Lowland Plains,27.46,94.92,None (Stable Alluvium),None (Stable),Stable Topography Control,2007-08-12,0,0,,,0.1,107.0,1.27,336.1,0.25,0.5,23.0,23.0,63.3,86.4,86.4,0.05,23.0,1,2007,8,224,1
CTRL/NER/2008/0784,Assam,Dibrugarh Alluvial,Dibrugarh Alluvial Stable Control Point,Dibrugarh Alluvial Lowland Plains,27.48,94.94,None (Stable Alluvium),None (Stable),Stable Topography Control,2008-08-16,0,0,,,0.1,107.0,0.52,270.0,0.45,2.8,22.9,22.9,54.8,158.9,158.9,0.05,22.9,1,2008,8,229,1
CTRL/NER/2013/0785,Assam,Dibrugarh Alluvial,Dibrugarh Alluvial Stable Control Point,Dibrugarh Alluvial Lowland Plains,27.48,94.9,None (Stable Alluvium),None (Stable),Stable Topography Control,2013-07-03,0,0,,,0.1,105.0,0.39,41.6,0.05,1.8,12.3,12.3,43.0,129.4,129.4,0.05,12.3,1,2013,7,184,1
CTRL/NER/2013/0786,Assam,Silchar Floodplain,Silchar Floodplain Stable Control Point,Silchar Floodplain Lowland Plains,24.82,92.8,None (Stable Alluvium),None (Stable),Stable Topography Control,2013-09-08,0,0,,,0.1,23.0,1.44,10.3,1.55,3.4,7.4,7.4,14.1,65.9,65.9,0.05,7.4,1,2013,9,251,1
CTRL/NER/2013/0787,Assam,Silchar Floodplain,Silchar Floodplain Stable Control Point,Silchar Floodplain Lowland Plains,24.84,92.8,None (Stable Alluvium),None (Stable),Stable Topography Control,2013-07-16,0,0,,,0.1,13.0,4.6,222.2,0.45,2.0,10.3,10.3,28.1,76.0,76.0,0.05,10.3,1,2013,7,197,1
CTRL/NER/2009/0788,Assam,Silchar Floodplain,Silchar Floodplain Stable Control Point,Silchar Floodplain Lowland Plains,24.8,92.8,None (Stable Alluvium),None (Stable),Stable Topography Control,2009-06-21,0,0,,,0.1,24.0,0.38,42.2,0.0,0.6,1.3,1.3,40.8,101.0,101.0,0.05,1.3,1,2009,6,172,1
CTRL/NER/2021/0789,Assam,Silchar Floodplain,Silchar Floodplain Stable Control Point,Silchar Floodplain Lowland Plains,24.82,92.82,None (Stable Alluvium),None (Stable),Stable Topography Control,2021-09-18,0,0,,,0.1,20.0,0.28,0.0,0.05,0.4,15.4,15.4,53.9,62.7,62.7,0.05,15.4,1,2021,9,261,1
CTRL/NER/2009/0790,Assam,Silchar Floodplain,Silchar Floodplain Stable Control Point,Silchar Floodplain Lowland Plains,24.82,92.78,None (Stable Alluvium),None (Stable),Stable Topography Control,2009-06-20,0,0,,,0.1,17.0,0.82,290.2,0.0,0.2,23.6,23.6,49.3,109.6,109.6,0.05,23.6,1,2009,6,171,1
CTRL/NER/2009/0791,Manipur,Imphal Valley Basin,Imphal Valley Basin Stable Control Point,Imphal Valley Basin Lowland Plains,24.81,93.94,None (Stable Alluvium),None (Stable),Stable Topography Control,2009-06-04,0,0,,,0.1,779.0,1.14,0.0,0.0,0.0,4.9,4.9,9.9,27.4,27.4,0.05,4.9,1,2009,6,155,1
CTRL/NER/2009/0792,Manipur,Imphal Valley Basin,Imphal Valley Basin Stable Control Point,Imphal Valley Basin Lowland Plains,24.83,93.94,None (Stable Alluvium),None (Stable),Stable Topography Control,2009-07-27,0,0,,,0.1,784.0,2.94,61.1,0.2,2.9,41.3,41.3,50.9,60.7,60.7,0.05,41.3,1,2009,7,208,1
CTRL/NER/2013/0793,Manipur,Imphal Valley Basin,Imphal Valley Basin Stable Control Point,Imphal Valley Basin Lowland Plains,24.79,93.94,None (Stable Alluvium),None (Stable),Stable Topography Control,2013-08-16,0,0,,,0.1,779.0,0.38,222.2,0.0,0.0,1.1,1.1,18.0,65.2,65.2,0.05,1.1,1,2013,8,228,1
CTRL/NER/2023/0794,Manipur,Imphal Valley Basin,Imphal Valley Basin Stable Control Point,Imphal Valley Basin Lowland Plains,24.81,93.96,None (Stable Alluvium),None (Stable),Stable Topography Control,2023-08-17,0,0,,,0.1,780.0,0.82,69.8,0.0,0.0,3.4,3.4,11.7,21.4,21.4,0.05,3.4,1,2023,8,229,1
CTRL/NER/2013/0795,Manipur,Imphal Valley Basin,Imphal Valley Basin Stable Control Point,Imphal Valley Basin Lowland Plains,24.81,93.92,None (Stable Alluvium),None (Stable),Stable Topography Control,2013-08-17,0,0,,,0.1,778.0,0.77,222.2,0.35,2.1,6.4,6.4,10.1,71.3,71.3,0.05,6.4,1,2013,8,229,1
CTRL/NER/2013/0796,Tripura,Agartala Lowland,Agartala Lowland Stable Control Point,Agartala Lowland Lowland Plains,23.83,91.28,None (Stable Alluvium),None (Stable),Stable Topography Control,2013-08-18,0,0,,,0.1,12.0,1.57,280.3,0.15,0.3,15.1,15.1,40.4,93.3,93.3,0.05,15.1,1,2013,8,230,1
CTRL/NER/2024/0797,Tripura,Agartala Lowland,Agartala Lowland Stable Control Point,Agartala Lowland Lowland Plains,23.85,91.28,None (Stable Alluvium),None (Stable),Stable Topography Control,2024-09-03,0,0,,,0.1,18.0,2.97,31.4,0.0,0.0,22.8,22.8,34.5,57.3,57.3,0.05,22.8,1,2024,9,247,1
CTRL/NER/2025/0798,Tripura,Agartala Lowland,Agartala Lowland Stable Control Point,Agartala Lowland Lowland Plains,23.81,91.28,None (Stable Alluvium),None (Stable),Stable Topography Control,2025-01-19,0,0,,,0.1,13.0,2.04,345.4,0.0,0.0,0.0,0.0,0.0,0.0,0.0,0.05,0.0,1,2025,1,19,0
CTRL/NER/2025/0799,Tripura,Agartala Lowland,Agartala Lowland Stable Control Point,Agartala Lowland Lowland Plains,23.83,91.3,None (Stable Alluvium),None (Stable),Stable Topography Control,2025-07-07,0,0,,,0.1,22.0,4.38,224.9,0.15,1.4,13.1,13.1,27.6,46.0,46.0,0.05,13.1,1,2025,7,188,1
CTRL/NER/2025/0800,Tripura,Agartala Lowland,Agartala Lowland Stable Control Point,Agartala Lowland Lowland Plains,23.83,91.26,None (Stable Alluvium),None (Stable),Stable Topography Control,2025-07-08,0,0,,,0.1,11.0,0.62,204.6,0.2,3.3,41.4,41.4,60.1,81.8,81.8,0.05,41.4,1,2025,7,189,1
CTRL/NER/2024/0801,Tripura,Khowai Plain,Khowai Plain Stable Control Point,Khowai Plain Lowland Plains,24.06,91.6,None (Stable Alluvium),None (Stable),Stable Topography Control,2024-07-23,0,0,,,0.1,31.0,1.7,180.0,0.0,0.0,2.5,2.5,30.7,58.3,58.3,0.05,2.5,1,2024,7,205,1
CTRL/NER/2017/0802,Tripura,Khowai Plain,Khowai Plain Stable Control Point,Khowai Plain Lowland Plains,24.08,91.6,None (Stable Alluvium),None (Stable),Stable Topography Control,2017-10-29,0,0,,,0.1,28.0,0.38,317.6,0.5,1.4,4.6,4.6,4.6,8.5,8.5,0.05,4.6,1,2017,10,302,0
CTRL/NER/2022/0803,Tripura,Khowai Plain,Khowai Plain Stable Control Point,Khowai Plain Lowland Plains,24.04,91.6,None (Stable Alluvium),None (Stable),Stable Topography Control,2022-09-12,0,0,,,0.1,27.0,0.96,306.1,0.35,0.7,11.8,11.8,57.9,98.4,98.4,0.05,11.8,1,2022,9,255,1
CTRL/NER/2022/0804,Tripura,Khowai Plain,Khowai Plain Stable Control Point,Khowai Plain Lowland Plains,24.06,91.62,None (Stable Alluvium),None (Stable),Stable Topography Control,2022-09-25,0,0,,,0.1,33.0,0.62,204.5,0.0,0.0,5.9,5.9,18.0,60.7,60.7,0.05,5.9,1,2022,9,268,1
CTRL/NER/2022/0805,Tripura,Khowai Plain,Khowai Plain Stable Control Point,Khowai Plain Lowland Plains,24.06,91.58,None (Stable Alluvium),None (Stable),Stable Topography Control,2022-09-28,0,0,,,0.1,33.0,2.04,194.6,0.0,0.0,7.2,7.2,48.7,71.9,71.9,0.05,7.2,1,2022,9,271,1
CTRL/NER/2022/0806,Nagaland,Dimapur Plain,Dimapur Plain Stable Control Point,Dimapur Plain Lowland Plains,25.9,93.73,None (Stable Alluvium),None (Stable),Stable Topography Control,2022-10-15,0,0,,,0.1,147.0,3.16,355.3,0.0,0.0,7.9,7.9,32.9,83.1,83.1,0.05,7.9,1,2022,10,288,0
CTRL/NER/2022/0807,Nagaland,Dimapur Plain,Dimapur Plain Stable Control Point,Dimapur Plain Lowland Plains,25.92,93.73,None (Stable Alluvium),None (Stable),Stable Topography Control,2022-09-30,0,0,,,0.1,145.0,1.55,236.3,0.0,0.0,0.3,0.3,16.1,82.9,82.9,0.05,0.3,1,2022,9,273,1
CTRL/NER/2022/0808,Nagaland,Dimapur Plain,Dimapur Plain Stable Control Point,Dimapur Plain Lowland Plains,25.88,93.73,None (Stable Alluvium),None (Stable),Stable Topography Control,2022-11-12,0,0,,,0.1,150.0,1.32,102.5,0.05,0.4,0.4,0.4,0.4,0.6,0.6,0.05,0.4,1,2022,11,316,0
CTRL/NER/2023/0809,Nagaland,Dimapur Plain,Dimapur Plain Stable Control Point,Dimapur Plain Lowland Plains,25.9,93.75,None (Stable Alluvium),None (Stable),Stable Topography Control,2023-09-08,0,0,,,0.1,141.0,2.91,190.2,0.0,0.0,12.2,12.2,31.1,42.3,42.3,0.05,12.2,1,2023,9,251,1
CTRL/NER/2018/0810,Nagaland,Dimapur Plain,Dimapur Plain Stable Control Point,Dimapur Plain Lowland Plains,25.9,93.71,None (Stable Alluvium),None (Stable),Stable Topography Control,2018-08-23,0,0,,,0.1,156.0,1.38,326.0,0.6,1.2,5.8,5.8,21.6,51.1,51.1,0.05,5.8,1,2018,8,235,1
CTRL/NER/2024/0811,Assam,Kamrup Plains,Kamrup Plains Stable Control Point,Kamrup Plains Lowland Plains,26.2,91.6,None (Stable Alluvium),None (Stable),Stable Topography Control,2024-06-01,0,0,,,0.1,42.0,0.86,0.0,0.0,0.0,1.9,1.9,38.3,131.7,131.7,0.05,1.9,1,2024,6,153,1
CTRL/NER/2025/0812,Assam,Kamrup Plains,Kamrup Plains Stable Control Point,Kamrup Plains Lowland Plains,26.22,91.6,None (Stable Alluvium),None (Stable),Stable Topography Control,2025-07-29,0,0,,,0.1,47.0,1.55,138.1,0.4,4.5,28.3,28.3,126.6,168.4,168.4,0.05,28.3,1,2025,7,210,1
CTRL/NER/2025/0813,Assam,Kamrup Plains,Kamrup Plains Stable Control Point,Kamrup Plains Lowland Plains,26.18,91.6,None (Stable Alluvium),None (Stable),Stable Topography Control,2025-08-01,0,0,,,0.1,42.0,0.0,180.0,0.05,0.2,7.0,7.0,67.0,208.9,208.9,0.05,7.0,1,2025,8,213,1
CTRL/NER/2015/0814,Assam,Kamrup Plains,Kamrup Plains Stable Control Point,Kamrup Plains Lowland Plains,26.2,91.62,None (Stable Alluvium),None (Stable),Stable Topography Control,2015-07-15,0,0,,,0.1,42.0,0.0,180.0,0.15,1.5,38.2,38.2,53.2,123.3,123.3,0.05,38.2,1,2015,7,196,1
CTRL/NER/2018/0815,Assam,Kamrup Plains,Kamrup Plains Stable Control Point,Kamrup Plains Lowland Plains,26.2,91.58,None (Stable Alluvium),None (Stable),Stable Topography Control,2018-07-08,0,0,,,0.1,48.0,0.29,0.0,0.0,0.0,0.5,0.5,12.3,43.3,43.3,0.05,0.5,1,2018,7,189,1
CTRL/NER/2019/0816,Assam,Nagaon Basin,Nagaon Basin Stable Control Point,Nagaon Basin Lowland Plains,26.35,92.68,None (Stable Alluvium),None (Stable),Stable Topography Control,2019-05-09,0,0,,,0.1,65.0,3.06,19.7,0.0,0.1,2.9,2.9,3.7,66.8,66.8,0.05,2.9,1,2019,5,129,0
CTRL/NER/2014/0817,Assam,Nagaon Basin,Nagaon Basin Stable Control Point,Nagaon Basin Lowland Plains,26.37,92.68,None (Stable Alluvium),None (Stable),Stable Topography Control,2014-08-26,0,0,,,0.1,60.0,0.39,138.1,0.05,0.4,4.7,4.7,39.3,139.3,139.3,0.05,4.7,1,2014,8,238,1
CTRL/NER/2017/0818,Assam,Nagaon Basin,Nagaon Basin Stable Control Point,Nagaon Basin Lowland Plains,26.33,92.68,None (Stable Alluvium),None (Stable),Stable Topography Control,2017-07-09,0,0,,,0.1,64.0,0.0,180.0,0.7,2.5,28.0,28.0,61.8,166.4,166.4,0.05,28.0,1,2017,7,190,1
CTRL/NER/2013/0819,Assam,Nagaon Basin,Nagaon Basin Stable Control Point,Nagaon Basin Lowland Plains,26.35,92.7,None (Stable Alluvium),None (Stable),Stable Topography Control,2013-08-28,0,0,,,0.1,64.0,0.83,110.4,0.1,1.1,2.5,2.5,53.6,97.6,97.6,0.05,2.5,1,2013,8,240,1
CTRL/NER/2014/0820,Assam,Nagaon Basin,Nagaon Basin Stable Control Point,Nagaon Basin Lowland Plains,26.35,92.66,None (Stable Alluvium),None (Stable),Stable Topography Control,2014-06-24,0,0,,,0.1,61.0,0.77,90.0,0.05,0.4,7.1,7.1,71.5,205.4,205.4,0.05,7.1,1,2014,6,175,1
CTRL/NER/2014/0821,Assam,Barpeta Plain,Barpeta Plain Stable Control Point,Barpeta Plain Lowland Plains,26.32,91.0,None (Stable Alluvium),None (Stable),Stable Topography Control,2014-07-08,0,0,,,0.1,41.0,1.41,246.0,0.35,1.5,21.2,21.2,38.9,238.4,238.4,0.05,21.2,1,2014,7,189,1
CTRL/NER/2014/0822,Assam,Barpeta Plain,Barpeta Plain Stable Control Point,Barpeta Plain Lowland Plains,26.34,91.0,None (Stable Alluvium),None (Stable),Stable Topography Control,2014-07-01,0,0,,,0.1,42.0,1.26,204.1,0.0,0.0,7.5,7.5,38.3,101.3,101.3,0.05,7.5,1,2014,7,182,1
CTRL/NER/2015/0823,Assam,Barpeta Plain,Barpeta Plain Stable Control Point,Barpeta Plain Lowland Plains,26.3,91.0,None (Stable Alluvium),None (Stable),Stable Topography Control,2015-07-08,0,0,,,0.1,42.0,0.39,41.9,0.0,0.0,2.3,2.3,41.5,89.6,89.6,0.05,2.3,1,2015,7,189,1
CTRL/NER/2015/0824,Assam,Barpeta Plain,Barpeta Plain Stable Control Point,Barpeta Plain Lowland Plains,26.32,91.02,None (Stable Alluvium),None (Stable),Stable Topography Control,2015-06-01,0,0,,,0.1,40.0,0.59,240.8,0.3,1.3,29.9,29.9,169.1,429.5,429.5,0.05,29.9,1,2015,6,152,1
CTRL/NER/2015/0825,Assam,Barpeta Plain,Barpeta Plain Stable Control Point,Barpeta Plain Lowland Plains,26.32,90.98,None (Stable Alluvium),None (Stable),Stable Topography Control,2015-07-11,0,0,,,0.1,41.0,1.55,56.2,0.0,0.0,33.4,33.4,112.4,194.8,194.8,0.05,33.4,1,2015,7,192,1
CTRL/NER/2019/0826,Assam,Dibrugarh Alluvial,Dibrugarh Alluvial Stable Control Point,Dibrugarh Alluvial Lowland Plains,27.48,94.92,None (Stable Alluvium),None (Stable),Stable Topography Control,2019-09-16,0,0,,,0.1,105.0,0.83,249.4,0.0,0.0,13.9,13.9,48.1,204.6,204.6,0.05,13.9,1,2019,9,259,1
CTRL/NER/2021/0827,Assam,Dibrugarh Alluvial,Dibrugarh Alluvial Stable Control Point,Dibrugarh Alluvial Lowland Plains,27.5,94.92,None (Stable Alluvium),None (Stable),Stable Topography Control,2021-08-23,0,0,,,0.1,102.0,0.0,180.0,0.05,0.7,30.7,30.7,64.2,154.8,154.8,0.05,30.7,1,2021,8,235,1
CTRL/NER/2021/0828,Assam,Dibrugarh Alluvial,Dibrugarh Alluvial Stable Control Point,Dibrugarh Alluvial Lowland Plains,27.46,94.92,None (Stable Alluvium),None (Stable),Stable Topography Control,2021-08-22,0,0,,,0.1,107.0,1.27,336.1,0.2,1.0,11.8,11.8,61.5,137.5,137.5,0.05,11.8,1,2021,8,234,1
CTRL/NER/2021/0829,Assam,Dibrugarh Alluvial,Dibrugarh Alluvial Stable Control Point,Dibrugarh Alluvial Lowland Plains,27.48,94.94,None (Stable Alluvium),None (Stable),Stable Topography Control,2021-08-27,0,0,,,0.1,107.0,0.52,270.0,0.0,0.0,12.9,12.9,39.2,160.8,160.8,0.05,12.9,1,2021,8,239,1
CTRL/NER/2021/0830,Assam,Dibrugarh Alluvial,Dibrugarh Alluvial Stable Control Point,Dibrugarh Alluvial Lowland Plains,27.48,94.9,None (Stable Alluvium),None (Stable),Stable Topography Control,2021-06-18,0,0,,,0.1,105.0,0.39,41.6,0.35,0.7,13.0,13.0,29.6,110.9,110.9,0.05,13.0,1,2021,6,169,1
CTRL/NER/2021/0831,Assam,Silchar Floodplain,Silchar Floodplain Stable Control Point,Silchar Floodplain Lowland Plains,24.82,92.8,None (Stable Alluvium),None (Stable),Stable Topography Control,2021-05-18,0,0,,,0.1,23.0,1.44,10.3,3.15,6.7,11.2,11.2,17.7,72.0,72.0,0.05,11.2,1,2021,5,138,0
CTRL/NER/2022/0832,Assam,Silchar Floodplain,Silchar Floodplain Stable Control Point,Silchar Floodplain Lowland Plains,24.84,92.8,None (Stable Alluvium),None (Stable),Stable Topography Control,2022-11-18,0,0,,,0.1,13.0,4.6,222.2,0.0,0.0,0.0,0.0,0.0,0.0,0.0,0.05,0.0,1,2022,11,322,0
CTRL/NER/2022/0833,Assam,Silchar Floodplain,Silchar Floodplain Stable Control Point,Silchar Floodplain Lowland Plains,24.8,92.8,None (Stable Alluvium),None (Stable),Stable Topography Control,2022-11-20,0,0,,,0.1,24.0,0.38,42.2,0.0,0.0,0.0,0.0,0.0,0.0,0.0,0.05,0.0,1,2022,11,324,0
CTRL/NER/2022/0834,Assam,Silchar Floodplain,Silchar Floodplain Stable Control Point,Silchar Floodplain Lowland Plains,24.82,92.82,None (Stable Alluvium),None (Stable),Stable Topography Control,2022-05-29,0,0,,,0.1,20.0,0.28,0.0,0.0,0.0,6.5,6.5,33.0,57.2,57.2,0.05,6.5,1,2022,5,149,0
CTRL/NER/2022/0835,Assam,Silchar Floodplain,Silchar Floodplain Stable Control Point,Silchar Floodplain Lowland Plains,24.82,92.78,None (Stable Alluvium),None (Stable),Stable Topography Control,2022-10-10,0,0,,,0.1,17.0,0.82,290.2,0.7,1.4,11.0,11.0,34.2,106.2,106.2,0.05,11.0,1,2022,10,283,0
CTRL/NER/2022/0836,Manipur,Imphal Valley Basin,Imphal Valley Basin Stable Control Point,Imphal Valley Basin Lowland Plains,24.81,93.94,None (Stable Alluvium),None (Stable),Stable Topography Control,2022-08-25,0,0,,,0.1,779.0,1.14,0.0,0.0,0.0,0.0,0.0,1.5,8.7,8.7,0.05,0.0,1,2022,8,237,1
CTRL/NER/2022/0837,Manipur,Imphal Valley Basin,Imphal Valley Basin Stable Control Point,Imphal Valley Basin Lowland Plains,24.83,93.94,None (Stable Alluvium),None (Stable),Stable Topography Control,2022-06-15,0,0,,,0.1,784.0,2.94,61.1,0.35,0.8,5.9,5.9,8.3,20.7,20.7,0.05,5.9,1,2022,6,166,1
CTRL/NER/2023/0838,Manipur,Imphal Valley Basin,Imphal Valley Basin Stable Control Point,Imphal Valley Basin Lowland Plains,24.79,93.94,None (Stable Alluvium),None (Stable),Stable Topography Control,2023-10-04,0,0,,,0.1,779.0,0.38,222.2,0.0,0.0,3.6,3.6,7.0,30.3,30.3,0.05,3.6,1,2023,10,277,0
CTRL/NER/2024/0839,Manipur,Imphal Valley Basin,Imphal Valley Basin Stable Control Point,Imphal Valley Basin Lowland Plains,24.81,93.96,None (Stable Alluvium),None (Stable),Stable Topography Control,2024-07-21,0,0,,,0.1,780.0,0.82,69.8,0.5,1.9,29.7,29.7,39.2,60.9,60.9,0.05,29.7,1,2024,7,203,1
CTRL/NER/2025/0840,Manipur,Imphal Valley Basin,Imphal Valley Basin Stable Control Point,Imphal Valley Basin Lowland Plains,24.81,93.92,None (Stable Alluvium),None (Stable),Stable Topography Control,2025-09-11,0,0,,,0.1,778.0,0.77,222.2,0.1,1.6,4.6,4.6,8.3,33.5,33.5,0.05,4.6,1,2025,9,254,1
CTRL/NER/2025/0841,Tripura,Agartala Lowland,Agartala Lowland Stable Control Point,Agartala Lowland Lowland Plains,23.83,91.28,None (Stable Alluvium),None (Stable),Stable Topography Control,2025-07-19,0,0,,,0.1,12.0,1.57,280.3,0.0,0.0,7.5,7.5,26.1,80.0,80.0,0.05,7.5,1,2025,7,200,1
CTRL/NER/2012/0842,Tripura,Agartala Lowland,Agartala Lowland Stable Control Point,Agartala Lowland Lowland Plains,23.85,91.28,None (Stable Alluvium),None (Stable),Stable Topography Control,2012-07-13,0,0,,,0.1,18.0,2.97,31.4,0.0,0.0,12.1,12.1,31.6,45.3,45.3,0.05,12.1,1,2012,7,195,1
CTRL/NER/2012/0843,Tripura,Agartala Lowland,Agartala Lowland Stable Control Point,Agartala Lowland Lowland Plains,23.81,91.28,None (Stable Alluvium),None (Stable),Stable Topography Control,2012-06-26,0,0,,,0.1,13.0,2.04,345.4,0.55,1.8,25.6,25.6,74.6,116.8,116.8,0.05,25.6,1,2012,6,178,1
CTRL/NER/2012/0844,Tripura,Agartala Lowland,Agartala Lowland Stable Control Point,Agartala Lowland Lowland Plains,23.83,91.3,None (Stable Alluvium),None (Stable),Stable Topography Control,2012-06-22,0,0,,,0.1,22.0,4.38,224.9,0.0,0.2,4.1,4.1,23.2,36.3,36.3,0.05,4.1,1,2012,6,174,1
CTRL/NER/2012/0845,Tripura,Agartala Lowland,Agartala Lowland Stable Control Point,Agartala Lowland Lowland Plains,23.83,91.26,None (Stable Alluvium),None (Stable),Stable Topography Control,2012-07-17,0,0,,,0.1,11.0,0.62,204.6,0.4,1.6,9.0,9.0,16.0,63.9,63.9,0.05,9.0,1,2012,7,199,1
CTRL/NER/2018/0846,Tripura,Khowai Plain,Khowai Plain Stable Control Point,Khowai Plain Lowland Plains,24.06,91.6,None (Stable Alluvium),None (Stable),Stable Topography Control,2018-05-20,0,0,,,0.1,31.0,1.7,180.0,0.9,4.6,40.0,40.0,71.2,138.0,138.0,0.05,40.0,1,2018,5,140,0
CTRL/NER/2009/0847,Tripura,Khowai Plain,Khowai Plain Stable Control Point,Khowai Plain Lowland Plains,24.08,91.6,None (Stable Alluvium),None (Stable),Stable Topography Control,2009-07-10,0,0,,,0.1,28.0,0.38,317.6,0.0,0.0,1.9,1.9,12.3,37.7,37.7,0.05,1.9,1,2009,7,191,1
CTRL/NER/2018/0848,Tripura,Khowai Plain,Khowai Plain Stable Control Point,Khowai Plain Lowland Plains,24.04,91.6,None (Stable Alluvium),None (Stable),Stable Topography Control,2018-05-18,0,0,,,0.1,27.0,0.96,306.1,0.15,0.5,18.9,18.9,65.7,89.0,89.0,0.05,18.9,1,2018,5,138,0
CTRL/NER/2026/0849,Tripura,Khowai Plain,Khowai Plain Stable Control Point,Khowai Plain Lowland Plains,24.06,91.62,None (Stable Alluvium),None (Stable),Stable Topography Control,2026-05-30,0,0,,,0.1,33.0,0.62,204.5,0.0,0.0,0.7,0.7,1.3,144.2,144.2,0.05,0.7,1,2026,5,150,0
CTRL/NER/2016/0850,Tripura,Khowai Plain,Khowai Plain Stable Control Point,Khowai Plain Lowland Plains,24.06,91.58,None (Stable Alluvium),None (Stable),Stable Topography Control,2016-05-17,0,0,,,0.1,33.0,2.04,194.6,1.25,2.7,25.4,25.4,42.2,61.7,61.7,0.05,25.4,1,2016,5,138,0
CTRL/NER/2016/0851,Nagaland,Dimapur Plain,Dimapur Plain Stable Control Point,Dimapur Plain Lowland Plains,25.9,93.73,None (Stable Alluvium),None (Stable),Stable Topography Control,2016-05-18,0,0,,,0.1,147.0,3.16,355.3,1.1,3.4,22.7,22.7,58.6,161.3,161.3,0.05,22.7,1,2016,5,139,0
CTRL/NER/2010/0852,Nagaland,Dimapur Plain,Dimapur Plain Stable Control Point,Dimapur Plain Lowland Plains,25.92,93.73,None (Stable Alluvium),None (Stable),Stable Topography Control,2010-04-02,0,0,,,0.1,145.0,1.55,236.3,0.0,0.0,5.7,5.7,64.6,161.7,161.7,0.05,5.7,1,2010,4,92,0
CTRL/NER/2016/0853,Nagaland,Dimapur Plain,Dimapur Plain Stable Control Point,Dimapur Plain Lowland Plains,25.88,93.73,None (Stable Alluvium),None (Stable),Stable Topography Control,2016-08-31,0,0,,,0.1,150.0,1.32,102.5,0.0,0.0,5.2,5.2,21.0,41.1,41.1,0.05,5.2,1,2016,8,244,1
CTRL/NER/2020/0854,Nagaland,Dimapur Plain,Dimapur Plain Stable Control Point,Dimapur Plain Lowland Plains,25.9,93.75,None (Stable Alluvium),None (Stable),Stable Topography Control,2020-06-02,0,0,,,0.1,141.0,2.91,190.2,0.0,0.0,3.3,3.3,16.7,162.7,162.7,0.05,3.3,1,2020,6,154,1
CTRL/NER/2010/0855,Nagaland,Dimapur Plain,Dimapur Plain Stable Control Point,Dimapur Plain Lowland Plains,25.9,93.71,None (Stable Alluvium),None (Stable),Stable Topography Control,2010-06-03,0,0,,,0.1,156.0,1.38,326.0,0.0,0.7,45.7,45.7,79.1,105.9,105.9,0.05,45.7,1,2010,6,154,1
CTRL/NER/2020/0856,Assam,Kamrup Plains,Kamrup Plains Stable Control Point,Kamrup Plains Lowland Plains,26.2,91.6,None (Stable Alluvium),None (Stable),Stable Topography Control,2020-06-05,0,0,,,0.1,42.0,0.86,0.0,1.3,3.5,14.5,14.5,29.1,59.0,59.0,0.05,14.5,1,2020,6,157,1
CTRL/NER/2010/0857,Assam,Kamrup Plains,Kamrup Plains Stable Control Point,Kamrup Plains Lowland Plains,26.22,91.6,None (Stable Alluvium),None (Stable),Stable Topography Control,2010-06-20,0,0,,,0.1,47.0,1.55,138.1,0.0,0.0,14.4,14.4,45.5,82.8,82.8,0.05,14.4,1,2010,6,171,1
CTRL/NER/2010/0858,Assam,Kamrup Plains,Kamrup Plains Stable Control Point,Kamrup Plains Lowland Plains,26.18,91.6,None (Stable Alluvium),None (Stable),Stable Topography Control,2010-06-16,0,0,,,0.1,42.0,0.0,180.0,0.55,3.1,19.2,19.2,30.3,114.1,114.1,0.05,19.2,1,2010,6,167,1
CTRL/NER/2018/0859,Assam,Kamrup Plains,Kamrup Plains Stable Control Point,Kamrup Plains Lowland Plains,26.2,91.62,None (Stable Alluvium),None (Stable),Stable Topography Control,2018-06-14,0,0,,,0.1,42.0,0.0,180.0,0.1,0.4,18.5,18.5,24.6,60.3,60.3,0.05,18.5,1,2018,6,165,1
CTRL/NER/2018/0860,Assam,Kamrup Plains,Kamrup Plains Stable Control Point,Kamrup Plains Lowland Plains,26.2,91.58,None (Stable Alluvium),None (Stable),Stable Topography Control,2018-08-24,0,0,,,0.1,48.0,0.29,0.0,0.05,0.1,27.6,27.6,76.0,103.3,103.3,0.05,27.6,1,2018,8,236,1
CTRL/NER/2017/0861,Assam,Nagaon Basin,Nagaon Basin Stable Control Point,Nagaon Basin Lowland Plains,26.35,92.68,None (Stable Alluvium),None (Stable),Stable Topography Control,2017-06-13,0,0,,,0.1,65.0,3.06,19.7,0.0,2.2,76.1,76.1,127.3,130.7,130.7,0.05,76.1,1,2017,6,164,1
CTRL/NER/2017/0862,Assam,Nagaon Basin,Nagaon Basin Stable Control Point,Nagaon Basin Lowland Plains,26.37,92.68,None (Stable Alluvium),None (Stable),Stable Topography Control,2017-06-16,0,0,,,0.1,60.0,0.39,138.1,0.2,5.7,54.0,54.0,57.0,198.3,198.3,0.05,54.0,1,2017,6,167,1
CTRL/NER/2017/0863,Assam,Nagaon Basin,Nagaon Basin Stable Control Point,Nagaon Basin Lowland Plains,26.33,92.68,None (Stable Alluvium),None (Stable),Stable Topography Control,2017-07-04,0,0,,,0.1,64.0,0.0,180.0,1.1,4.1,16.9,16.9,65.9,301.9,301.9,0.05,16.9,1,2017,7,185,1
CTRL/NER/2011/0864,Assam,Nagaon Basin,Nagaon Basin Stable Control Point,Nagaon Basin Lowland Plains,26.35,92.7,None (Stable Alluvium),None (Stable),Stable Topography Control,2011-03-23,0,0,,,0.1,64.0,0.83,110.4,0.0,0.0,0.0,0.0,4.9,50.7,50.7,0.05,0.0,1,2011,3,82,0
CTRL/NER/2009/0865,Assam,Nagaon Basin,Nagaon Basin Stable Control Point,Nagaon Basin Lowland Plains,26.35,92.66,None (Stable Alluvium),None (Stable),Stable Topography Control,2009-08-20,0,0,,,0.1,61.0,0.77,90.0,0.25,3.2,43.5,43.5,78.2,239.2,239.2,0.05,43.5,1,2009,8,232,1
CTRL/NER/2017/0866,Assam,Barpeta Plain,Barpeta Plain Stable Control Point,Barpeta Plain Lowland Plains,26.32,91.0,None (Stable Alluvium),None (Stable),Stable Topography Control,2017-07-03,0,0,,,0.1,41.0,1.41,246.0,2.05,27.4,62.6,62.6,159.2,218.0,218.0,0.05,62.6,1,2017,7,184,1
CTRL/NER/2021/0867,Assam,Barpeta Plain,Barpeta Plain Stable Control Point,Barpeta Plain Lowland Plains,26.34,91.0,None (Stable Alluvium),None (Stable),Stable Topography Control,2021-04-28,0,0,,,0.1,42.0,1.26,204.1,0.0,0.0,2.3,2.3,2.3,4.5,4.5,0.05,2.3,1,2021,4,118,0
CTRL/NER/2024/0868,Assam,Barpeta Plain,Barpeta Plain Stable Control Point,Barpeta Plain Lowland Plains,26.3,91.0,None (Stable Alluvium),None (Stable),Stable Topography Control,2024-07-05,0,0,,,0.1,42.0,0.39,41.9,2.8,9.9,33.0,33.0,102.2,482.5,482.5,0.05,33.0,1,2024,7,187,1
CTRL/NER/2024/0869,Assam,Barpeta Plain,Barpeta Plain Stable Control Point,Barpeta Plain Lowland Plains,26.32,91.02,None (Stable Alluvium),None (Stable),Stable Topography Control,2024-05-24,0,0,,,0.1,40.0,0.59,240.8,0.0,0.0,0.0,0.0,18.5,120.4,120.4,0.05,0.0,1,2024,5,145,0
CTRL/NER/2022/0870,Assam,Barpeta Plain,Barpeta Plain Stable Control Point,Barpeta Plain Lowland Plains,26.32,90.98,None (Stable Alluvium),None (Stable),Stable Topography Control,2022-05-15,0,0,,,0.1,41.0,1.55,56.2,3.55,8.1,200.3,200.3,387.1,415.4,415.4,0.05,200.3,1,2022,5,135,0
CTRL/NER/2022/0871,Assam,Dibrugarh Alluvial,Dibrugarh Alluvial Stable Control Point,Dibrugarh Alluvial Lowland Plains,27.48,94.92,None (Stable Alluvium),None (Stable),Stable Topography Control,2022-05-14,0,0,,,0.1,105.0,0.83,249.4,5.0,14.9,81.9,81.9,170.6,216.1,216.1,0.05,81.9,1,2022,5,134,0
CTRL/NER/2014/0872,Assam,Dibrugarh Alluvial,Dibrugarh Alluvial Stable Control Point,Dibrugarh Alluvial Lowland Plains,27.5,94.92,None (Stable Alluvium),None (Stable),Stable Topography Control,2014-09-22,0,0,,,0.1,102.0,0.0,180.0,0.2,1.9,19.4,19.4,103.1,158.7,158.7,0.05,19.4,1,2014,9,265,1
CTRL/NER/2014/0873,Assam,Dibrugarh Alluvial,Dibrugarh Alluvial Stable Control Point,Dibrugarh Alluvial Lowland Plains,27.46,94.92,None (Stable Alluvium),None (Stable),Stable Topography Control,2014-09-23,0,0,,,0.1,107.0,1.27,336.1,0.0,0.8,31.4,31.4,88.0,188.9,188.9,0.05,31.4,1,2014,9,266,1
CTRL/NER/2014/0874,Assam,Dibrugarh Alluvial,Dibrugarh Alluvial Stable Control Point,Dibrugarh Alluvial Lowland Plains,27.48,94.94,None (Stable Alluvium),None (Stable),Stable Topography Control,2014-09-25,0,0,,,0.1,107.0,0.52,270.0,0.8,5.4,21.5,21.5,57.3,212.3,212.3,0.05,21.5,1,2014,9,268,1
CTRL/NER/2016/0875,Assam,Dibrugarh Alluvial,Dibrugarh Alluvial Stable Control Point,Dibrugarh Alluvial Lowland Plains,27.48,94.9,None (Stable Alluvium),None (Stable),Stable Topography Control,2016-05-22,0,0,,,0.1,105.0,0.39,41.6,0.0,0.0,36.7,36.7,52.0,210.4,210.4,0.05,36.7,1,2016,5,143,0
CTRL/NER/2016/0876,Assam,Silchar Floodplain,Silchar Floodplain Stable Control Point,Silchar Floodplain Lowland Plains,24.82,92.8,None (Stable Alluvium),None (Stable),Stable Topography Control,2016-06-22,0,0,,,0.1,23.0,1.44,10.3,0.9,3.5,25.2,25.2,35.8,94.2,94.2,0.05,25.2,1,2016,6,174,1
CTRL/NER/2022/0877,Assam,Silchar Floodplain,Silchar Floodplain Stable Control Point,Silchar Floodplain Lowland Plains,24.84,92.8,None (Stable Alluvium),None (Stable),Stable Topography Control,2022-05-13,0,0,,,0.1,13.0,4.6,222.2,0.15,1.8,33.6,33.6,165.0,181.8,181.8,0.05,33.6,1,2022,5,133,0
CTRL/NER/2016/0878,Assam,Silchar Floodplain,Silchar Floodplain Stable Control Point,Silchar Floodplain Lowland Plains,24.8,92.8,None (Stable Alluvium),None (Stable),Stable Topography Control,2016-05-27,0,0,,,0.1,24.0,0.38,42.2,0.0,0.0,5.7,5.7,46.1,172.6,172.6,0.05,5.7,1,2016,5,148,0
CTRL/NER/2014/0879,Assam,Silchar Floodplain,Silchar Floodplain Stable Control Point,Silchar Floodplain Lowland Plains,24.82,92.82,None (Stable Alluvium),None (Stable),Stable Topography Control,2014-08-20,0,0,,,0.1,20.0,0.28,0.0,0.2,2.2,4.3,4.3,16.3,135.7,135.7,0.05,4.3,1,2014,8,232,1
CTRL/NER/2016/0880,Assam,Silchar Floodplain,Silchar Floodplain Stable Control Point,Silchar Floodplain Lowland Plains,24.82,92.78,None (Stable Alluvium),None (Stable),Stable Topography Control,2016-07-20,0,0,,,0.1,17.0,0.82,290.2,0.2,1.0,9.9,9.9,27.0,84.2,84.2,0.05,9.9,1,2016,7,202,1
CTRL/NER/2019/0881,Manipur,Imphal Valley Basin,Imphal Valley Basin Stable Control Point,Imphal Valley Basin Lowland Plains,24.81,93.94,None (Stable Alluvium),None (Stable),Stable Topography Control,2019-07-10,0,0,,,0.1,779.0,1.14,0.0,0.05,0.7,21.1,21.1,93.9,151.2,151.2,0.05,21.1,1,2019,7,191,1
CTRL/NER/2019/0882,Manipur,Imphal Valley Basin,Imphal Valley Basin Stable Control Point,Imphal Valley Basin Lowland Plains,24.83,93.94,None (Stable Alluvium),None (Stable),Stable Topography Control,2019-07-16,0,0,,,0.1,784.0,2.94,61.1,0.0,0.0,0.0,0.0,5.9,95.8,95.8,0.05,0.0,1,2019,7,197,1
CTRL/NER/2016/0883,Manipur,Imphal Valley Basin,Imphal Valley Basin Stable Control Point,Imphal Valley Basin Lowland Plains,24.79,93.94,None (Stable Alluvium),None (Stable),Stable Topography Control,2016-07-14,0,0,,,0.1,779.0,0.38,222.2,0.35,1.0,7.6,7.6,20.1,40.0,40.0,0.05,7.6,1,2016,7,196,1
CTRL/NER/2014/0884,Manipur,Imphal Valley Basin,Imphal Valley Basin Stable Control Point,Imphal Valley Basin Lowland Plains,24.81,93.96,None (Stable Alluvium),None (Stable),Stable Topography Control,2014-06-27,0,0,,,0.1,780.0,0.82,69.8,0.0,0.1,2.2,2.2,17.8,104.8,104.8,0.05,2.2,1,2014,6,178,1
CTRL/NER/2016/0885,Manipur,Imphal Valley Basin,Imphal Valley Basin Stable Control Point,Imphal Valley Basin Lowland Plains,24.81,93.92,None (Stable Alluvium),None (Stable),Stable Topography Control,2016-04-18,0,0,,,0.1,778.0,0.77,222.2,0.0,0.0,0.4,0.4,26.7,28.0,28.0,0.05,0.4,1,2016,4,109,0
CTRL/NER/2017/0886,Tripura,Agartala Lowland,Agartala Lowland Stable Control Point,Agartala Lowland Lowland Plains,23.83,91.28,None (Stable Alluvium),None (Stable),Stable Topography Control,2017-05-20,0,0,,,0.1,12.0,1.57,280.3,0.0,0.0,0.8,0.8,46.1,143.9,143.9,0.05,0.8,1,2017,5,140,0
CTRL/NER/2017/0887,Tripura,Agartala Lowland,Agartala Lowland Stable Control Point,Agartala Lowland Lowland Plains,23.85,91.28,None (Stable Alluvium),None (Stable),Stable Topography Control,2017-06-03,0,0,,,0.1,18.0,2.97,31.4,0.05,3.6,8.1,8.1,36.8,116.1,116.1,0.05,8.1,1,2017,6,154,1
CTRL/NER/2018/0888,Tripura,Agartala Lowland,Agartala Lowland Stable Control Point,Agartala Lowland Lowland Plains,23.81,91.28,None (Stable Alluvium),None (Stable),Stable Topography Control,2018-08-31,0,0,,,0.1,13.0,2.04,345.4,0.0,0.0,4.7,4.7,12.5,54.3,54.3,0.05,4.7,1,2018,8,243,1
CTRL/NER/2015/0889,Tripura,Agartala Lowland,Agartala Lowland Stable Control Point,Agartala Lowland Lowland Plains,23.83,91.3,None (Stable Alluvium),None (Stable),Stable Topography Control,2015-09-01,0,0,,,0.1,22.0,4.38,224.9,0.5,2.4,35.2,35.2,69.0,79.8,79.8,0.05,35.2,1,2015,9,244,1
CTRL/NER/2020/0890,Tripura,Agartala Lowland,Agartala Lowland Stable Control Point,Agartala Lowland Lowland Plains,23.83,91.26,None (Stable Alluvium),None (Stable),Stable Topography Control,2020-06-28,0,0,,,0.1,11.0,0.62,204.6,0.0,0.0,20.0,20.0,49.6,80.0,80.0,0.05,20.0,1,2020,6,180,1
CTRL/NER/2020/0891,Tripura,Khowai Plain,Khowai Plain Stable Control Point,Khowai Plain Lowland Plains,24.06,91.6,None (Stable Alluvium),None (Stable),Stable Topography Control,2020-07-12,0,0,,,0.1,31.0,1.7,180.0,0.15,1.2,32.5,32.5,46.7,82.8,82.8,0.05,32.5,1,2020,7,194,1
CTRL/NER/2020/0892,Tripura,Khowai Plain,Khowai Plain Stable Control Point,Khowai Plain Lowland Plains,24.08,91.6,None (Stable Alluvium),None (Stable),Stable Topography Control,2020-06-26,0,0,,,0.1,28.0,0.38,317.6,0.0,0.0,1.2,1.2,8.6,33.0,33.0,0.05,1.2,1,2020,6,178,1
CTRL/NER/2022/0893,Tripura,Khowai Plain,Khowai Plain Stable Control Point,Khowai Plain Lowland Plains,24.04,91.6,None (Stable Alluvium),None (Stable),Stable Topography Control,2022-06-16,0,0,,,0.1,27.0,0.96,306.1,0.0,0.0,4.4,4.4,26.9,45.5,45.5,0.05,4.4,1,2022,6,167,1
CTRL/NER/2022/0894,Tripura,Khowai Plain,Khowai Plain Stable Control Point,Khowai Plain Lowland Plains,24.06,91.62,None (Stable Alluvium),None (Stable),Stable Topography Control,2022-06-17,0,0,,,0.1,33.0,0.62,204.5,1.05,3.2,13.7,13.7,32.0,61.9,61.9,0.05,13.7,1,2022,6,168,1
CTRL/NER/2022/0895,Tripura,Khowai Plain,Khowai Plain Stable Control Point,Khowai Plain Lowland Plains,24.06,91.58,None (Stable Alluvium),None (Stable),Stable Topography Control,2022-05-16,0,0,,,0.1,33.0,2.04,194.6,0.05,0.5,5.0,5.0,33.2,63.2,63.2,0.05,5.0,1,2022,5,136,0
CTRL/NER/2014/0896,Nagaland,Dimapur Plain,Dimapur Plain Stable Control Point,Dimapur Plain Lowland Plains,25.9,93.73,None (Stable Alluvium),None (Stable),Stable Topography Control,2014-05-10,0,0,,,0.1,147.0,3.16,355.3,0.0,0.0,3.6,3.6,53.6,103.4,103.4,0.05,3.6,1,2014,5,130,0
CTRL/NER/2025/0897,Nagaland,Dimapur Plain,Dimapur Plain Stable Control Point,Dimapur Plain Lowland Plains,25.92,93.73,None (Stable Alluvium),None (Stable),Stable Topography Control,2025-05-31,0,0,,,0.1,145.0,1.55,236.3,1.7,4.6,16.2,16.2,122.6,184.2,184.2,0.05,16.2,1,2025,5,151,0
CTRL/NER/2025/0898,Nagaland,Dimapur Plain,Dimapur Plain Stable Control Point,Dimapur Plain Lowland Plains,25.88,93.73,None (Stable Alluvium),None (Stable),Stable Topography Control,2025-06-06,0,0,,,0.1,150.0,1.32,102.5,0.0,0.0,0.2,0.2,7.8,165.4,165.4,0.05,0.2,1,2025,6,157,1
CTRL/NER/2025/0899,Nagaland,Dimapur Plain,Dimapur Plain Stable Control Point,Dimapur Plain Lowland Plains,25.9,93.75,None (Stable Alluvium),None (Stable),Stable Topography Control,2025-06-04,0,0,,,0.1,141.0,2.91,190.2,0.1,0.9,5.7,5.7,10.0,197.4,197.4,0.05,5.7,1,2025,6,155,1
CTRL/NER/2014/0900,Nagaland,Dimapur Plain,Dimapur Plain Stable Control Point,Dimapur Plain Lowland Plains,25.9,93.71,None (Stable Alluvium),None (Stable),Stable Topography Control,2014-07-17,0,0,,,0.1,156.0,1.38,326.0,0.0,0.0,5.1,5.1,37.5,72.5,72.5,0.05,5.1,1,2014,7,198,1
CTRL/NER/2025/0901,Assam,Kamrup Plains,Kamrup Plains Stable Control Point,Kamrup Plains Lowland Plains,26.2,91.6,None (Stable Alluvium),None (Stable),Stable Topography Control,2025-11-02,0,0,,,0.1,42.0,0.86,0.0,0.0,0.0,2.5,2.5,39.1,46.1,46.1,0.05,2.5,1,2025,11,306,0
CTRL/NER/2008/0902,Assam,Kamrup Plains,Kamrup Plains Stable Control Point,Kamrup Plains Lowland Plains,26.22,91.6,None (Stable Alluvium),None (Stable),Stable Topography Control,2008-12-26,0,0,,,0.1,47.0,1.55,138.1,0.0,1.1,4.8,4.8,7.0,10.4,10.4,0.05,4.8,1,2008,12,361,0
CTRL/NER/2025/0903,Assam,Kamrup Plains,Kamrup Plains Stable Control Point,Kamrup Plains Lowland Plains,26.18,91.6,None (Stable Alluvium),None (Stable),Stable Topography Control,2025-07-05,0,0,,,0.1,42.0,0.0,180.0,0.95,3.5,39.0,39.0,137.1,307.2,307.2,0.05,39.0,1,2025,7,186,1
CTRL/NER/2025/0904,Assam,Kamrup Plains,Kamrup Plains Stable Control Point,Kamrup Plains Lowland Plains,26.2,91.62,None (Stable Alluvium),None (Stable),Stable Topography Control,2025-06-05,0,0,,,0.1,42.0,0.0,180.0,0.0,0.0,10.2,10.2,23.1,180.7,180.7,0.05,10.2,1,2025,6,156,1
CTRL/NER/2014/0905,Assam,Kamrup Plains,Kamrup Plains Stable Control Point,Kamrup Plains Lowland Plains,26.2,91.58,None (Stable Alluvium),None (Stable),Stable Topography Control,2014-07-18,0,0,,,0.1,48.0,0.29,0.0,0.15,0.6,24.7,24.7,120.5,252.2,252.2,0.05,24.7,1,2014,7,199,1
CTRL/NER/2024/0906,Assam,Nagaon Basin,Nagaon Basin Stable Control Point,Nagaon Basin Lowland Plains,26.35,92.68,None (Stable Alluvium),None (Stable),Stable Topography Control,2024-08-08,0,0,,,0.1,65.0,3.06,19.7,0.3,6.1,23.5,23.5,42.3,88.7,88.7,0.05,23.5,1,2024,8,221,1
CTRL/NER/2020/0907,Assam,Nagaon Basin,Nagaon Basin Stable Control Point,Nagaon Basin Lowland Plains,26.37,92.68,None (Stable Alluvium),None (Stable),Stable Topography Control,2020-06-25,0,0,,,0.1,60.0,0.39,138.1,0.7,2.0,11.3,11.3,38.0,102.8,102.8,0.05,11.3,1,2020,6,177,1
CTRL/NER/2016/0908,Assam,Nagaon Basin,Nagaon Basin Stable Control Point,Nagaon Basin Lowland Plains,26.33,92.68,None (Stable Alluvium),None (Stable),Stable Topography Control,2016-07-16,0,0,,,0.1,64.0,0.0,180.0,0.15,0.7,10.7,10.7,31.6,80.9,80.9,0.05,10.7,1,2016,7,198,1
CTRL/NER/2016/0909,Assam,Nagaon Basin,Nagaon Basin Stable Control Point,Nagaon Basin Lowland Plains,26.35,92.7,None (Stable Alluvium),None (Stable),Stable Topography Control,2016-07-17,0,0,,,0.1,64.0,0.83,110.4,0.15,1.6,52.2,52.2,73.6,101.9,101.9,0.05,52.2,1,2016,7,199,1
CTRL/NER/2016/0910,Assam,Nagaon Basin,Nagaon Basin Stable Control Point,Nagaon Basin Lowland Plains,26.35,92.66,None (Stable Alluvium),None (Stable),Stable Topography Control,2016-04-22,0,0,,,0.1,61.0,0.77,90.0,0.0,1.4,7.3,7.3,108.4,206.9,206.9,0.05,7.3,1,2016,4,113,0
CTRL/NER/2016/0911,Assam,Barpeta Plain,Barpeta Plain Stable Control Point,Barpeta Plain Lowland Plains,26.32,91.0,None (Stable Alluvium),None (Stable),Stable Topography Control,2016-04-23,0,0,,,0.1,41.0,1.41,246.0,0.0,0.2,30.0,30.0,128.1,227.8,227.8,0.05,30.0,1,2016,4,114,0
CTRL/NER/2024/0912,Assam,Barpeta Plain,Barpeta Plain Stable Control Point,Barpeta Plain Lowland Plains,26.34,91.0,None (Stable Alluvium),None (Stable),Stable Topography Control,2024-04-24,0,0,,,0.1,42.0,1.26,204.1,0.0,0.0,0.0,0.0,0.3,27.0,27.0,0.05,0.0,1,2024,4,115,0
CTRL/NER/2026/0913,Assam,Barpeta Plain,Barpeta Plain Stable Control Point,Barpeta Plain Lowland Plains,26.3,91.0,None (Stable Alluvium),None (Stable),Stable Topography Control,2026-03-16,0,0,,,0.1,42.0,0.39,41.9,0.0,0.0,23.0,23.0,107.6,166.8,166.8,0.05,23.0,1,2026,3,75,0
CTRL/NER/2026/0914,Assam,Barpeta Plain,Barpeta Plain Stable Control Point,Barpeta Plain Lowland Plains,26.32,91.02,None (Stable Alluvium),None (Stable),Stable Topography Control,2026-06-28,0,0,,,0.1,40.0,0.59,240.8,0.05,0.2,3.1,3.1,11.6,162.0,162.0,0.05,3.1,1,2026,6,179,1
CTRL/NER/2007/0915,Assam,Barpeta Plain,Barpeta Plain Stable Control Point,Barpeta Plain Lowland Plains,26.32,90.98,None (Stable Alluvium),None (Stable),Stable Topography Control,2007-09-07,0,0,,,0.1,41.0,1.55,56.2,0.35,2.1,46.3,46.3,121.4,191.6,191.6,0.05,46.3,1,2007,9,250,1
CTRL/NER/2010/0916,Assam,Dibrugarh Alluvial,Dibrugarh Alluvial Stable Control Point,Dibrugarh Alluvial Lowland Plains,27.48,94.92,None (Stable Alluvium),None (Stable),Stable Topography Control,2010-06-10,0,0,,,0.1,105.0,0.83,249.4,0.25,1.3,3.1,3.1,28.8,175.8,175.8,0.05,3.1,1,2010,6,161,1
CTRL/NER/2018/0917,Assam,Dibrugarh Alluvial,Dibrugarh Alluvial Stable Control Point,Dibrugarh Alluvial Lowland Plains,27.5,94.92,None (Stable Alluvium),None (Stable),Stable Topography Control,2018-08-02,0,0,,,0.1,102.0,0.0,180.0,0.1,0.2,37.4,37.4,68.8,225.7,225.7,0.05,37.4,1,2018,8,214,1
CTRL/NER/2007/0918,Assam,Dibrugarh Alluvial,Dibrugarh Alluvial Stable Control Point,Dibrugarh Alluvial Lowland Plains,27.46,94.92,None (Stable Alluvium),None (Stable),Stable Topography Control,2007-06-16,0,0,,,0.1,107.0,1.27,336.1,0.2,0.8,38.4,38.4,148.9,219.9,219.9,0.05,38.4,1,2007,6,167,1
CTRL/NER/2007/0919,Assam,Dibrugarh Alluvial,Dibrugarh Alluvial Stable Control Point,Dibrugarh Alluvial Lowland Plains,27.48,94.94,None (Stable Alluvium),None (Stable),Stable Topography Control,2007-09-10,0,0,,,0.1,107.0,0.52,270.0,0.0,0.2,2.0,2.0,53.4,254.4,254.4,0.05,2.0,1,2007,9,253,1
CTRL/NER/2008/0920,Assam,Dibrugarh Alluvial,Dibrugarh Alluvial Stable Control Point,Dibrugarh Alluvial Lowland Plains,27.48,94.9,None (Stable Alluvium),None (Stable),Stable Topography Control,2008-07-01,0,0,,,0.1,105.0,0.39,41.6,0.55,4.1,36.7,36.7,74.9,146.9,146.9,0.05,36.7,1,2008,7,183,1
CTRL/NER/2007/0921,Assam,Silchar Floodplain,Silchar Floodplain Stable Control Point,Silchar Floodplain Lowland Plains,24.82,92.8,None (Stable Alluvium),None (Stable),Stable Topography Control,2007-09-12,0,0,,,0.1,23.0,1.44,10.3,0.65,3.4,4.8,4.8,19.9,227.4,227.4,0.05,4.8,1,2007,9,255,1
CTRL/NER/2008/0922,Assam,Silchar Floodplain,Silchar Floodplain Stable Control Point,Silchar Floodplain Lowland Plains,24.84,92.8,None (Stable Alluvium),None (Stable),Stable Topography Control,2008-06-19,0,0,,,0.1,13.0,4.6,222.2,0.7,3.5,34.5,34.5,72.5,115.3,115.3,0.05,34.5,1,2008,6,171,1
CTRL/NER/2010/0923,Assam,Silchar Floodplain,Silchar Floodplain Stable Control Point,Silchar Floodplain Lowland Plains,24.8,92.8,None (Stable Alluvium),None (Stable),Stable Topography Control,2010-06-05,0,0,,,0.1,24.0,0.38,42.2,0.75,4.9,35.7,35.7,62.9,198.1,198.1,0.05,35.7,1,2010,6,156,1
CTRL/NER/2018/0924,Assam,Silchar Floodplain,Silchar Floodplain Stable Control Point,Silchar Floodplain Lowland Plains,24.82,92.82,None (Stable Alluvium),None (Stable),Stable Topography Control,2018-06-06,0,0,,,0.1,20.0,0.28,0.0,0.0,0.0,15.5,15.5,40.2,69.6,69.6,0.05,15.5,1,2018,6,157,1
CTRL/NER/2018/0925,Assam,Silchar Floodplain,Silchar Floodplain Stable Control Point,Silchar Floodplain Lowland Plains,24.82,92.78,None (Stable Alluvium),None (Stable),Stable Topography Control,2018-06-12,0,0,,,0.1,17.0,0.82,290.2,2.9,18.7,178.2,178.2,223.4,265.4,265.4,0.05,178.2,1,2018,6,163,1
CTRL/NER/2018/0926,Manipur,Imphal Valley Basin,Imphal Valley Basin Stable Control Point,Imphal Valley Basin Lowland Plains,24.81,93.94,None (Stable Alluvium),None (Stable),Stable Topography Control,2018-06-22,0,0,,,0.1,779.0,1.14,0.0,0.0,0.0,3.1,3.1,3.8,14.2,14.2,0.05,3.1,1,2018,6,173,1
CTRL/NER/2018/0927,Manipur,Imphal Valley Basin,Imphal Valley Basin Stable Control Point,Imphal Valley Basin Lowland Plains,24.83,93.94,None (Stable Alluvium),None (Stable),Stable Topography Control,2018-05-03,0,0,,,0.1,784.0,2.94,61.1,0.75,3.5,8.9,8.9,20.9,24.0,24.0,0.05,8.9,1,2018,5,123,0
CTRL/NER/2007/0928,Manipur,Imphal Valley Basin,Imphal Valley Basin Stable Control Point,Imphal Valley Basin Lowland Plains,24.79,93.94,None (Stable Alluvium),None (Stable),Stable Topography Control,2007-08-24,0,0,,,0.1,779.0,0.38,222.2,0.1,0.2,7.5,7.5,14.5,26.4,26.4,0.05,7.5,1,2007,8,236,1
CTRL/NER/2007/0929,Manipur,Imphal Valley Basin,Imphal Valley Basin Stable Control Point,Imphal Valley Basin Lowland Plains,24.81,93.96,None (Stable Alluvium),None (Stable),Stable Topography Control,2007-08-28,0,0,,,0.1,780.0,0.82,69.8,0.0,0.0,2.8,2.8,54.7,75.2,75.2,0.05,2.8,1,2007,8,240,1
CTRL/NER/2018/0930,Manipur,Imphal Valley Basin,Imphal Valley Basin Stable Control Point,Imphal Valley Basin Lowland Plains,24.81,93.92,None (Stable Alluvium),None (Stable),Stable Topography Control,2018-07-11,0,0,,,0.1,778.0,0.77,222.2,0.0,0.0,18.0,18.0,24.2,50.2,50.2,0.05,18.0,1,2018,7,192,1
CTRL/NER/2007/0931,Tripura,Agartala Lowland,Agartala Lowland Stable Control Point,Agartala Lowland Lowland Plains,23.83,91.28,None (Stable Alluvium),None (Stable),Stable Topography Control,2007-09-09,0,0,,,0.1,12.0,1.57,280.3,0.05,0.4,20.5,20.5,99.6,154.3,154.3,0.05,20.5,1,2007,9,252,1
CTRL/NER/2024/0932,Tripura,Agartala Lowland,Agartala Lowland Stable Control Point,Agartala Lowland Lowland Plains,23.85,91.28,None (Stable Alluvium),None (Stable),Stable Topography Control,2024-07-29,0,0,,,0.1,18.0,2.97,31.4,0.0,0.0,4.7,4.7,6.5,32.6,32.6,0.05,4.7,1,2024,7,211,1
CTRL/NER/2011/0933,Tripura,Agartala Lowland,Agartala Lowland Stable Control Point,Agartala Lowland Lowland Plains,23.81,91.28,None (Stable Alluvium),None (Stable),Stable Topography Control,2011-05-31,0,0,,,0.1,13.0,2.04,345.4,0.0,0.0,10.3,10.3,18.4,91.5,91.5,0.05,10.3,1,2011,5,151,0
CTRL/NER/2011/0934,Tripura,Agartala Lowland,Agartala Lowland Stable Control Point,Agartala Lowland Lowland Plains,23.83,91.3,None (Stable Alluvium),None (Stable),Stable Topography Control,2011-07-06,0,0,,,0.1,22.0,4.38,224.9,0.0,0.1,1.8,1.8,3.5,157.7,157.7,0.05,1.8,1,2011,7,187,1
CTRL/NER/2011/0935,Tripura,Agartala Lowland,Agartala Lowland Stable Control Point,Agartala Lowland Lowland Plains,23.83,91.26,None (Stable Alluvium),None (Stable),Stable Topography Control,2011-06-26,0,0,,,0.1,11.0,0.62,204.6,0.0,0.0,9.9,9.9,67.0,93.3,93.3,0.05,9.9,1,2011,6,177,1
CTRL/NER/2010/0936,Tripura,Khowai Plain,Khowai Plain Stable Control Point,Khowai Plain Lowland Plains,24.06,91.6,None (Stable Alluvium),None (Stable),Stable Topography Control,2010-06-08,0,0,,,0.1,31.0,1.7,180.0,0.0,0.0,10.0,10.0,28.4,84.6,84.6,0.05,10.0,1,2010,6,159,1
CTRL/NER/2010/0937,Tripura,Khowai Plain,Khowai Plain Stable Control Point,Khowai Plain Lowland Plains,24.08,91.6,None (Stable Alluvium),None (Stable),Stable Topography Control,2010-03-28,0,0,,,0.1,28.0,0.38,317.6,0.0,0.0,12.5,12.5,25.7,25.9,25.9,0.05,12.5,1,2010,3,87,0
CTRL/NER/2015/0938,Tripura,Khowai Plain,Khowai Plain Stable Control Point,Khowai Plain Lowland Plains,24.04,91.6,None (Stable Alluvium),None (Stable),Stable Topography Control,2015-07-30,0,0,,,0.1,27.0,0.96,306.1,3.35,13.8,39.6,39.6,52.9,214.7,214.7,0.05,39.6,1,2015,7,211,1
CTRL/NER/2018/0939,Tripura,Khowai Plain,Khowai Plain Stable Control Point,Khowai Plain Lowland Plains,24.06,91.62,None (Stable Alluvium),None (Stable),Stable Topography Control,2018-05-07,0,0,,,0.1,33.0,0.62,204.5,0.0,0.0,30.5,30.5,94.7,154.7,154.7,0.05,30.5,1,2018,5,127,0
CTRL/NER/2007/0940,Tripura,Khowai Plain,Khowai Plain Stable Control Point,Khowai Plain Lowland Plains,24.06,91.58,None (Stable Alluvium),None (Stable),Stable Topography Control,2007-07-31,0,0,,,0.1,33.0,2.04,194.6,0.0,0.1,3.0,3.0,20.6,77.2,77.2,0.05,3.0,1,2007,7,212,1
CTRL/NER/2008/0941,Nagaland,Dimapur Plain,Dimapur Plain Stable Control Point,Dimapur Plain Lowland Plains,25.9,93.73,None (Stable Alluvium),None (Stable),Stable Topography Control,2008-08-12,0,0,,,0.1,147.0,3.16,355.3,0.0,0.0,5.5,5.5,31.0,47.4,47.4,0.05,5.5,1,2008,8,225,1
CTRL/NER/2008/0942,Nagaland,Dimapur Plain,Dimapur Plain Stable Control Point,Dimapur Plain Lowland Plains,25.92,93.73,None (Stable Alluvium),None (Stable),Stable Topography Control,2008-08-10,0,0,,,0.1,145.0,1.55,236.3,0.05,0.1,21.7,21.7,25.3,56.6,56.6,0.05,21.7,1,2008,8,223,1
CTRL/NER/2022/0943,Nagaland,Dimapur Plain,Dimapur Plain Stable Control Point,Dimapur Plain Lowland Plains,25.88,93.73,None (Stable Alluvium),None (Stable),Stable Topography Control,2022-04-04,0,0,,,0.1,150.0,1.32,102.5,0.0,0.0,28.6,28.6,28.8,48.3,48.3,0.05,28.6,1,2022,4,94,0
CTRL/NER/2009/0944,Nagaland,Dimapur Plain,Dimapur Plain Stable Control Point,Dimapur Plain Lowland Plains,25.9,93.75,None (Stable Alluvium),None (Stable),Stable Topography Control,2009-06-29,0,0,,,0.1,141.0,2.91,190.2,0.1,0.5,8.5,8.5,13.4,24.0,24.0,0.05,8.5,1,2009,6,180,1
CTRL/NER/2013/0945,Nagaland,Dimapur Plain,Dimapur Plain Stable Control Point,Dimapur Plain Lowland Plains,25.9,93.71,None (Stable Alluvium),None (Stable),Stable Topography Control,2013-08-06,0,0,,,0.1,156.0,1.38,326.0,0.0,0.6,9.3,9.3,28.4,64.6,64.6,0.05,9.3,1,2013,8,218,1
CTRL/NER/2007/0946,Assam,Kamrup Plains,Kamrup Plains Stable Control Point,Kamrup Plains Lowland Plains,26.2,91.6,None (Stable Alluvium),None (Stable),Stable Topography Control,2007-07-19,0,0,,,0.1,42.0,0.86,0.0,0.4,2.5,14.0,14.0,28.0,204.8,204.8,0.05,14.0,1,2007,7,200,1
CTRL/NER/2007/0947,Assam,Kamrup Plains,Kamrup Plains Stable Control Point,Kamrup Plains Lowland Plains,26.22,91.6,None (Stable Alluvium),None (Stable),Stable Topography Control,2007-08-18,0,0,,,0.1,47.0,1.55,138.1,0.0,0.0,5.1,5.1,52.6,216.5,216.5,0.05,5.1,1,2007,8,230,1
CTRL/NER/2009/0948,Assam,Kamrup Plains,Kamrup Plains Stable Control Point,Kamrup Plains Lowland Plains,26.18,91.6,None (Stable Alluvium),None (Stable),Stable Topography Control,2009-07-17,0,0,,,0.1,42.0,0.0,180.0,0.05,0.1,0.7,0.7,49.2,76.8,76.8,0.05,0.7,1,2009,7,198,1
CTRL/NER/2007/0949,Assam,Kamrup Plains,Kamrup Plains Stable Control Point,Kamrup Plains Lowland Plains,26.2,91.62,None (Stable Alluvium),None (Stable),Stable Topography Control,2007-07-17,0,0,,,0.1,42.0,0.0,180.0,0.0,0.0,10.7,10.7,155.6,198.3,198.3,0.05,10.7,1,2007,7,198,1
CTRL/NER/2007/0950,Assam,Kamrup Plains,Kamrup Plains Stable Control Point,Kamrup Plains Lowland Plains,26.2,91.58,None (Stable Alluvium),None (Stable),Stable Topography Control,2007-07-25,0,0,,,0.1,48.0,0.29,0.0,0.95,4.7,27.3,27.3,67.8,125.4,125.4,0.05,27.3,1,2007,7,206,1
CTRL/NER/2007/0951,Assam,Nagaon Basin,Nagaon Basin Stable Control Point,Nagaon Basin Lowland Plains,26.35,92.68,None (Stable Alluvium),None (Stable),Stable Topography Control,2007-07-27,0,0,,,0.1,65.0,3.06,19.7,0.4,1.4,60.9,60.9,245.5,374.2,374.2,0.05,60.9,1,2007,7,208,1
CTRL/NER/2009/0952,Assam,Nagaon Basin,Nagaon Basin Stable Control Point,Nagaon Basin Lowland Plains,26.37,92.68,None (Stable Alluvium),None (Stable),Stable Topography Control,2009-07-01,0,0,,,0.1,60.0,0.39,138.1,0.25,0.9,31.2,31.2,121.4,210.9,210.9,0.05,31.2,1,2009,7,182,1
CTRL/NER/2007/0953,Assam,Nagaon Basin,Nagaon Basin Stable Control Point,Nagaon Basin Lowland Plains,26.33,92.68,None (Stable Alluvium),None (Stable),Stable Topography Control,2007-09-08,0,0,,,0.1,64.0,0.0,180.0,0.4,1.9,62.3,62.3,274.5,396.5,396.5,0.05,62.3,1,2007,9,251,1
CTRL/NER/2024/0954,Assam,Nagaon Basin,Nagaon Basin Stable Control Point,Nagaon Basin Lowland Plains,26.35,92.7,None (Stable Alluvium),None (Stable),Stable Topography Control,2024-05-27,0,0,,,0.1,64.0,0.83,110.4,0.1,0.5,42.9,42.9,53.4,73.0,73.0,0.05,42.9,1,2024,5,148,0
CTRL/NER/2017/0955,Assam,Nagaon Basin,Nagaon Basin Stable Control Point,Nagaon Basin Lowland Plains,26.35,92.66,None (Stable Alluvium),None (Stable),Stable Topography Control,2017-06-17,0,0,,,0.1,61.0,0.77,90.0,0.0,0.0,56.0,56.0,102.2,231.5,231.5,0.05,56.0,1,2017,6,168,1
CTRL/NER/2007/0956,Assam,Barpeta Plain,Barpeta Plain Stable Control Point,Barpeta Plain Lowland Plains,26.32,91.0,None (Stable Alluvium),None (Stable),Stable Topography Control,2007-09-15,0,0,,,0.1,41.0,1.41,246.0,0.0,0.0,20.7,20.7,36.7,91.5,91.5,0.05,20.7,1,2007,9,258,1
CTRL/NER/2014/0957,Assam,Barpeta Plain,Barpeta Plain Stable Control Point,Barpeta Plain Lowland Plains,26.34,91.0,None (Stable Alluvium),None (Stable),Stable Topography Control,2014-09-20,0,0,,,0.1,42.0,1.26,204.1,0.45,2.5,33.5,33.5,49.0,82.0,82.0,0.05,33.5,1,2014,9,263,1
CTRL/NER/2020/0958,Assam,Barpeta Plain,Barpeta Plain Stable Control Point,Barpeta Plain Lowland Plains,26.3,91.0,None (Stable Alluvium),None (Stable),Stable Topography Control,2020-05-25,0,0,,,0.1,42.0,0.39,41.9,0.25,1.7,44.1,44.1,228.5,379.0,379.0,0.05,44.1,1,2020,5,146,0
CTRL/NER/2020/0959,Assam,Barpeta Plain,Barpeta Plain Stable Control Point,Barpeta Plain Lowland Plains,26.32,91.02,None (Stable Alluvium),None (Stable),Stable Topography Control,2020-05-26,0,0,,,0.1,40.0,0.59,240.8,1.75,6.6,55.6,55.6,265.1,433.5,433.5,0.05,55.6,1,2020,5,147,0
CTRL/NER/2024/0960,Assam,Barpeta Plain,Barpeta Plain Stable Control Point,Barpeta Plain Lowland Plains,26.32,90.98,None (Stable Alluvium),None (Stable),Stable Topography Control,2024-10-04,0,0,,,0.1,41.0,1.55,56.2,0.7,2.8,48.9,48.9,92.0,119.6,119.6,0.05,48.9,1,2024,10,278,0
CTRL/NER/2024/0961,Assam,Dibrugarh Alluvial,Dibrugarh Alluvial Stable Control Point,Dibrugarh Alluvial Lowland Plains,27.48,94.92,None (Stable Alluvium),None (Stable),Stable Topography Control,2024-06-15,0,0,,,0.1,105.0,0.83,249.4,0.4,0.8,29.0,29.0,84.1,237.7,237.7,0.05,29.0,1,2024,6,167,1
CTRL/NER/2024/0962,Assam,Dibrugarh Alluvial,Dibrugarh Alluvial Stable Control Point,Dibrugarh Alluvial Lowland Plains,27.5,94.92,None (Stable Alluvium),None (Stable),Stable Topography Control,2024-06-17,0,0,,,0.1,102.0,0.0,180.0,0.15,0.7,23.5,23.5,74.3,214.1,214.1,0.05,23.5,1,2024,6,169,1
CTRL/NER/2024/0963,Assam,Dibrugarh Alluvial,Dibrugarh Alluvial Stable Control Point,Dibrugarh Alluvial Lowland Plains,27.46,94.92,None (Stable Alluvium),None (Stable),Stable Topography Control,2024-07-06,0,0,,,0.1,107.0,1.27,336.1,0.0,0.0,5.5,5.5,72.9,374.3,374.3,0.05,5.5,1,2024,7,188,1
CTRL/NER/2025/0964,Assam,Dibrugarh Alluvial,Dibrugarh Alluvial Stable Control Point,Dibrugarh Alluvial Lowland Plains,27.48,94.94,None (Stable Alluvium),None (Stable),Stable Topography Control,2025-05-30,0,0,,,0.1,107.0,0.52,270.0,2.0,7.9,62.2,62.2,99.8,122.8,122.8,0.05,62.2,1,2025,5,150,0
CTRL/NER/2010/0965,Assam,Dibrugarh Alluvial,Dibrugarh Alluvial Stable Control Point,Dibrugarh Alluvial Lowland Plains,27.48,94.9,None (Stable Alluvium),None (Stable),Stable Topography Control,2010-08-27,0,0,,,0.1,105.0,0.39,41.6,0.0,0.0,18.5,18.5,42.0,79.3,79.3,0.05,18.5,1,2010,8,239,1
CTRL/NER/2010/0966,Assam,Silchar Floodplain,Silchar Floodplain Stable Control Point,Silchar Floodplain Lowland Plains,24.82,92.8,None (Stable Alluvium),None (Stable),Stable Topography Control,2010-06-28,0,0,,,0.1,23.0,1.44,10.3,0.4,1.8,8.2,8.2,29.9,102.1,102.1,0.05,8.2,1,2010,6,179,1
CTRL/NER/2010/0967,Assam,Silchar Floodplain,Silchar Floodplain Stable Control Point,Silchar Floodplain Lowland Plains,24.84,92.8,None (Stable Alluvium),None (Stable),Stable Topography Control,2010-04-22,0,0,,,0.1,13.0,4.6,222.2,0.0,0.0,5.3,5.3,96.8,148.0,148.0,0.05,5.3,1,2010,4,112,0
CTRL/NER/2019/0968,Assam,Silchar Floodplain,Silchar Floodplain Stable Control Point,Silchar Floodplain Lowland Plains,24.8,92.8,None (Stable Alluvium),None (Stable),Stable Topography Control,2019-07-07,0,0,,,0.1,24.0,0.38,42.2,0.45,1.2,13.9,13.9,48.1,109.8,109.8,0.05,13.9,1,2019,7,188,1
CTRL/NER/2019/0969,Assam,Silchar Floodplain,Silchar Floodplain Stable Control Point,Silchar Floodplain Lowland Plains,24.82,92.82,None (Stable Alluvium),None (Stable),Stable Topography Control,2019-06-27,0,0,,,0.1,20.0,0.28,0.0,0.5,1.4,7.2,7.2,41.1,91.9,91.9,0.05,7.2,1,2019,6,178,1
CTRL/NER/2023/0970,Assam,Silchar Floodplain,Silchar Floodplain Stable Control Point,Silchar Floodplain Lowland Plains,24.82,92.78,None (Stable Alluvium),None (Stable),Stable Topography Control,2023-04-13,0,0,,,0.1,17.0,0.82,290.2,0.0,0.0,0.0,0.0,0.0,17.9,17.9,0.05,0.0,1,2023,4,103,0
CTRL/NER/2023/0971,Manipur,Imphal Valley Basin,Imphal Valley Basin Stable Control Point,Imphal Valley Basin Lowland Plains,24.81,93.94,None (Stable Alluvium),None (Stable),Stable Topography Control,2023-08-10,0,0,,,0.1,779.0,1.14,0.0,0.0,0.0,1.5,1.5,22.4,74.9,74.9,0.05,1.5,1,2023,8,222,1
CTRL/NER/2024/0972,Manipur,Imphal Valley Basin,Imphal Valley Basin Stable Control Point,Imphal Valley Basin Lowland Plains,24.83,93.94,None (Stable Alluvium),None (Stable),Stable Topography Control,2024-06-28,0,0,,,0.1,784.0,2.94,61.1,0.0,0.3,31.7,31.7,86.8,132.8,132.8,0.05,31.7,1,2024,6,180,1
CTRL/NER/2024/0973,Manipur,Imphal Valley Basin,Imphal Valley Basin Stable Control Point,Imphal Valley Basin Lowland Plains,24.79,93.94,None (Stable Alluvium),None (Stable),Stable Topography Control,2024-05-28,0,0,,,0.1,779.0,0.38,222.2,0.2,5.8,78.2,78.2,116.8,122.6,122.6,0.05,78.2,1,2024,5,149,0
CTRL/NER/2024/0974,Manipur,Imphal Valley Basin,Imphal Valley Basin Stable Control Point,Imphal Valley Basin Lowland Plains,24.81,93.96,None (Stable Alluvium),None (Stable),Stable Topography Control,2024-07-02,0,0,,,0.1,780.0,0.82,69.8,0.25,1.1,38.4,38.4,127.7,245.8,245.8,0.05,38.4,1,2024,7,184,1
CTRL/NER/2024/0975,Manipur,Imphal Valley Basin,Imphal Valley Basin Stable Control Point,Imphal Valley Basin Lowland Plains,24.81,93.92,None (Stable Alluvium),None (Stable),Stable Topography Control,2024-07-01,0,0,,,0.1,778.0,0.77,222.2,0.55,2.5,54.5,54.5,118.1,209.6,209.6,0.05,54.5,1,2024,7,183,1
CTRL/NER/2024/0976,Tripura,Agartala Lowland,Agartala Lowland Stable Control Point,Agartala Lowland Lowland Plains,23.83,91.28,None (Stable Alluvium),None (Stable),Stable Topography Control,2024-06-30,0,0,,,0.1,12.0,1.57,280.3,0.65,1.7,19.7,19.7,41.2,69.0,69.0,0.05,19.7,1,2024,6,182,1
CTRL/NER/2025/0977,Tripura,Agartala Lowland,Agartala Lowland Stable Control Point,Agartala Lowland Lowland Plains,23.85,91.28,None (Stable Alluvium),None (Stable),Stable Topography Control,2025-07-02,0,0,,,0.1,18.0,2.97,31.4,0.45,2.3,4.5,4.5,19.0,45.3,45.3,0.05,4.5,1,2025,7,183,1
CTRL/NER/2024/0978,Tripura,Agartala Lowland,Agartala Lowland Stable Control Point,Agartala Lowland Lowland Plains,23.81,91.28,None (Stable Alluvium),None (Stable),Stable Topography Control,2024-06-14,0,0,,,0.1,13.0,2.04,345.4,0.0,0.0,3.0,3.0,12.8,68.9,68.9,0.05,3.0,1,2024,6,166,1
CTRL/NER/2024/0979,Tripura,Agartala Lowland,Agartala Lowland Stable Control Point,Agartala Lowland Lowland Plains,23.83,91.3,None (Stable Alluvium),None (Stable),Stable Topography Control,2024-07-14,0,0,,,0.1,22.0,4.38,224.9,0.05,0.1,0.7,0.7,9.2,36.1,36.1,0.05,0.7,1,2024,7,196,1
CTRL/NER/2025/0980,Tripura,Agartala Lowland,Agartala Lowland Stable Control Point,Agartala Lowland Lowland Plains,23.83,91.26,None (Stable Alluvium),None (Stable),Stable Topography Control,2025-05-29,0,0,,,0.1,11.0,0.62,204.6,5.65,25.3,88.9,88.9,106.4,128.7,128.7,0.05,88.9,1,2025,5,149,0
CTRL/NER/2025/0981,Tripura,Khowai Plain,Khowai Plain Stable Control Point,Khowai Plain Lowland Plains,24.06,91.6,None (Stable Alluvium),None (Stable),Stable Topography Control,2025-06-25,0,0,,,0.1,31.0,1.7,180.0,0.2,0.5,5.4,5.4,33.1,70.3,70.3,0.05,5.4,1,2025,6,176,1
CTRL/NER/2024/0982,Tripura,Khowai Plain,Khowai Plain Stable Control Point,Khowai Plain Lowland Plains,24.08,91.6,None (Stable Alluvium),None (Stable),Stable Topography Control,2024-10-08,0,0,,,0.1,28.0,0.38,317.6,0.0,0.0,16.9,16.9,22.5,144.8,144.8,0.05,16.9,1,2024,10,282,0
CTRL/NER/2024/0983,Tripura,Khowai Plain,Khowai Plain Stable Control Point,Khowai Plain Lowland Plains,24.04,91.6,None (Stable Alluvium),None (Stable),Stable Topography Control,2024-08-06,0,0,,,0.1,27.0,0.96,306.1,0.45,2.9,10.3,10.3,28.6,141.6,141.6,0.05,10.3,1,2024,8,219,1
CTRL/NER/2025/0984,Tripura,Khowai Plain,Khowai Plain Stable Control Point,Khowai Plain Lowland Plains,24.06,91.62,None (Stable Alluvium),None (Stable),Stable Topography Control,2025-05-28,0,0,,,0.1,33.0,0.62,204.5,0.4,1.5,3.5,3.5,4.8,50.6,50.6,0.05,3.5,1,2025,5,148,0
CTRL/NER/2025/0985,Tripura,Khowai Plain,Khowai Plain Stable Control Point,Khowai Plain Lowland Plains,24.06,91.58,None (Stable Alluvium),None (Stable),Stable Topography Control,2025-06-11,0,0,,,0.1,33.0,2.04,194.6,0.0,0.0,3.7,3.7,21.2,53.1,53.1,0.05,3.7,1,2025,6,162,1
CTRL/NER/2024/0986,Nagaland,Dimapur Plain,Dimapur Plain Stable Control Point,Dimapur Plain Lowland Plains,25.9,93.73,None (Stable Alluvium),None (Stable),Stable Topography Control,2024-05-29,0,0,,,0.1,147.0,3.16,355.3,0.0,0.0,0.0,0.0,91.6,152.6,152.6,0.05,0.0,1,2024,5,150,0
CTRL/NER/2024/0987,Nagaland,Dimapur Plain,Dimapur Plain Stable Control Point,Dimapur Plain Lowland Plains,25.92,93.73,None (Stable Alluvium),None (Stable),Stable Topography Control,2024-08-28,0,0,,,0.1,145.0,1.55,236.3,0.0,0.0,30.4,30.4,39.8,66.1,66.1,0.05,30.4,1,2024,8,241,1
CTRL/NER/2026/0988,Nagaland,Dimapur Plain,Dimapur Plain Stable Control Point,Dimapur Plain Lowland Plains,25.88,93.73,None (Stable Alluvium),None (Stable),Stable Topography Control,2026-07-13,0,0,,,0.1,150.0,1.32,102.5,0.0,0.2,5.9,5.9,13.0,31.1,31.1,0.05,5.9,1,2026,7,194,1
CTRL/NER/2025/0989,Nagaland,Dimapur Plain,Dimapur Plain Stable Control Point,Dimapur Plain Lowland Plains,25.9,93.75,None (Stable Alluvium),None (Stable),Stable Topography Control,2025-08-19,0,0,,,0.1,141.0,2.91,190.2,0.05,0.4,27.2,27.2,32.8,64.2,64.2,0.05,27.2,1,2025,8,231,1
CTRL/NER/2023/0990,Nagaland,Dimapur Plain,Dimapur Plain Stable Control Point,Dimapur Plain Lowland Plains,25.9,93.71,None (Stable Alluvium),None (Stable),Stable Topography Control,2023-09-19,0,0,,,0.1,156.0,1.38,326.0,3.1,13.1,23.3,23.3,38.6,91.4,91.4,0.05,23.3,1,2023,9,262,1
CTRL/NER/2023/0991,Assam,Kamrup Plains,Kamrup Plains Stable Control Point,Kamrup Plains Lowland Plains,26.2,91.6,None (Stable Alluvium),None (Stable),Stable Topography Control,2023-10-02,0,0,,,0.1,42.0,0.86,0.0,3.6,10.9,33.9,33.9,69.6,122.5,122.5,0.05,33.9,1,2023,10,275,0
CTRL/NER/2022/0992,Assam,Kamrup Plains,Kamrup Plains Stable Control Point,Kamrup Plains Lowland Plains,26.22,91.6,None (Stable Alluvium),None (Stable),Stable Topography Control,2022-11-14,0,0,,,0.1,47.0,1.55,138.1,0.0,0.0,0.0,0.0,0.3,0.3,0.3,0.05,0.0,1,2022,11,318,0
CTRL/NER/2022/0993,Assam,Kamrup Plains,Kamrup Plains Stable Control Point,Kamrup Plains Lowland Plains,26.18,91.6,None (Stable Alluvium),None (Stable),Stable Topography Control,2022-04-05,0,0,,,0.1,42.0,0.0,180.0,0.0,0.0,1.5,1.5,10.3,102.6,102.6,0.05,1.5,1,2022,4,95,0
CTRL/NER/2023/0994,Assam,Kamrup Plains,Kamrup Plains Stable Control Point,Kamrup Plains Lowland Plains,26.2,91.62,None (Stable Alluvium),None (Stable),Stable Topography Control,2023-08-13,0,0,,,0.1,42.0,0.0,180.0,0.0,0.0,35.5,35.5,70.9,234.7,234.7,0.05,35.5,1,2023,8,225,1
CTRL/NER/2023/0995,Assam,Kamrup Plains,Kamrup Plains Stable Control Point,Kamrup Plains Lowland Plains,26.2,91.58,None (Stable Alluvium),None (Stable),Stable Topography Control,2023-07-24,0,0,,,0.1,48.0,0.29,0.0,0.0,0.0,22.4,22.4,84.9,141.3,141.3,0.05,22.4,1,2023,7,205,1
CTRL/NER/2013/0996,Assam,Nagaon Basin,Nagaon Basin Stable Control Point,Nagaon Basin Lowland Plains,26.35,92.68,None (Stable Alluvium),None (Stable),Stable Topography Control,2013-08-15,0,0,,,0.1,65.0,3.06,19.7,0.0,3.3,13.8,13.8,55.3,195.7,195.7,0.05,13.8,1,2013,8,227,1
CTRL/NER/2023/0997,Assam,Nagaon Basin,Nagaon Basin Stable Control Point,Nagaon Basin Lowland Plains,26.37,92.68,None (Stable Alluvium),None (Stable),Stable Topography Control,2023-06-09,0,0,,,0.1,60.0,0.39,138.1,3.35,21.9,36.6,36.6,39.1,58.7,58.7,0.05,36.6,1,2023,6,160,1
CTRL/NER/2023/0998,Assam,Nagaon Basin,Nagaon Basin Stable Control Point,Nagaon Basin Lowland Plains,26.33,92.68,None (Stable Alluvium),None (Stable),Stable Topography Control,2023-08-08,0,0,,,0.1,64.0,0.0,180.0,3.35,19.1,20.7,20.7,95.4,226.5,226.5,0.05,20.7,1,2023,8,220,1
CTRL/NER/2023/0999,Assam,Nagaon Basin,Nagaon Basin Stable Control Point,Nagaon Basin Lowland Plains,26.35,92.7,None (Stable Alluvium),None (Stable),Stable Topography Control,2023-07-25,0,0,,,0.1,64.0,0.83,110.4,1.45,6.7,14.8,14.8,44.5,74.7,74.7,0.05,14.8,1,2023,7,206,1
CTRL/NER/2023/1000,Assam,Nagaon Basin,Nagaon Basin Stable Control Point,Nagaon Basin Lowland Plains,26.35,92.66,None (Stable Alluvium),None (Stable),Stable Topography Control,2023-07-06,0,0,,,0.1,61.0,0.77,90.0,2.2,7.2,70.9,70.9,103.7,143.8,143.8,0.05,70.9,1,2023,7,187,1
CTRL/NER/2023/1001,Assam,Barpeta Plain,Barpeta Plain Stable Control Point,Barpeta Plain Lowland Plains,26.32,91.0,None (Stable Alluvium),None (Stable),Stable Topography Control,2023-08-06,0,0,,,0.1,41.0,1.41,246.0,0.25,3.9,41.2,41.2,52.9,148.7,148.7,0.05,41.2,1,2023,8,218,1
CTRL/NER/2023/1002,Assam,Barpeta Plain,Barpeta Plain Stable Control Point,Barpeta Plain Lowland Plains,26.34,91.0,None (Stable Alluvium),None (Stable),Stable Topography Control,2023-07-28,0,0,,,0.1,42.0,1.26,204.1,0.0,0.0,9.8,9.8,30.8,168.4,168.4,0.05,9.8,1,2023,7,209,1
CTRL/NER/2023/1003,Assam,Barpeta Plain,Barpeta Plain Stable Control Point,Barpeta Plain Lowland Plains,26.3,91.0,None (Stable Alluvium),None (Stable),Stable Topography Control,2023-08-02,0,0,,,0.1,42.0,0.39,41.9,4.2,15.1,51.8,51.8,76.3,156.0,156.0,0.05,51.8,1,2023,8,214,1
CTRL/NER/2023/1004,Assam,Barpeta Plain,Barpeta Plain Stable Control Point,Barpeta Plain Lowland Plains,26.32,91.02,None (Stable Alluvium),None (Stable),Stable Topography Control,2023-08-03,0,0,,,0.1,40.0,0.59,240.8,0.05,0.6,14.6,14.6,82.9,165.2,165.2,0.05,14.6,1,2023,8,215,1
CTRL/NER/2023/1005,Assam,Barpeta Plain,Barpeta Plain Stable Control Point,Barpeta Plain Lowland Plains,26.32,90.98,None (Stable Alluvium),None (Stable),Stable Topography Control,2023-06-02,0,0,,,0.1,41.0,1.55,56.2,0.0,0.0,0.0,0.0,1.1,34.8,34.8,0.05,0.0,1,2023,6,153,1
CTRL/NER/2023/1006,Assam,Dibrugarh Alluvial,Dibrugarh Alluvial Stable Control Point,Dibrugarh Alluvial Lowland Plains,27.48,94.92,None (Stable Alluvium),None (Stable),Stable Topography Control,2023-08-09,0,0,,,0.1,105.0,0.83,249.4,0.35,0.8,40.3,40.3,98.1,278.6,278.6,0.05,40.3,1,2023,8,221,1
CTRL/NER/2023/1007,Assam,Dibrugarh Alluvial,Dibrugarh Alluvial Stable Control Point,Dibrugarh Alluvial Lowland Plains,27.5,94.92,None (Stable Alluvium),None (Stable),Stable Topography Control,2023-10-25,0,0,,,0.1,102.0,0.0,180.0,0.0,0.0,0.1,0.1,0.1,5.3,5.3,0.05,0.1,1,2023,10,298,0
CTRL/NER/2023/1008,Assam,Dibrugarh Alluvial,Dibrugarh Alluvial Stable Control Point,Dibrugarh Alluvial Lowland Plains,27.46,94.92,None (Stable Alluvium),None (Stable),Stable Topography Control,2023-09-17,0,0,,,0.1,107.0,1.27,336.1,0.0,0.0,0.2,0.2,23.2,77.2,77.2,0.05,0.2,1,2023,9,260,1
CTRL/NER/2023/1009,Assam,Dibrugarh Alluvial,Dibrugarh Alluvial Stable Control Point,Dibrugarh Alluvial Lowland Plains,27.48,94.94,None (Stable Alluvium),None (Stable),Stable Topography Control,2023-08-12,0,0,,,0.1,107.0,0.52,270.0,0.2,1.4,22.6,22.6,56.7,211.3,211.3,0.05,22.6,1,2023,8,224,1
CTRL/NER/2023/1010,Assam,Dibrugarh Alluvial,Dibrugarh Alluvial Stable Control Point,Dibrugarh Alluvial Lowland Plains,27.48,94.9,None (Stable Alluvium),None (Stable),Stable Topography Control,2023-09-12,0,0,,,0.1,105.0,0.39,41.6,0.0,0.0,14.0,14.0,32.3,73.7,73.7,0.05,14.0,1,2023,9,255,1
CTRL/NER/2023/1011,Assam,Silchar Floodplain,Silchar Floodplain Stable Control Point,Silchar Floodplain Lowland Plains,24.82,92.8,None (Stable Alluvium),None (Stable),Stable Topography Control,2023-07-23,0,0,,,0.1,23.0,1.44,10.3,0.15,2.0,15.4,15.4,102.1,131.3,131.3,0.05,15.4,1,2023,7,204,1
CTRL/NER/2023/1012,Assam,Silchar Floodplain,Silchar Floodplain Stable Control Point,Silchar Floodplain Lowland Plains,24.84,92.8,None (Stable Alluvium),None (Stable),Stable Topography Control,2023-09-27,0,0,,,0.1,13.0,4.6,222.2,0.0,0.0,2.3,2.3,3.4,105.8,105.8,0.05,2.3,1,2023,9,270,1
CTRL/NER/2024/1013,Assam,Silchar Floodplain,Silchar Floodplain Stable Control Point,Silchar Floodplain Lowland Plains,24.8,92.8,None (Stable Alluvium),None (Stable),Stable Topography Control,2024-07-22,0,0,,,0.1,24.0,0.38,42.2,0.0,0.0,6.8,6.8,47.1,184.3,184.3,0.05,6.8,1,2024,7,204,1
CTRL/NER/2024/1014,Assam,Silchar Floodplain,Silchar Floodplain Stable Control Point,Silchar Floodplain Lowland Plains,24.82,92.82,None (Stable Alluvium),None (Stable),Stable Topography Control,2024-09-26,0,0,,,0.1,20.0,0.28,0.0,0.05,0.2,5.0,5.0,61.4,64.2,64.2,0.05,5.0,1,2024,9,270,1
CTRL/NER/2024/1015,Assam,Silchar Floodplain,Silchar Floodplain Stable Control Point,Silchar Floodplain Lowland Plains,24.82,92.78,None (Stable Alluvium),None (Stable),Stable Topography Control,2024-08-21,0,0,,,0.1,17.0,0.82,290.2,0.5,3.2,25.3,25.3,200.0,283.5,283.5,0.05,25.3,1,2024,8,234,1
CTRL/NER/2024/1016,Manipur,Imphal Valley Basin,Imphal Valley Basin Stable Control Point,Imphal Valley Basin Lowland Plains,24.81,93.94,None (Stable Alluvium),None (Stable),Stable Topography Control,2024-07-20,0,0,,,0.1,779.0,1.14,0.0,0.05,0.2,6.5,6.5,12.3,35.7,35.7,0.05,6.5,1,2024,7,202,1
CTRL/NER/2024/1017,Manipur,Imphal Valley Basin,Imphal Valley Basin Stable Control Point,Imphal Valley Basin Lowland Plains,24.83,93.94,None (Stable Alluvium),None (Stable),Stable Topography Control,2024-09-20,0,0,,,0.1,784.0,2.94,61.1,0.0,0.0,0.0,0.0,0.6,27.7,27.7,0.05,0.0,1,2024,9,264,1
CTRL/NER/2024/1018,Manipur,Imphal Valley Basin,Imphal Valley Basin Stable Control Point,Imphal Valley Basin Lowland Plains,24.79,93.94,None (Stable Alluvium),None (Stable),Stable Topography Control,2024-06-20,0,0,,,0.1,779.0,0.38,222.2,0.0,0.2,4.5,4.5,25.8,47.4,47.4,0.05,4.5,1,2024,6,172,1
CTRL/NER/2024/1019,Manipur,Imphal Valley Basin,Imphal Valley Basin Stable Control Point,Imphal Valley Basin Lowland Plains,24.81,93.96,None (Stable Alluvium),None (Stable),Stable Topography Control,2024-08-25,0,0,,,0.1,780.0,0.82,69.8,0.1,0.4,2.6,2.6,43.4,132.8,132.8,0.05,2.6,1,2024,8,238,1
CTRL/NER/2023/1020,Manipur,Imphal Valley Basin,Imphal Valley Basin Stable Control Point,Imphal Valley Basin Lowland Plains,24.81,93.92,None (Stable Alluvium),None (Stable),Stable Topography Control,2023-09-23,0,0,,,0.1,778.0,0.77,222.2,0.0,0.0,0.7,0.7,6.9,50.8,50.8,0.05,0.7,1,2023,9,266,1
CTRL/NER/2024/1021,Tripura,Agartala Lowland,Agartala Lowland Stable Control Point,Agartala Lowland Lowland Plains,23.83,91.28,None (Stable Alluvium),None (Stable),Stable Topography Control,2024-05-26,0,0,,,0.1,12.0,1.57,280.3,0.05,0.1,11.5,11.5,12.5,14.8,14.8,0.05,11.5,1,2024,5,147,0
CTRL/NER/2024/1022,Tripura,Agartala Lowland,Agartala Lowland Stable Control Point,Agartala Lowland Lowland Plains,23.85,91.28,None (Stable Alluvium),None (Stable),Stable Topography Control,2024-07-19,0,0,,,0.1,18.0,2.97,31.4,0.0,0.0,6.2,6.2,10.6,20.0,20.0,0.05,6.2,1,2024,7,201,1
CTRL/NER/2024/1023,Tripura,Agartala Lowland,Agartala Lowland Stable Control Point,Agartala Lowland Lowland Plains,23.81,91.28,None (Stable Alluvium),None (Stable),Stable Topography Control,2024-09-25,0,0,,,0.1,13.0,2.04,345.4,0.1,1.9,34.0,34.0,53.7,64.9,64.9,0.05,34.0,1,2024,9,269,1
CTRL/NER/2024/1024,Tripura,Agartala Lowland,Agartala Lowland Stable Control Point,Agartala Lowland Lowland Plains,23.83,91.3,None (Stable Alluvium),None (Stable),Stable Topography Control,2024-06-02,0,0,,,0.1,22.0,4.38,224.9,0.0,0.0,5.6,5.6,24.6,293.6,293.6,0.05,5.6,1,2024,6,154,1
CTRL/NER/2024/1025,Tripura,Agartala Lowland,Agartala Lowland Stable Control Point,Agartala Lowland Lowland Plains,23.83,91.26,None (Stable Alluvium),None (Stable),Stable Topography Control,2024-11-12,0,0,,,0.1,11.0,0.62,204.6,0.0,0.0,0.0,0.0,0.1,9.4,9.4,0.05,0.0,1,2024,11,317,0
CTRL/NER/2024/1026,Tripura,Khowai Plain,Khowai Plain Stable Control Point,Khowai Plain Lowland Plains,24.06,91.6,None (Stable Alluvium),None (Stable),Stable Topography Control,2024-07-18,0,0,,,0.1,31.0,1.7,180.0,0.05,0.1,6.2,6.2,11.8,29.4,29.4,0.05,6.2,1,2024,7,200,1
CTRL/NER/2024/1027,Tripura,Khowai Plain,Khowai Plain Stable Control Point,Khowai Plain Lowland Plains,24.08,91.6,None (Stable Alluvium),None (Stable),Stable Topography Control,2024-06-07,0,0,,,0.1,28.0,0.38,317.6,0.0,0.0,2.9,2.9,11.5,156.5,156.5,0.05,2.9,1,2024,6,159,1
CTRL/NER/2024/1028,Tripura,Khowai Plain,Khowai Plain Stable Control Point,Khowai Plain Lowland Plains,24.04,91.6,None (Stable Alluvium),None (Stable),Stable Topography Control,2024-09-28,0,0,,,0.1,27.0,0.96,306.1,0.0,0.0,1.1,1.1,15.8,95.4,95.4,0.05,1.1,1,2024,9,272,1
CTRL/NER/2024/1029,Tripura,Khowai Plain,Khowai Plain Stable Control Point,Khowai Plain Lowland Plains,24.06,91.62,None (Stable Alluvium),None (Stable),Stable Topography Control,2024-08-17,0,0,,,0.1,33.0,0.62,204.5,0.0,0.1,16.0,16.0,30.9,75.2,75.2,0.05,16.0,1,2024,8,230,1
CTRL/NER/2024/1030,Tripura,Khowai Plain,Khowai Plain Stable Control Point,Khowai Plain Lowland Plains,24.06,91.58,None (Stable Alluvium),None (Stable),Stable Topography Control,2024-10-07,0,0,,,0.1,33.0,2.04,194.6,0.0,0.0,5.5,5.5,35.7,132.7,132.7,0.05,5.5,1,2024,10,281,0
CTRL/NER/2024/1031,Nagaland,Dimapur Plain,Dimapur Plain Stable Control Point,Dimapur Plain Lowland Plains,25.9,93.73,None (Stable Alluvium),None (Stable),Stable Topography Control,2024-08-13,0,0,,,0.1,147.0,3.16,355.3,0.25,2.4,3.2,3.2,24.6,96.7,96.7,0.05,3.2,1,2024,8,226,1
CTRL/NER/2024/1032,Nagaland,Dimapur Plain,Dimapur Plain Stable Control Point,Dimapur Plain Lowland Plains,25.92,93.73,None (Stable Alluvium),None (Stable),Stable Topography Control,2024-08-18,0,0,,,0.1,145.0,1.55,236.3,2.8,20.1,79.6,79.6,110.2,150.7,150.7,0.05,79.6,1,2024,8,231,1
CTRL/NER/2024/1033,Nagaland,Dimapur Plain,Dimapur Plain Stable Control Point,Dimapur Plain Lowland Plains,25.88,93.73,None (Stable Alluvium),None (Stable),Stable Topography Control,2024-10-21,0,0,,,0.1,150.0,1.32,102.5,0.0,0.0,0.1,0.1,12.8,31.8,31.8,0.05,0.1,1,2024,10,295,0
CTRL/NER/2024/1034,Nagaland,Dimapur Plain,Dimapur Plain Stable Control Point,Dimapur Plain Lowland Plains,25.9,93.75,None (Stable Alluvium),None (Stable),Stable Topography Control,2024-08-19,0,0,,,0.1,141.0,2.91,190.2,0.65,3.7,70.0,70.0,154.6,206.2,206.2,0.05,70.0,1,2024,8,232,1
CTRL/NER/2024/1035,Nagaland,Dimapur Plain,Dimapur Plain Stable Control Point,Dimapur Plain Lowland Plains,25.9,93.71,None (Stable Alluvium),None (Stable),Stable Topography Control,2024-10-28,0,0,,,0.1,156.0,1.38,326.0,0.0,0.0,0.0,0.0,0.5,22.5,22.5,0.05,0.0,1,2024,10,302,0
CTRL/NER/2024/1036,Assam,Kamrup Plains,Kamrup Plains Stable Control Point,Kamrup Plains Lowland Plains,26.2,91.6,None (Stable Alluvium),None (Stable),Stable Topography Control,2024-11-28,0,0,,,0.1,42.0,0.86,0.0,0.0,0.0,0.0,0.0,0.1,4.6,4.6,0.05,0.0,1,2024,11,333,0
CTRL/NER/2024/1037,Assam,Kamrup Plains,Kamrup Plains Stable Control Point,Kamrup Plains Lowland Plains,26.22,91.6,None (Stable Alluvium),None (Stable),Stable Topography Control,2024-09-12,0,0,,,0.1,47.0,1.55,138.1,0.0,0.0,0.0,0.0,14.2,23.1,23.1,0.05,0.0,1,2024,9,256,1
CTRL/NER/2024/1038,Assam,Kamrup Plains,Kamrup Plains Stable Control Point,Kamrup Plains Lowland Plains,26.18,91.6,None (Stable Alluvium),None (Stable),Stable Topography Control,2024-10-22,0,0,,,0.1,42.0,0.0,180.0,0.0,0.0,0.0,0.0,0.0,42.3,42.3,0.05,0.0,1,2024,10,296,0
CTRL/NER/2024/1039,Assam,Kamrup Plains,Kamrup Plains Stable Control Point,Kamrup Plains Lowland Plains,26.2,91.62,None (Stable Alluvium),None (Stable),Stable Topography Control,2024-09-13,0,0,,,0.1,42.0,0.0,180.0,0.0,0.0,0.4,0.4,13.7,18.5,18.5,0.05,0.4,1,2024,9,257,1
CTRL/NER/2024/1040,Assam,Kamrup Plains,Kamrup Plains Stable Control Point,Kamrup Plains Lowland Plains,26.2,91.58,None (Stable Alluvium),None (Stable),Stable Topography Control,2024-07-09,0,0,,,0.1,48.0,0.29,0.0,0.05,0.9,3.1,3.1,32.6,165.5,165.5,0.05,3.1,1,2024,7,191,1
CTRL/NER/2024/1041,Assam,Nagaon Basin,Nagaon Basin Stable Control Point,Nagaon Basin Lowland Plains,26.35,92.68,None (Stable Alluvium),None (Stable),Stable Topography Control,2024-09-17,0,0,,,0.1,65.0,3.06,19.7,0.0,0.0,0.7,0.7,10.3,35.3,35.3,0.05,0.7,1,2024,9,261,1
CTRL/NER/2024/1042,Assam,Nagaon Basin,Nagaon Basin Stable Control Point,Nagaon Basin Lowland Plains,26.37,92.68,None (Stable Alluvium),None (Stable),Stable Topography Control,2024-09-24,0,0,,,0.1,60.0,0.39,138.1,0.0,0.0,12.3,12.3,13.0,13.9,13.9,0.05,12.3,1,2024,9,268,1
CTRL/NER/2024/1043,Assam,Nagaon Basin,Nagaon Basin Stable Control Point,Nagaon Basin Lowland Plains,26.33,92.68,None (Stable Alluvium),None (Stable),Stable Topography Control,2024-08-24,0,0,,,0.1,64.0,0.0,180.0,0.0,0.0,7.5,7.5,10.7,156.6,156.6,0.05,7.5,1,2024,8,237,1
CTRL/NER/2024/1044,Assam,Nagaon Basin,Nagaon Basin Stable Control Point,Nagaon Basin Lowland Plains,26.35,92.7,None (Stable Alluvium),None (Stable),Stable Topography Control,2024-08-15,0,0,,,0.1,64.0,0.83,110.4,0.0,0.0,31.2,31.2,45.9,205.7,205.7,0.05,31.2,1,2024,8,228,1
CTRL/NER/2024/1045,Assam,Nagaon Basin,Nagaon Basin Stable Control Point,Nagaon Basin Lowland Plains,26.35,92.66,None (Stable Alluvium),None (Stable),Stable Topography Control,2024-07-07,0,0,,,0.1,61.0,0.77,90.0,0.05,8.7,10.6,10.6,85.0,253.6,253.6,0.05,10.6,1,2024,7,189,1
CTRL/NER/2024/1046,Assam,Barpeta Plain,Barpeta Plain Stable Control Point,Barpeta Plain Lowland Plains,26.32,91.0,None (Stable Alluvium),None (Stable),Stable Topography Control,2024-07-17,0,0,,,0.1,41.0,1.41,246.0,3.0,6.0,9.5,9.5,61.8,118.7,118.7,0.05,9.5,1,2024,7,199,1
CTRL/NER/2024/1047,Assam,Barpeta Plain,Barpeta Plain Stable Control Point,Barpeta Plain Lowland Plains,26.34,91.0,None (Stable Alluvium),None (Stable),Stable Topography Control,2024-06-12,0,0,,,0.1,42.0,1.26,204.1,0.0,0.1,5.5,5.5,113.9,186.8,186.8,0.05,5.5,1,2024,6,164,1
CTRL/NER/2025/1048,Assam,Barpeta Plain,Barpeta Plain Stable Control Point,Barpeta Plain Lowland Plains,26.3,91.0,None (Stable Alluvium),None (Stable),Stable Topography Control,2025-05-13,0,0,,,0.1,42.0,0.39,41.9,0.3,0.9,24.1,24.1,58.1,104.0,104.0,0.05,24.1,1,2025,5,133,0
CTRL/NER/2025/1049,Assam,Barpeta Plain,Barpeta Plain Stable Control Point,Barpeta Plain Lowland Plains,26.32,91.02,None (Stable Alluvium),None (Stable),Stable Topography Control,2025-06-01,0,0,,,0.1,40.0,0.59,240.8,0.0,0.1,10.8,10.8,141.1,296.9,296.9,0.05,10.8,1,2025,6,152,1
CTRL/NER/2025/1050,Assam,Barpeta Plain,Barpeta Plain Stable Control Point,Barpeta Plain Lowland Plains,26.32,90.98,None (Stable Alluvium),None (Stable),Stable Topography Control,2025-05-24,0,0,,,0.1,41.0,1.55,56.2,4.15,10.9,17.4,17.4,44.5,261.0,261.0,0.05,17.4,1,2025,5,144,0
CTRL/NER/2025/1051,Assam,Dibrugarh Alluvial,Dibrugarh Alluvial Stable Control Point,Dibrugarh Alluvial Lowland Plains,27.48,94.92,None (Stable Alluvium),None (Stable),Stable Topography Control,2025-06-02,0,0,,,0.1,105.0,0.83,249.4,0.3,0.8,36.0,36.0,120.8,239.4,239.4,0.05,36.0,1,2025,6,153,1
CTRL/NER/2025/1052,Assam,Dibrugarh Alluvial,Dibrugarh Alluvial Stable Control Point,Dibrugarh Alluvial Lowland Plains,27.5,94.92,None (Stable Alluvium),None (Stable),Stable Topography Control,2025-06-08,0,0,,,0.1,102.0,0.0,180.0,0.0,0.0,2.2,2.2,4.5,110.0,110.0,0.05,2.2,1,2025,6,159,1
CTRL/NER/2025/1053,Assam,Dibrugarh Alluvial,Dibrugarh Alluvial Stable Control Point,Dibrugarh Alluvial Lowland Plains,27.46,94.92,None (Stable Alluvium),None (Stable),Stable Topography Control,2025-06-12,0,0,,,0.1,107.0,1.27,336.1,0.0,0.0,0.0,0.0,1.4,12.7,12.7,0.05,0.0,1,2025,6,163,1
CTRL/NER/2025/1054,Assam,Dibrugarh Alluvial,Dibrugarh Alluvial Stable Control Point,Dibrugarh Alluvial Lowland Plains,27.48,94.94,None (Stable Alluvium),None (Stable),Stable Topography Control,2025-06-14,0,0,,,0.1,107.0,0.52,270.0,0.0,0.0,6.9,6.9,7.9,16.8,16.8,0.05,6.9,1,2025,6,165,1
CTRL/NER/2025/1055,Assam,Dibrugarh Alluvial,Dibrugarh Alluvial Stable Control Point,Dibrugarh Alluvial Lowland Plains,27.48,94.9,None (Stable Alluvium),None (Stable),Stable Topography Control,2025-06-15,0,0,,,0.1,105.0,0.39,41.6,0.65,3.0,7.1,7.1,15.0,19.3,19.3,0.05,7.1,1,2025,6,166,1
CTRL/NER/2017/1056,Assam,Silchar Floodplain,Silchar Floodplain Stable Control Point,Silchar Floodplain Lowland Plains,24.82,92.8,None (Stable Alluvium),None (Stable),Stable Topography Control,2017-06-12,0,0,,,0.1,23.0,1.44,10.3,1.35,7.0,45.7,45.7,92.6,114.0,114.0,0.05,45.7,1,2017,6,163,1
CTRL/NER/2018/1057,Assam,Silchar Floodplain,Silchar Floodplain Stable Control Point,Silchar Floodplain Lowland Plains,24.84,92.8,None (Stable Alluvium),None (Stable),Stable Topography Control,2018-04-28,0,0,,,0.1,13.0,4.6,222.2,0.0,0.0,0.0,0.0,4.1,20.2,20.2,0.05,0.0,1,2018,4,118,0
CTRL/NER/2020/1058,Assam,Silchar Floodplain,Silchar Floodplain Stable Control Point,Silchar Floodplain Lowland Plains,24.8,92.8,None (Stable Alluvium),None (Stable),Stable Topography Control,2020-02-02,0,0,,,0.1,24.0,0.38,42.2,0.0,0.0,0.0,0.0,1.5,1.8,1.8,0.05,0.0,1,2020,2,33,0
CTRL/NER/2023/1059,Assam,Silchar Floodplain,Silchar Floodplain Stable Control Point,Silchar Floodplain Lowland Plains,24.82,92.82,None (Stable Alluvium),None (Stable),Stable Topography Control,2023-06-04,0,0,,,0.1,20.0,0.28,0.0,0.0,0.0,8.0,8.0,21.0,22.7,22.7,0.05,8.0,1,2023,6,155,1
CTRL/NER/2011/1060,Assam,Silchar Floodplain,Silchar Floodplain Stable Control Point,Silchar Floodplain Lowland Plains,24.82,92.78,None (Stable Alluvium),None (Stable),Stable Topography Control,2011-05-22,0,0,,,0.1,17.0,0.82,290.2,0.5,3.6,31.1,31.1,118.1,173.7,173.7,0.05,31.1,1,2011,5,142,0
CTRL/NER/2016/1061,Manipur,Imphal Valley Basin,Imphal Valley Basin Stable Control Point,Imphal Valley Basin Lowland Plains,24.81,93.94,None (Stable Alluvium),None (Stable),Stable Topography Control,2016-09-17,0,0,,,0.1,779.0,1.14,0.0,0.3,1.6,11.9,11.9,17.5,23.9,23.9,0.05,11.9,1,2016,9,261,1
CTRL/NER/2025/1062,Manipur,Imphal Valley Basin,Imphal Valley Basin Stable Control Point,Imphal Valley Basin Lowland Plains,24.83,93.94,None (Stable Alluvium),None (Stable),Stable Topography Control,2025-01-02,0,0,,,0.1,784.0,2.94,61.1,0.0,0.0,0.0,0.0,0.0,0.0,0.0,0.05,0.0,1,2025,1,2,0
CTRL/NER/2025/1063,Manipur,Imphal Valley Basin,Imphal Valley Basin Stable Control Point,Imphal Valley Basin Lowland Plains,24.79,93.94,None (Stable Alluvium),None (Stable),Stable Topography Control,2025-09-13,0,0,,,0.1,779.0,0.38,222.2,0.1,0.3,5.0,5.0,13.1,25.5,25.5,0.05,5.0,1,2025,9,256,1
CTRL/NER/2025/1064,Manipur,Imphal Valley Basin,Imphal Valley Basin Stable Control Point,Imphal Valley Basin Lowland Plains,24.81,93.96,None (Stable Alluvium),None (Stable),Stable Topography Control,2025-06-03,0,0,,,0.1,780.0,0.82,69.8,0.0,0.0,0.6,0.6,35.5,209.9,209.9,0.05,0.6,1,2025,6,154,1
CTRL/NER/2008/1065,Manipur,Imphal Valley Basin,Imphal Valley Basin Stable Control Point,Imphal Valley Basin Lowland Plains,24.81,93.92,None (Stable Alluvium),None (Stable),Stable Topography Control,2008-08-02,0,0,,,0.1,778.0,0.77,222.2,0.0,0.0,3.8,3.8,18.3,48.7,48.7,0.05,3.8,1,2008,8,215,1
CTRL/NER/2007/1066,Tripura,Agartala Lowland,Agartala Lowland Stable Control Point,Agartala Lowland Lowland Plains,23.83,91.28,None (Stable Alluvium),None (Stable),Stable Topography Control,2007-08-12,0,0,,,0.1,12.0,1.57,280.3,0.25,0.7,4.1,4.1,12.9,38.6,38.6,0.05,4.1,1,2007,8,224,1
CTRL/NER/2008/1067,Tripura,Agartala Lowland,Agartala Lowland Stable Control Point,Agartala Lowland Lowland Plains,23.85,91.28,None (Stable Alluvium),None (Stable),Stable Topography Control,2008-08-16,0,0,,,0.1,18.0,2.97,31.4,0.1,1.3,6.2,6.2,21.6,58.3,58.3,0.05,6.2,1,2008,8,229,1
CTRL/NER/2013/1068,Tripura,Agartala Lowland,Agartala Lowland Stable Control Point,Agartala Lowland Lowland Plains,23.81,91.28,None (Stable Alluvium),None (Stable),Stable Topography Control,2013-07-03,0,0,,,0.1,13.0,2.04,345.4,0.2,0.6,7.4,7.4,17.0,54.5,54.5,0.05,7.4,1,2013,7,184,1
CTRL/NER/2013/1069,Tripura,Agartala Lowland,Agartala Lowland Stable Control Point,Agartala Lowland Lowland Plains,23.83,91.3,None (Stable Alluvium),None (Stable),Stable Topography Control,2013-09-08,0,0,,,0.1,22.0,4.38,224.9,0.3,0.6,8.6,8.6,10.2,48.2,48.2,0.05,8.6,1,2013,9,251,1
CTRL/NER/2013/1070,Tripura,Agartala Lowland,Agartala Lowland Stable Control Point,Agartala Lowland Lowland Plains,23.83,91.26,None (Stable Alluvium),None (Stable),Stable Topography Control,2013-07-16,0,0,,,0.1,11.0,0.62,204.6,0.0,0.0,4.3,4.3,12.4,31.8,31.8,0.05,4.3,1,2013,7,197,1
CTRL/NER/2009/1071,Tripura,Khowai Plain,Khowai Plain Stable Control Point,Khowai Plain Lowland Plains,24.06,91.6,None (Stable Alluvium),None (Stable),Stable Topography Control,2009-06-21,0,0,,,0.1,31.0,1.7,180.0,0.0,0.0,1.4,1.4,25.7,83.6,83.6,0.05,1.4,1,2009,6,172,1
CTRL/NER/2021/1072,Tripura,Khowai Plain,Khowai Plain Stable Control Point,Khowai Plain Lowland Plains,24.08,91.6,None (Stable Alluvium),None (Stable),Stable Topography Control,2021-09-18,0,0,,,0.1,28.0,0.38,317.6,0.45,2.6,34.9,34.9,67.8,97.0,97.0,0.05,34.9,1,2021,9,261,1
CTRL/NER/2009/1073,Tripura,Khowai Plain,Khowai Plain Stable Control Point,Khowai Plain Lowland Plains,24.04,91.6,None (Stable Alluvium),None (Stable),Stable Topography Control,2009-06-20,0,0,,,0.1,27.0,0.96,306.1,0.0,0.0,1.5,1.5,30.8,98.0,98.0,0.05,1.5,1,2009,6,171,1
CTRL/NER/2009/1074,Tripura,Khowai Plain,Khowai Plain Stable Control Point,Khowai Plain Lowland Plains,24.06,91.62,None (Stable Alluvium),None (Stable),Stable Topography Control,2009-06-04,0,0,,,0.1,33.0,0.62,204.5,0.0,0.0,8.3,8.3,19.7,49.7,49.7,0.05,8.3,1,2009,6,155,1
CTRL/NER/2009/1075,Tripura,Khowai Plain,Khowai Plain Stable Control Point,Khowai Plain Lowland Plains,24.06,91.58,None (Stable Alluvium),None (Stable),Stable Topography Control,2009-07-27,0,0,,,0.1,33.0,2.04,194.6,1.15,5.6,30.7,30.7,34.3,52.8,52.8,0.05,30.7,1,2009,7,208,1
CTRL/NER/2013/1076,Nagaland,Dimapur Plain,Dimapur Plain Stable Control Point,Dimapur Plain Lowland Plains,25.9,93.73,None (Stable Alluvium),None (Stable),Stable Topography Control,2013-08-16,0,0,,,0.1,147.0,3.16,355.3,0.0,0.0,0.7,0.7,13.4,69.4,69.4,0.05,0.7,1,2013,8,228,1
CTRL/NER/2023/1077,Nagaland,Dimapur Plain,Dimapur Plain Stable Control Point,Dimapur Plain Lowland Plains,25.92,93.73,None (Stable Alluvium),None (Stable),Stable Topography Control,2023-08-17,0,0,,,0.1,145.0,1.55,236.3,0.0,0.6,2.7,2.7,17.4,42.5,42.5,0.05,2.7,1,2023,8,229,1
CTRL/NER/2013/1078,Nagaland,Dimapur Plain,Dimapur Plain Stable Control Point,Dimapur Plain Lowland Plains,25.88,93.73,None (Stable Alluvium),None (Stable),Stable Topography Control,2013-08-17,0,0,,,0.1,150.0,1.32,102.5,0.4,1.6,1.9,1.9,4.0,66.2,66.2,0.05,1.9,1,2013,8,229,1
CTRL/NER/2013/1079,Nagaland,Dimapur Plain,Dimapur Plain Stable Control Point,Dimapur Plain Lowland Plains,25.9,93.75,None (Stable Alluvium),None (Stable),Stable Topography Control,2013-08-18,0,0,,,0.1,141.0,2.91,190.2,0.2,2.5,4.1,4.1,6.7,67.4,67.4,0.05,4.1,1,2013,8,230,1
CTRL/NER/2024/1080,Nagaland,Dimapur Plain,Dimapur Plain Stable Control Point,Dimapur Plain Lowland Plains,25.9,93.71,None (Stable Alluvium),None (Stable),Stable Topography Control,2024-09-03,0,0,,,0.1,156.0,1.38,326.0,0.2,1.5,8.8,8.8,48.5,112.9,112.9,0.05,8.8,1,2024,9,247,1
CTRL/NER/2025/1081,Assam,Kamrup Plains,Kamrup Plains Stable Control Point,Kamrup Plains Lowland Plains,26.2,91.6,None (Stable Alluvium),None (Stable),Stable Topography Control,2025-01-19,0,0,,,0.1,42.0,0.86,0.0,0.0,0.0,0.0,0.0,0.0,0.0,0.0,0.05,0.0,1,2025,1,19,0
CTRL/NER/2025/1082,Assam,Kamrup Plains,Kamrup Plains Stable Control Point,Kamrup Plains Lowland Plains,26.22,91.6,None (Stable Alluvium),None (Stable),Stable Topography Control,2025-07-07,0,0,,,0.1,47.0,1.55,138.1,0.0,0.0,0.5,0.5,54.3,298.5,298.5,0.05,0.5,1,2025,7,188,1
CTRL/NER/2025/1083,Assam,Kamrup Plains,Kamrup Plains Stable Control Point,Kamrup Plains Lowland Plains,26.18,91.6,None (Stable Alluvium),None (Stable),Stable Topography Control,2025-07-08,0,0,,,0.1,42.0,0.0,180.0,0.0,0.0,5.0,5.0,20.3,253.8,253.8,0.05,5.0,1,2025,7,189,1
CTRL/NER/2024/1084,Assam,Kamrup Plains,Kamrup Plains Stable Control Point,Kamrup Plains Lowland Plains,26.2,91.62,None (Stable Alluvium),None (Stable),Stable Topography Control,2024-07-23,0,0,,,0.1,42.0,0.0,180.0,0.0,0.9,24.0,24.0,98.9,132.5,132.5,0.05,24.0,1,2024,7,205,1
CTRL/NER/2017/1085,Assam,Kamrup Plains,Kamrup Plains Stable Control Point,Kamrup Plains Lowland Plains,26.2,91.58,None (Stable Alluvium),None (Stable),Stable Topography Control,2017-10-29,0,0,,,0.1,48.0,0.29,0.0,0.0,0.0,1.3,1.3,1.3,8.1,8.1,0.05,1.3,1,2017,10,302,0
CTRL/NER/2022/1086,Assam,Nagaon Basin,Nagaon Basin Stable Control Point,Nagaon Basin Lowland Plains,26.35,92.68,None (Stable Alluvium),None (Stable),Stable Topography Control,2022-09-12,0,0,,,0.1,65.0,3.06,19.7,0.0,0.2,13.0,13.0,18.8,111.6,111.6,0.05,13.0,1,2022,9,255,1
CTRL/NER/2022/1087,Assam,Nagaon Basin,Nagaon Basin Stable Control Point,Nagaon Basin Lowland Plains,26.37,92.68,None (Stable Alluvium),None (Stable),Stable Topography Control,2022-09-25,0,0,,,0.1,60.0,0.39,138.1,0.0,0.0,1.9,1.9,52.0,99.8,99.8,0.05,1.9,1,2022,9,268,1
CTRL/NER/2022/1088,Assam,Nagaon Basin,Nagaon Basin Stable Control Point,Nagaon Basin Lowland Plains,26.33,92.68,None (Stable Alluvium),None (Stable),Stable Topography Control,2022-09-28,0,0,,,0.1,64.0,0.0,180.0,0.0,0.0,9.8,9.8,18.7,76.8,76.8,0.05,9.8,1,2022,9,271,1
CTRL/NER/2022/1089,Assam,Nagaon Basin,Nagaon Basin Stable Control Point,Nagaon Basin Lowland Plains,26.35,92.7,None (Stable Alluvium),None (Stable),Stable Topography Control,2022-10-15,0,0,,,0.1,64.0,0.83,110.4,0.0,0.0,0.0,0.0,13.8,65.6,65.6,0.05,0.0,1,2022,10,288,0
CTRL/NER/2022/1090,Assam,Nagaon Basin,Nagaon Basin Stable Control Point,Nagaon Basin Lowland Plains,26.35,92.66,None (Stable Alluvium),None (Stable),Stable Topography Control,2022-09-30,0,0,,,0.1,61.0,0.77,90.0,0.0,0.0,0.2,0.2,13.1,53.4,53.4,0.05,0.2,1,2022,9,273,1
CTRL/NER/2022/1091,Assam,Barpeta Plain,Barpeta Plain Stable Control Point,Barpeta Plain Lowland Plains,26.32,91.0,None (Stable Alluvium),None (Stable),Stable Topography Control,2022-11-12,0,0,,,0.1,41.0,1.41,246.0,0.0,0.1,0.1,0.1,0.2,3.7,3.7,0.05,0.1,1,2022,11,316,0
CTRL/NER/2023/1092,Assam,Barpeta Plain,Barpeta Plain Stable Control Point,Barpeta Plain Lowland Plains,26.34,91.0,None (Stable Alluvium),None (Stable),Stable Topography Control,2023-09-08,0,0,,,0.1,42.0,1.26,204.1,0.0,0.0,33.4,33.4,50.2,75.1,75.1,0.05,33.4,1,2023,9,251,1
CTRL/NER/2018/1093,Assam,Barpeta Plain,Barpeta Plain Stable Control Point,Barpeta Plain Lowland Plains,26.3,91.0,None (Stable Alluvium),None (Stable),Stable Topography Control,2018-08-23,0,0,,,0.1,42.0,0.39,41.9,2.9,12.5,19.5,19.5,25.6,50.7,50.7,0.05,19.5,1,2018,8,235,1
CTRL/NER/2024/1094,Assam,Barpeta Plain,Barpeta Plain Stable Control Point,Barpeta Plain Lowland Plains,26.32,91.02,None (Stable Alluvium),None (Stable),Stable Topography Control,2024-06-01,0,0,,,0.1,40.0,0.59,240.8,0.65,1.3,25.0,25.0,118.7,320.3,320.3,0.05,25.0,1,2024,6,153,1
CTRL/NER/2025/1095,Assam,Barpeta Plain,Barpeta Plain Stable Control Point,Barpeta Plain Lowland Plains,26.32,90.98,None (Stable Alluvium),None (Stable),Stable Topography Control,2025-07-29,0,0,,,0.1,41.0,1.55,56.2,0.15,0.5,24.2,24.2,140.6,288.4,288.4,0.05,24.2,1,2025,7,210,1
CTRL/NER/2025/1096,Assam,Dibrugarh Alluvial,Dibrugarh Alluvial Stable Control Point,Dibrugarh Alluvial Lowland Plains,27.48,94.92,None (Stable Alluvium),None (Stable),Stable Topography Control,2025-08-01,0,0,,,0.1,105.0,0.83,249.4,0.05,0.4,1.9,1.9,41.5,94.8,94.8,0.05,1.9,1,2025,8,213,1
CTRL/NER/2015/1097,Assam,Dibrugarh Alluvial,Dibrugarh Alluvial Stable Control Point,Dibrugarh Alluvial Lowland Plains,27.5,94.92,None (Stable Alluvium),None (Stable),Stable Topography Control,2015-07-15,0,0,,,0.1,102.0,0.0,180.0,0.0,0.0,54.9,54.9,80.0,154.3,154.3,0.05,54.9,1,2015,7,196,1
CTRL/NER/2018/1098,Assam,Dibrugarh Alluvial,Dibrugarh Alluvial Stable Control Point,Dibrugarh Alluvial Lowland Plains,27.46,94.92,None (Stable Alluvium),None (Stable),Stable Topography Control,2018-07-08,0,0,,,0.1,107.0,1.27,336.1,0.05,0.4,21.0,21.0,34.9,96.1,96.1,0.05,21.0,1,2018,7,189,1
CTRL/NER/2019/1099,Assam,Dibrugarh Alluvial,Dibrugarh Alluvial Stable Control Point,Dibrugarh Alluvial Lowland Plains,27.48,94.94,None (Stable Alluvium),None (Stable),Stable Topography Control,2019-05-09,0,0,,,0.1,107.0,0.52,270.0,1.75,7.5,60.0,60.0,75.1,175.6,175.6,0.05,60.0,1,2019,5,129,0
CTRL/NER/2014/1100,Assam,Dibrugarh Alluvial,Dibrugarh Alluvial Stable Control Point,Dibrugarh Alluvial Lowland Plains,27.48,94.9,None (Stable Alluvium),None (Stable),Stable Topography Control,2014-08-26,0,0,,,0.1,105.0,0.39,41.6,0.0,0.0,2.7,2.7,46.3,145.1,145.1,0.05,2.7,1,2014,8,238,1
CTRL/NER/2017/1101,Assam,Silchar Floodplain,Silchar Floodplain Stable Control Point,Silchar Floodplain Lowland Plains,24.82,92.8,None (Stable Alluvium),None (Stable),Stable Topography Control,2017-07-09,0,0,,,0.1,23.0,1.44,10.3,0.1,0.7,10.5,10.5,33.3,138.0,138.0,0.05,10.5,1,2017,7,190,1
CTRL/NER/2013/1102,Assam,Silchar Floodplain,Silchar Floodplain Stable Control Point,Silchar Floodplain Lowland Plains,24.84,92.8,None (Stable Alluvium),None (Stable),Stable Topography Control,2013-08-28,0,0,,,0.1,13.0,4.6,222.2,0.1,0.6,8.3,8.3,51.0,75.5,75.5,0.05,8.3,1,2013,8,240,1
CTRL/NER/2014/1103,Assam,Silchar Floodplain,Silchar Floodplain Stable Control Point,Silchar Floodplain Lowland Plains,24.8,92.8,None (Stable Alluvium),None (Stable),Stable Topography Control,2014-06-24,0,0,,,0.1,24.0,0.38,42.2,0.0,0.0,10.6,10.6,119.1,307.0,307.0,0.05,10.6,1,2014,6,175,1
CTRL/NER/2014/1104,Assam,Silchar Floodplain,Silchar Floodplain Stable Control Point,Silchar Floodplain Lowland Plains,24.82,92.82,None (Stable Alluvium),None (Stable),Stable Topography Control,2014-07-08,0,0,,,0.1,20.0,0.28,0.0,0.1,0.6,2.8,2.8,22.4,78.4,78.4,0.05,2.8,1,2014,7,189,1
CTRL/NER/2014/1105,Assam,Silchar Floodplain,Silchar Floodplain Stable Control Point,Silchar Floodplain Lowland Plains,24.82,92.78,None (Stable Alluvium),None (Stable),Stable Topography Control,2014-07-01,0,0,,,0.1,17.0,0.82,290.2,0.25,2.6,11.6,11.6,29.2,84.7,84.7,0.05,11.6,1,2014,7,182,1
CTRL/NER/2015/1106,Manipur,Imphal Valley Basin,Imphal Valley Basin Stable Control Point,Imphal Valley Basin Lowland Plains,24.81,93.94,None (Stable Alluvium),None (Stable),Stable Topography Control,2015-07-08,0,0,,,0.1,779.0,1.14,0.0,0.2,2.0,11.0,11.0,23.1,32.0,32.0,0.05,11.0,1,2015,7,189,1
CTRL/NER/2015/1107,Manipur,Imphal Valley Basin,Imphal Valley Basin Stable Control Point,Imphal Valley Basin Lowland Plains,24.83,93.94,None (Stable Alluvium),None (Stable),Stable Topography Control,2015-06-01,0,0,,,0.1,784.0,2.94,61.1,0.0,0.0,0.5,0.5,7.7,14.2,14.2,0.05,0.5,1,2015,6,152,1
CTRL/NER/2015/1108,Manipur,Imphal Valley Basin,Imphal Valley Basin Stable Control Point,Imphal Valley Basin Lowland Plains,24.79,93.94,None (Stable Alluvium),None (Stable),Stable Topography Control,2015-07-11,0,0,,,0.1,779.0,0.38,222.2,0.0,0.0,5.0,5.0,29.9,57.1,57.1,0.05,5.0,1,2015,7,192,1
CTRL/NER/2019/1109,Manipur,Imphal Valley Basin,Imphal Valley Basin Stable Control Point,Imphal Valley Basin Lowland Plains,24.81,93.96,None (Stable Alluvium),None (Stable),Stable Topography Control,2019-09-16,0,0,,,0.1,780.0,0.82,69.8,0.0,0.0,12.5,12.5,16.6,59.0,59.0,0.05,12.5,1,2019,9,259,1
CTRL/NER/2021/1110,Manipur,Imphal Valley Basin,Imphal Valley Basin Stable Control Point,Imphal Valley Basin Lowland Plains,24.81,93.92,None (Stable Alluvium),None (Stable),Stable Topography Control,2021-08-23,0,0,,,0.1,778.0,0.77,222.2,0.0,0.0,0.6,0.6,2.9,27.7,27.7,0.05,0.6,1,2021,8,235,1
CTRL/NER/2021/1111,Tripura,Agartala Lowland,Agartala Lowland Stable Control Point,Agartala Lowland Lowland Plains,23.83,91.28,None (Stable Alluvium),None (Stable),Stable Topography Control,2021-08-22,0,0,,,0.1,12.0,1.57,280.3,0.0,0.0,3.3,3.3,18.1,49.7,49.7,0.05,3.3,1,2021,8,234,1
CTRL/NER/2021/1112,Tripura,Agartala Lowland,Agartala Lowland Stable Control Point,Agartala Lowland Lowland Plains,23.85,91.28,None (Stable Alluvium),None (Stable),Stable Topography Control,2021-08-27,0,0,,,0.1,18.0,2.97,31.4,0.0,0.0,4.6,4.6,29.4,63.2,63.2,0.05,4.6,1,2021,8,239,1
CTRL/NER/2021/1113,Tripura,Agartala Lowland,Agartala Lowland Stable Control Point,Agartala Lowland Lowland Plains,23.81,91.28,None (Stable Alluvium),None (Stable),Stable Topography Control,2021-06-18,0,0,,,0.1,13.0,2.04,345.4,0.25,1.2,23.2,23.2,43.8,77.5,77.5,0.05,23.2,1,2021,6,169,1
CTRL/NER/2021/1114,Tripura,Agartala Lowland,Agartala Lowland Stable Control Point,Agartala Lowland Lowland Plains,23.83,91.3,None (Stable Alluvium),None (Stable),Stable Topography Control,2021-05-18,0,0,,,0.1,22.0,4.38,224.9,0.0,0.0,0.2,0.2,1.0,62.0,62.0,0.05,0.2,1,2021,5,138,0
CTRL/NER/2022/1115,Tripura,Agartala Lowland,Agartala Lowland Stable Control Point,Agartala Lowland Lowland Plains,23.83,91.26,None (Stable Alluvium),None (Stable),Stable Topography Control,2022-11-18,0,0,,,0.1,11.0,0.62,204.6,0.0,0.0,0.0,0.0,0.0,0.0,0.0,0.05,0.0,1,2022,11,322,0
CTRL/NER/2022/1116,Tripura,Khowai Plain,Khowai Plain Stable Control Point,Khowai Plain Lowland Plains,24.06,91.6,None (Stable Alluvium),None (Stable),Stable Topography Control,2022-11-20,0,0,,,0.1,31.0,1.7,180.0,0.0,0.0,0.0,0.0,0.0,0.0,0.0,0.05,0.0,1,2022,11,324,0
CTRL/NER/2022/1117,Tripura,Khowai Plain,Khowai Plain Stable Control Point,Khowai Plain Lowland Plains,24.08,91.6,None (Stable Alluvium),None (Stable),Stable Topography Control,2022-05-29,0,0,,,0.1,28.0,0.38,317.6,0.0,0.0,14.1,14.1,26.1,58.8,58.8,0.05,14.1,1,2022,5,149,0
CTRL/NER/2022/1118,Tripura,Khowai Plain,Khowai Plain Stable Control Point,Khowai Plain Lowland Plains,24.04,91.6,None (Stable Alluvium),None (Stable),Stable Topography Control,2022-10-10,0,0,,,0.1,27.0,0.96,306.1,0.0,0.0,3.5,3.5,13.4,40.3,40.3,0.05,3.5,1,2022,10,283,0
CTRL/NER/2022/1119,Tripura,Khowai Plain,Khowai Plain Stable Control Point,Khowai Plain Lowland Plains,24.06,91.62,None (Stable Alluvium),None (Stable),Stable Topography Control,2022-08-25,0,0,,,0.1,33.0,0.62,204.5,0.0,0.0,0.4,0.4,12.2,66.6,66.6,0.05,0.4,1,2022,8,237,1
CTRL/NER/2022/1120,Tripura,Khowai Plain,Khowai Plain Stable Control Point,Khowai Plain Lowland Plains,24.06,91.58,None (Stable Alluvium),None (Stable),Stable Topography Control,2022-06-15,0,0,,,0.1,33.0,2.04,194.6,0.0,1.5,15.2,15.2,30.9,62.9,62.9,0.05,15.2,1,2022,6,166,1
CTRL/NER/2023/1121,Nagaland,Dimapur Plain,Dimapur Plain Stable Control Point,Dimapur Plain Lowland Plains,25.9,93.73,None (Stable Alluvium),None (Stable),Stable Topography Control,2023-10-04,0,0,,,0.1,147.0,3.16,355.3,0.0,0.0,13.3,13.3,26.3,45.8,45.8,0.05,13.3,1,2023,10,277,0
CTRL/NER/2024/1122,Nagaland,Dimapur Plain,Dimapur Plain Stable Control Point,Dimapur Plain Lowland Plains,25.92,93.73,None (Stable Alluvium),None (Stable),Stable Topography Control,2024-07-21,0,0,,,0.1,145.0,1.55,236.3,1.1,9.8,17.5,17.5,35.2,85.5,85.5,0.05,17.5,1,2024,7,203,1
CTRL/NER/2025/1123,Nagaland,Dimapur Plain,Dimapur Plain Stable Control Point,Dimapur Plain Lowland Plains,25.88,93.73,None (Stable Alluvium),None (Stable),Stable Topography Control,2025-09-11,0,0,,,0.1,150.0,1.32,102.5,2.4,12.5,21.0,21.0,36.1,102.5,102.5,0.05,21.0,1,2025,9,254,1
CTRL/NER/2025/1124,Nagaland,Dimapur Plain,Dimapur Plain Stable Control Point,Dimapur Plain Lowland Plains,25.9,93.75,None (Stable Alluvium),None (Stable),Stable Topography Control,2025-07-19,0,0,,,0.1,141.0,2.91,190.2,0.0,0.8,6.3,6.3,15.6,60.2,60.2,0.05,6.3,1,2025,7,200,1
CTRL/NER/2012/1125,Nagaland,Dimapur Plain,Dimapur Plain Stable Control Point,Dimapur Plain Lowland Plains,25.9,93.71,None (Stable Alluvium),None (Stable),Stable Topography Control,2012-07-13,0,0,,,0.1,156.0,1.38,326.0,0.15,0.7,3.0,3.0,3.6,8.5,8.5,0.05,3.0,1,2012,7,195,1
CTRL/NER/2012/1126,Assam,Kamrup Plains,Kamrup Plains Stable Control Point,Kamrup Plains Lowland Plains,26.2,91.6,None (Stable Alluvium),None (Stable),Stable Topography Control,2012-06-26,0,0,,,0.1,42.0,0.86,0.0,0.4,1.8,23.3,23.3,148.5,488.6,488.6,0.05,23.3,1,2012,6,178,1
CTRL/NER/2012/1127,Assam,Kamrup Plains,Kamrup Plains Stable Control Point,Kamrup Plains Lowland Plains,26.22,91.6,None (Stable Alluvium),None (Stable),Stable Topography Control,2012-06-22,0,0,,,0.1,47.0,1.55,138.1,0.45,2.4,46.4,46.4,290.6,401.4,401.4,0.05,46.4,1,2012,6,174,1
CTRL/NER/2012/1128,Assam,Kamrup Plains,Kamrup Plains Stable Control Point,Kamrup Plains Lowland Plains,26.18,91.6,None (Stable Alluvium),None (Stable),Stable Topography Control,2012-07-17,0,0,,,0.1,42.0,0.0,180.0,0.15,0.7,4.9,4.9,29.6,94.0,94.0,0.05,4.9,1,2012,7,199,1
CTRL/NER/2018/1129,Assam,Kamrup Plains,Kamrup Plains Stable Control Point,Kamrup Plains Lowland Plains,26.2,91.62,None (Stable Alluvium),None (Stable),Stable Topography Control,2018-05-20,0,0,,,0.1,42.0,0.0,180.0,0.0,0.0,4.9,4.9,31.9,42.8,42.8,0.05,4.9,1,2018,5,140,0
CTRL/NER/2009/1130,Assam,Kamrup Plains,Kamrup Plains Stable Control Point,Kamrup Plains Lowland Plains,26.2,91.58,None (Stable Alluvium),None (Stable),Stable Topography Control,2009-07-10,0,0,,,0.1,48.0,0.29,0.0,0.0,0.0,10.1,10.1,28.2,86.8,86.8,0.05,10.1,1,2009,7,191,1
CTRL/NER/2018/1131,Assam,Nagaon Basin,Nagaon Basin Stable Control Point,Nagaon Basin Lowland Plains,26.35,92.68,None (Stable Alluvium),None (Stable),Stable Topography Control,2018-05-18,0,0,,,0.1,65.0,3.06,19.7,0.0,0.0,3.6,3.6,6.3,24.2,24.2,0.05,3.6,1,2018,5,138,0
CTRL/NER/2026/1132,Assam,Nagaon Basin,Nagaon Basin Stable Control Point,Nagaon Basin Lowland Plains,26.37,92.68,None (Stable Alluvium),None (Stable),Stable Topography Control,2026-05-30,0,0,,,0.1,60.0,0.39,138.1,0.0,0.0,0.2,0.2,0.4,81.9,81.9,0.05,0.2,1,2026,5,150,0
CTRL/NER/2016/1133,Assam,Nagaon Basin,Nagaon Basin Stable Control Point,Nagaon Basin Lowland Plains,26.33,92.68,None (Stable Alluvium),None (Stable),Stable Topography Control,2016-05-17,0,0,,,0.1,64.0,0.0,180.0,0.15,0.7,17.8,17.8,121.5,182.8,182.8,0.05,17.8,1,2016,5,138,0
CTRL/NER/2016/1134,Assam,Nagaon Basin,Nagaon Basin Stable Control Point,Nagaon Basin Lowland Plains,26.35,92.7,None (Stable Alluvium),None (Stable),Stable Topography Control,2016-05-18,0,0,,,0.1,64.0,0.83,110.4,0.55,3.7,7.9,7.9,61.9,190.7,190.7,0.05,7.9,1,2016,5,139,0
CTRL/NER/2010/1135,Assam,Nagaon Basin,Nagaon Basin Stable Control Point,Nagaon Basin Lowland Plains,26.35,92.66,None (Stable Alluvium),None (Stable),Stable Topography Control,2010-04-02,0,0,,,0.1,61.0,0.77,90.0,0.0,0.0,2.2,2.2,17.1,73.8,73.8,0.05,2.2,1,2010,4,92,0
CTRL/NER/2016/1136,Assam,Barpeta Plain,Barpeta Plain Stable Control Point,Barpeta Plain Lowland Plains,26.32,91.0,None (Stable Alluvium),None (Stable),Stable Topography Control,2016-08-31,0,0,,,0.1,41.0,1.41,246.0,0.0,0.3,13.9,13.9,36.0,61.0,61.0,0.05,13.9,1,2016,8,244,1
CTRL/NER/2020/1137,Assam,Barpeta Plain,Barpeta Plain Stable Control Point,Barpeta Plain Lowland Plains,26.34,91.0,None (Stable Alluvium),None (Stable),Stable Topography Control,2020-06-02,0,0,,,0.1,42.0,1.26,204.1,0.15,1.3,16.4,16.4,52.4,209.7,209.7,0.05,16.4,1,2020,6,154,1
CTRL/NER/2010/1138,Assam,Barpeta Plain,Barpeta Plain Stable Control Point,Barpeta Plain Lowland Plains,26.3,91.0,None (Stable Alluvium),None (Stable),Stable Topography Control,2010-06-03,0,0,,,0.1,42.0,0.39,41.9,1.75,9.4,130.3,130.3,203.6,283.2,283.2,0.05,130.3,1,2010,6,154,1
CTRL/NER/2020/1139,Assam,Barpeta Plain,Barpeta Plain Stable Control Point,Barpeta Plain Lowland Plains,26.32,91.02,None (Stable Alluvium),None (Stable),Stable Topography Control,2020-06-05,0,0,,,0.1,40.0,0.59,240.8,2.15,5.2,25.6,25.6,60.8,142.5,142.5,0.05,25.6,1,2020,6,157,1
CTRL/NER/2010/1140,Assam,Barpeta Plain,Barpeta Plain Stable Control Point,Barpeta Plain Lowland Plains,26.32,90.98,None (Stable Alluvium),None (Stable),Stable Topography Control,2010-06-20,0,0,,,0.1,41.0,1.55,56.2,0.05,0.1,13.7,13.7,30.3,63.6,63.6,0.05,13.7,1,2010,6,171,1
CTRL/NER/2010/1141,Assam,Dibrugarh Alluvial,Dibrugarh Alluvial Stable Control Point,Dibrugarh Alluvial Lowland Plains,27.48,94.92,None (Stable Alluvium),None (Stable),Stable Topography Control,2010-06-16,0,0,,,0.1,105.0,0.83,249.4,0.15,0.8,7.6,7.6,39.4,92.7,92.7,0.05,7.6,1,2010,6,167,1
CTRL/NER/2018/1142,Assam,Dibrugarh Alluvial,Dibrugarh Alluvial Stable Control Point,Dibrugarh Alluvial Lowland Plains,27.5,94.92,None (Stable Alluvium),None (Stable),Stable Topography Control,2018-06-14,0,0,,,0.1,102.0,0.0,180.0,1.7,9.0,21.8,21.8,95.9,132.4,132.4,0.05,21.8,1,2018,6,165,1
CTRL/NER/2018/1143,Assam,Dibrugarh Alluvial,Dibrugarh Alluvial Stable Control Point,Dibrugarh Alluvial Lowland Plains,27.46,94.92,None (Stable Alluvium),None (Stable),Stable Topography Control,2018-08-24,0,0,,,0.1,107.0,1.27,336.1,1.0,10.1,15.9,15.9,44.9,99.8,99.8,0.05,15.9,1,2018,8,236,1
CTRL/NER/2017/1144,Assam,Dibrugarh Alluvial,Dibrugarh Alluvial Stable Control Point,Dibrugarh Alluvial Lowland Plains,27.48,94.94,None (Stable Alluvium),None (Stable),Stable Topography Control,2017-06-13,0,0,,,0.1,107.0,0.52,270.0,0.0,0.5,43.3,43.3,65.3,94.1,94.1,0.05,43.3,1,2017,6,164,1
CTRL/NER/2017/1145,Assam,Dibrugarh Alluvial,Dibrugarh Alluvial Stable Control Point,Dibrugarh Alluvial Lowland Plains,27.48,94.9,None (Stable Alluvium),None (Stable),Stable Topography Control,2017-06-16,0,0,,,0.1,105.0,0.39,41.6,0.45,2.4,9.6,9.6,35.1,129.1,129.1,0.05,9.6,1,2017,6,167,1
CTRL/NER/2017/1146,Assam,Silchar Floodplain,Silchar Floodplain Stable Control Point,Silchar Floodplain Lowland Plains,24.82,92.8,None (Stable Alluvium),None (Stable),Stable Topography Control,2017-07-04,0,0,,,0.1,23.0,1.44,10.3,1.9,20.8,48.2,48.2,79.0,173.0,173.0,0.05,48.2,1,2017,7,185,1
CTRL/NER/2011/1147,Assam,Silchar Floodplain,Silchar Floodplain Stable Control Point,Silchar Floodplain Lowland Plains,24.84,92.8,None (Stable Alluvium),None (Stable),Stable Topography Control,2011-03-23,0,0,,,0.1,13.0,4.6,222.2,0.0,0.0,0.0,0.0,3.1,18.0,18.0,0.05,0.0,1,2011,3,82,0
CTRL/NER/2009/1148,Assam,Silchar Floodplain,Silchar Floodplain Stable Control Point,Silchar Floodplain Lowland Plains,24.8,92.8,None (Stable Alluvium),None (Stable),Stable Topography Control,2009-08-20,0,0,,,0.1,24.0,0.38,42.2,0.5,2.8,28.3,28.3,65.1,160.2,160.2,0.05,28.3,1,2009,8,232,1
CTRL/NER/2017/1149,Assam,Silchar Floodplain,Silchar Floodplain Stable Control Point,Silchar Floodplain Lowland Plains,24.82,92.82,None (Stable Alluvium),None (Stable),Stable Topography Control,2017-07-03,0,0,,,0.1,20.0,0.28,0.0,0.1,0.3,21.7,21.7,36.5,154.0,154.0,0.05,21.7,1,2017,7,184,1
CTRL/NER/2021/1150,Assam,Silchar Floodplain,Silchar Floodplain Stable Control Point,Silchar Floodplain Lowland Plains,24.82,92.78,None (Stable Alluvium),None (Stable),Stable Topography Control,2021-04-28,0,0,,,0.1,17.0,0.82,290.2,0.0,0.0,1.6,1.6,1.6,1.7,1.7,0.05,1.6,1,2021,4,118,0
CTRL/NER/2024/1151,Manipur,Imphal Valley Basin,Imphal Valley Basin Stable Control Point,Imphal Valley Basin Lowland Plains,24.81,93.94,None (Stable Alluvium),None (Stable),Stable Topography Control,2024-07-05,0,0,,,0.1,779.0,1.14,0.0,0.15,0.5,22.3,22.3,63.8,248.5,248.5,0.05,22.3,1,2024,7,187,1
CTRL/NER/2024/1152,Manipur,Imphal Valley Basin,Imphal Valley Basin Stable Control Point,Imphal Valley Basin Lowland Plains,24.83,93.94,None (Stable Alluvium),None (Stable),Stable Topography Control,2024-05-24,0,0,,,0.1,784.0,2.94,61.1,0.0,0.0,1.5,1.5,2.6,9.0,9.0,0.05,1.5,1,2024,5,145,0
CTRL/NER/2022/1153,Manipur,Imphal Valley Basin,Imphal Valley Basin Stable Control Point,Imphal Valley Basin Lowland Plains,24.79,93.94,None (Stable Alluvium),None (Stable),Stable Topography Control,2022-05-15,0,0,,,0.1,779.0,0.38,222.2,0.0,0.0,4.0,4.0,22.4,51.8,51.8,0.05,4.0,1,2022,5,135,0
CTRL/NER/2022/1154,Manipur,Imphal Valley Basin,Imphal Valley Basin Stable Control Point,Imphal Valley Basin Lowland Plains,24.81,93.96,None (Stable Alluvium),None (Stable),Stable Topography Control,2022-05-14,0,0,,,0.1,780.0,0.82,69.8,0.05,7.0,11.2,11.2,30.3,50.7,50.7,0.05,11.2,1,2022,5,134,0
CTRL/NER/2014/1155,Manipur,Imphal Valley Basin,Imphal Valley Basin Stable Control Point,Imphal Valley Basin Lowland Plains,24.81,93.92,None (Stable Alluvium),None (Stable),Stable Topography Control,2014-09-22,0,0,,,0.1,778.0,0.77,222.2,0.0,0.1,0.5,0.5,8.7,47.1,47.1,0.05,0.5,1,2014,9,265,1
CTRL/NER/2014/1156,Tripura,Agartala Lowland,Agartala Lowland Stable Control Point,Agartala Lowland Lowland Plains,23.83,91.28,None (Stable Alluvium),None (Stable),Stable Topography Control,2014-09-23,0,0,,,0.1,12.0,1.57,280.3,0.25,0.5,24.1,24.1,46.1,83.2,83.2,0.05,24.1,1,2014,9,266,1
CTRL/NER/2014/1157,Tripura,Agartala Lowland,Agartala Lowland Stable Control Point,Agartala Lowland Lowland Plains,23.85,91.28,None (Stable Alluvium),None (Stable),Stable Topography Control,2014-09-25,0,0,,,0.1,18.0,2.97,31.4,0.0,0.6,11.7,11.7,39.9,98.4,98.4,0.05,11.7,1,2014,9,268,1
CTRL/NER/2016/1158,Tripura,Agartala Lowland,Agartala Lowland Stable Control Point,Agartala Lowland Lowland Plains,23.81,91.28,None (Stable Alluvium),None (Stable),Stable Topography Control,2016-05-22,0,0,,,0.1,13.0,2.04,345.4,0.0,0.0,3.3,3.3,100.5,158.7,158.7,0.05,3.3,1,2016,5,143,0
CTRL/NER/2016/1159,Tripura,Agartala Lowland,Agartala Lowland Stable Control Point,Agartala Lowland Lowland Plains,23.83,91.3,None (Stable Alluvium),None (Stable),Stable Topography Control,2016-06-22,0,0,,,0.1,22.0,4.38,224.9,0.0,0.0,14.3,14.3,16.4,54.3,54.3,0.05,14.3,1,2016,6,174,1
CTRL/NER/2022/1160,Tripura,Agartala Lowland,Agartala Lowland Stable Control Point,Agartala Lowland Lowland Plains,23.83,91.26,None (Stable Alluvium),None (Stable),Stable Topography Control,2022-05-13,0,0,,,0.1,11.0,0.62,204.6,0.0,0.0,19.1,19.1,42.1,56.9,56.9,0.05,19.1,1,2022,5,133,0
CTRL/NER/2016/1161,Tripura,Khowai Plain,Khowai Plain Stable Control Point,Khowai Plain Lowland Plains,24.06,91.6,None (Stable Alluvium),None (Stable),Stable Topography Control,2016-05-27,0,0,,,0.1,31.0,1.7,180.0,0.0,0.0,6.4,6.4,40.6,169.1,169.1,0.05,6.4,1,2016,5,148,0
CTRL/NER/2014/1162,Tripura,Khowai Plain,Khowai Plain Stable Control Point,Khowai Plain Lowland Plains,24.08,91.6,None (Stable Alluvium),None (Stable),Stable Topography Control,2014-08-20,0,0,,,0.1,28.0,0.38,317.6,0.0,0.0,20.3,20.3,45.5,127.2,127.2,0.05,20.3,1,2014,8,232,1
CTRL/NER/2016/1163,Tripura,Khowai Plain,Khowai Plain Stable Control Point,Khowai Plain Lowland Plains,24.04,91.6,None (Stable Alluvium),None (Stable),Stable Topography Control,2016-07-20,0,0,,,0.1,27.0,0.96,306.1,0.0,0.0,14.1,14.1,52.7,95.0,95.0,0.05,14.1,1,2016,7,202,1
CTRL/NER/2019/1164,Tripura,Khowai Plain,Khowai Plain Stable Control Point,Khowai Plain Lowland Plains,24.06,91.62,None (Stable Alluvium),None (Stable),Stable Topography Control,2019-07-10,0,0,,,0.1,33.0,0.62,204.5,0.0,0.0,16.8,16.8,66.3,105.3,105.3,0.05,16.8,1,2019,7,191,1
CTRL/NER/2019/1165,Tripura,Khowai Plain,Khowai Plain Stable Control Point,Khowai Plain Lowland Plains,24.06,91.58,None (Stable Alluvium),None (Stable),Stable Topography Control,2019-07-16,0,0,,,0.1,33.0,2.04,194.6,0.0,0.0,0.3,0.3,32.4,131.1,131.1,0.05,0.3,1,2019,7,197,1
CTRL/NER/2016/1166,Nagaland,Dimapur Plain,Dimapur Plain Stable Control Point,Dimapur Plain Lowland Plains,25.9,93.73,None (Stable Alluvium),None (Stable),Stable Topography Control,2016-07-14,0,0,,,0.1,147.0,3.16,355.3,0.45,1.0,1.1,1.1,3.2,75.9,75.9,0.05,1.1,1,2016,7,196,1
CTRL/NER/2014/1167,Nagaland,Dimapur Plain,Dimapur Plain Stable Control Point,Dimapur Plain Lowland Plains,25.92,93.73,None (Stable Alluvium),None (Stable),Stable Topography Control,2014-06-27,0,0,,,0.1,145.0,1.55,236.3,0.0,0.0,0.1,0.1,9.6,96.3,96.3,0.05,0.1,1,2014,6,178,1
CTRL/NER/2016/1168,Nagaland,Dimapur Plain,Dimapur Plain Stable Control Point,Dimapur Plain Lowland Plains,25.88,93.73,None (Stable Alluvium),None (Stable),Stable Topography Control,2016-04-18,0,0,,,0.1,150.0,1.32,102.5,4.25,21.7,68.4,68.4,130.8,196.0,196.0,0.05,68.4,1,2016,4,109,0
CTRL/NER/2017/1169,Nagaland,Dimapur Plain,Dimapur Plain Stable Control Point,Dimapur Plain Lowland Plains,25.9,93.75,None (Stable Alluvium),None (Stable),Stable Topography Control,2017-05-20,0,0,,,0.1,141.0,2.91,190.2,0.0,0.0,6.3,6.3,20.3,47.1,47.1,0.05,6.3,1,2017,5,140,0
CTRL/NER/2017/1170,Nagaland,Dimapur Plain,Dimapur Plain Stable Control Point,Dimapur Plain Lowland Plains,25.9,93.71,None (Stable Alluvium),None (Stable),Stable Topography Control,2017-06-03,0,0,,,0.1,156.0,1.38,326.0,0.35,1.0,48.5,48.5,94.1,208.5,208.5,0.05,48.5,1,2017,6,154,1
CTRL/NER/2018/1171,Assam,Kamrup Plains,Kamrup Plains Stable Control Point,Kamrup Plains Lowland Plains,26.2,91.6,None (Stable Alluvium),None (Stable),Stable Topography Control,2018-08-31,0,0,,,0.1,42.0,0.86,0.0,0.1,1.2,7.3,7.3,18.0,162.0,162.0,0.05,7.3,1,2018,8,243,1
CTRL/NER/2015/1172,Assam,Kamrup Plains,Kamrup Plains Stable Control Point,Kamrup Plains Lowland Plains,26.22,91.6,None (Stable Alluvium),None (Stable),Stable Topography Control,2015-09-01,0,0,,,0.1,47.0,1.55,138.1,0.65,4.2,25.6,25.6,92.9,184.4,184.4,0.05,25.6,1,2015,9,244,1
CTRL/NER/2020/1173,Assam,Kamrup Plains,Kamrup Plains Stable Control Point,Kamrup Plains Lowland Plains,26.18,91.6,None (Stable Alluvium),None (Stable),Stable Topography Control,2020-06-28,0,0,,,0.1,42.0,0.0,180.0,0.1,0.9,40.0,40.0,212.4,273.3,273.3,0.05,40.0,1,2020,6,180,1
CTRL/NER/2020/1174,Assam,Kamrup Plains,Kamrup Plains Stable Control Point,Kamrup Plains Lowland Plains,26.2,91.62,None (Stable Alluvium),None (Stable),Stable Topography Control,2020-07-12,0,0,,,0.1,42.0,0.0,180.0,0.0,0.1,40.0,40.0,121.4,227.1,227.1,0.05,40.0,1,2020,7,194,1
CTRL/NER/2020/1175,Assam,Kamrup Plains,Kamrup Plains Stable Control Point,Kamrup Plains Lowland Plains,26.2,91.58,None (Stable Alluvium),None (Stable),Stable Topography Control,2020-06-26,0,0,,,0.1,48.0,0.29,0.0,0.8,3.4,138.8,138.8,193.0,213.0,213.0,0.05,138.8,1,2020,6,178,1
CTRL/NER/2022/1176,Assam,Nagaon Basin,Nagaon Basin Stable Control Point,Nagaon Basin Lowland Plains,26.35,92.68,None (Stable Alluvium),None (Stable),Stable Topography Control,2022-06-16,0,0,,,0.1,65.0,3.06,19.7,1.95,15.5,63.2,63.2,157.0,225.6,225.6,0.05,63.2,1,2022,6,167,1
CTRL/NER/2022/1177,Assam,Nagaon Basin,Nagaon Basin Stable Control Point,Nagaon Basin Lowland Plains,26.37,92.68,None (Stable Alluvium),None (Stable),Stable Topography Control,2022-06-17,0,0,,,0.1,60.0,0.39,138.1,0.55,6.4,78.2,78.2,211.2,369.3,369.3,0.05,78.2,1,2022,6,168,1
CTRL/NER/2022/1178,Assam,Nagaon Basin,Nagaon Basin Stable Control Point,Nagaon Basin Lowland Plains,26.33,92.68,None (Stable Alluvium),None (Stable),Stable Topography Control,2022-05-16,0,0,,,0.1,64.0,0.0,180.0,0.15,6.3,16.8,16.8,105.0,175.3,175.3,0.05,16.8,1,2022,5,136,0
CTRL/NER/2014/1179,Assam,Nagaon Basin,Nagaon Basin Stable Control Point,Nagaon Basin Lowland Plains,26.35,92.7,None (Stable Alluvium),None (Stable),Stable Topography Control,2014-05-10,0,0,,,0.1,64.0,0.83,110.4,0.0,0.0,0.8,0.8,35.1,110.2,110.2,0.05,0.8,1,2014,5,130,0
CTRL/NER/2025/1180,Assam,Nagaon Basin,Nagaon Basin Stable Control Point,Nagaon Basin Lowland Plains,26.35,92.66,None (Stable Alluvium),None (Stable),Stable Topography Control,2025-05-31,0,0,,,0.1,61.0,0.77,90.0,0.4,1.1,10.9,10.9,128.1,181.1,181.1,0.05,10.9,1,2025,5,151,0
CTRL/NER/2025/1181,Assam,Barpeta Plain,Barpeta Plain Stable Control Point,Barpeta Plain Lowland Plains,26.32,91.0,None (Stable Alluvium),None (Stable),Stable Topography Control,2025-06-06,0,0,,,0.1,41.0,1.41,246.0,0.0,0.0,4.8,4.8,25.5,176.6,176.6,0.05,4.8,1,2025,6,157,1
CTRL/NER/2025/1182,Assam,Barpeta Plain,Barpeta Plain Stable Control Point,Barpeta Plain Lowland Plains,26.34,91.0,None (Stable Alluvium),None (Stable),Stable Topography Control,2025-06-04,0,0,,,0.1,42.0,1.26,204.1,0.25,1.8,10.7,10.7,20.7,227.8,227.8,0.05,10.7,1,2025,6,155,1
CTRL/NER/2014/1183,Assam,Barpeta Plain,Barpeta Plain Stable Control Point,Barpeta Plain Lowland Plains,26.3,91.0,None (Stable Alluvium),None (Stable),Stable Topography Control,2014-07-17,0,0,,,0.1,42.0,0.39,41.9,0.55,3.8,24.7,24.7,84.6,139.1,139.1,0.05,24.7,1,2014,7,198,1
CTRL/NER/2025/1184,Assam,Barpeta Plain,Barpeta Plain Stable Control Point,Barpeta Plain Lowland Plains,26.32,91.02,None (Stable Alluvium),None (Stable),Stable Topography Control,2025-11-02,0,0,,,0.1,40.0,0.59,240.8,0.0,0.0,0.0,0.0,46.3,50.7,50.7,0.05,0.0,1,2025,11,306,0
CTRL/NER/2008/1185,Assam,Barpeta Plain,Barpeta Plain Stable Control Point,Barpeta Plain Lowland Plains,26.32,90.98,None (Stable Alluvium),None (Stable),Stable Topography Control,2008-12-26,0,0,,,0.1,41.0,1.55,56.2,0.1,0.4,0.7,0.7,0.7,1.0,1.0,0.05,0.7,1,2008,12,361,0
CTRL/NER/2025/1186,Assam,Dibrugarh Alluvial,Dibrugarh Alluvial Stable Control Point,Dibrugarh Alluvial Lowland Plains,27.48,94.92,None (Stable Alluvium),None (Stable),Stable Topography Control,2025-07-05,0,0,,,0.1,105.0,0.83,249.4,0.0,0.0,1.1,1.1,21.2,86.2,86.2,0.05,1.1,1,2025,7,186,1
CTRL/NER/2025/1187,Assam,Dibrugarh Alluvial,Dibrugarh Alluvial Stable Control Point,Dibrugarh Alluvial Lowland Plains,27.5,94.92,None (Stable Alluvium),None (Stable),Stable Topography Control,2025-06-05,0,0,,,0.1,102.0,0.0,180.0,0.0,0.0,2.6,2.6,31.0,252.0,252.0,0.05,2.6,1,2025,6,156,1
CTRL/NER/2014/1188,Assam,Dibrugarh Alluvial,Dibrugarh Alluvial Stable Control Point,Dibrugarh Alluvial Lowland Plains,27.46,94.92,None (Stable Alluvium),None (Stable),Stable Topography Control,2014-07-18,0,0,,,0.1,107.0,1.27,336.1,0.15,0.7,5.5,5.5,18.3,93.2,93.2,0.05,5.5,1,2014,7,199,1
CTRL/NER/2024/1189,Assam,Dibrugarh Alluvial,Dibrugarh Alluvial Stable Control Point,Dibrugarh Alluvial Lowland Plains,27.48,94.94,None (Stable Alluvium),None (Stable),Stable Topography Control,2024-08-08,0,0,,,0.1,107.0,0.52,270.0,0.75,1.5,29.9,29.9,57.2,168.6,168.6,0.05,29.9,1,2024,8,221,1
CTRL/NER/2020/1190,Assam,Dibrugarh Alluvial,Dibrugarh Alluvial Stable Control Point,Dibrugarh Alluvial Lowland Plains,27.48,94.9,None (Stable Alluvium),None (Stable),Stable Topography Control,2020-06-25,0,0,,,0.1,105.0,0.39,41.6,0.3,1.3,65.4,65.4,165.4,227.1,227.1,0.05,65.4,1,2020,6,177,1
CTRL/NER/2016/1191,Assam,Silchar Floodplain,Silchar Floodplain Stable Control Point,Silchar Floodplain Lowland Plains,24.82,92.8,None (Stable Alluvium),None (Stable),Stable Topography Control,2016-07-16,0,0,,,0.1,23.0,1.44,10.3,0.8,4.2,21.3,21.3,31.8,85.3,85.3,0.05,21.3,1,2016,7,198,1
CTRL/NER/2016/1192,Assam,Silchar Floodplain,Silchar Floodplain Stable Control Point,Silchar Floodplain Lowland Plains,24.84,92.8,None (Stable Alluvium),None (Stable),Stable Topography Control,2016-07-17,0,0,,,0.1,13.0,4.6,222.2,0.2,1.8,22.0,22.0,48.9,82.7,82.7,0.05,22.0,1,2016,7,199,1
CTRL/NER/2016/1193,Assam,Silchar Floodplain,Silchar Floodplain Stable Control Point,Silchar Floodplain Lowland Plains,24.8,92.8,None (Stable Alluvium),None (Stable),Stable Topography Control,2016-04-22,0,0,,,0.1,24.0,0.38,42.2,1.45,11.8,60.5,60.5,78.2,197.9,197.9,0.05,60.5,1,2016,4,113,0
CTRL/NER/2016/1194,Assam,Silchar Floodplain,Silchar Floodplain Stable Control Point,Silchar Floodplain Lowland Plains,24.82,92.82,None (Stable Alluvium),None (Stable),Stable Topography Control,2016-04-23,0,0,,,0.1,20.0,0.28,0.0,4.9,26.2,145.8,145.8,222.0,333.3,333.3,0.05,145.8,1,2016,4,114,0
CTRL/NER/2024/1195,Assam,Silchar Floodplain,Silchar Floodplain Stable Control Point,Silchar Floodplain Lowland Plains,24.82,92.78,None (Stable Alluvium),None (Stable),Stable Topography Control,2024-04-24,0,0,,,0.1,17.0,0.82,290.2,0.0,0.0,4.0,4.0,17.3,176.0,176.0,0.05,4.0,1,2024,4,115,0
CTRL/NER/2026/1196,Manipur,Imphal Valley Basin,Imphal Valley Basin Stable Control Point,Imphal Valley Basin Lowland Plains,24.81,93.94,None (Stable Alluvium),None (Stable),Stable Topography Control,2026-03-16,0,0,,,0.1,779.0,1.14,0.0,0.25,0.5,2.8,2.8,11.5,25.9,25.9,0.05,2.8,1,2026,3,75,0
CTRL/NER/2026/1197,Manipur,Imphal Valley Basin,Imphal Valley Basin Stable Control Point,Imphal Valley Basin Lowland Plains,24.83,93.94,None (Stable Alluvium),None (Stable),Stable Topography Control,2026-06-28,0,0,,,0.1,784.0,2.94,61.1,0.0,0.0,1.8,1.8,6.3,56.0,56.0,0.05,1.8,1,2026,6,179,1
CTRL/NER/2007/1198,Manipur,Imphal Valley Basin,Imphal Valley Basin Stable Control Point,Imphal Valley Basin Lowland Plains,24.79,93.94,None (Stable Alluvium),None (Stable),Stable Topography Control,2007-09-07,0,0,,,0.1,779.0,0.38,222.2,0.0,0.0,29.2,29.2,116.3,152.1,152.1,0.05,29.2,1,2007,9,250,1
CTRL/NER/2010/1199,Manipur,Imphal Valley Basin,Imphal Valley Basin Stable Control Point,Imphal Valley Basin Lowland Plains,24.81,93.96,None (Stable Alluvium),None (Stable),Stable Topography Control,2010-06-10,0,0,,,0.1,780.0,0.82,69.8,0.1,0.2,0.8,0.8,25.2,45.0,45.0,0.05,0.8,1,2010,6,161,1
CTRL/NER/2018/1200,Manipur,Imphal Valley Basin,Imphal Valley Basin Stable Control Point,Imphal Valley Basin Lowland Plains,24.81,93.92,None (Stable Alluvium),None (Stable),Stable Topography Control,2018-08-02,0,0,,,0.1,778.0,0.77,222.2,0.0,0.0,7.8,7.8,60.4,87.1,87.1,0.05,7.8,1,2018,8,214,1
CTRL/NER/2007/1201,Tripura,Agartala Lowland,Agartala Lowland Stable Control Point,Agartala Lowland Lowland Plains,23.83,91.28,None (Stable Alluvium),None (Stable),Stable Topography Control,2007-06-16,0,0,,,0.1,12.0,1.57,280.3,0.8,3.5,51.6,51.6,80.7,262.0,262.0,0.05,51.6,1,2007,6,167,1
CTRL/NER/2007/1202,Tripura,Agartala Lowland,Agartala Lowland Stable Control Point,Agartala Lowland Lowland Plains,23.85,91.28,None (Stable Alluvium),None (Stable),Stable Topography Control,2007-09-10,0,0,,,0.1,18.0,2.97,31.4,0.35,6.2,17.0,17.0,85.0,166.8,166.8,0.05,17.0,1,2007,9,253,1
CTRL/NER/2008/1203,Tripura,Agartala Lowland,Agartala Lowland Stable Control Point,Agartala Lowland Lowland Plains,23.81,91.28,None (Stable Alluvium),None (Stable),Stable Topography Control,2008-07-01,0,0,,,0.1,13.0,2.04,345.4,0.05,0.1,8.7,8.7,39.9,57.7,57.7,0.05,8.7,1,2008,7,183,1
CTRL/NER/2007/1204,Tripura,Agartala Lowland,Agartala Lowland Stable Control Point,Agartala Lowland Lowland Plains,23.83,91.3,None (Stable Alluvium),None (Stable),Stable Topography Control,2007-09-12,0,0,,,0.1,22.0,4.38,224.9,0.0,1.2,7.5,7.5,29.1,170.7,170.7,0.05,7.5,1,2007,9,255,1
CTRL/NER/2008/1205,Tripura,Agartala Lowland,Agartala Lowland Stable Control Point,Agartala Lowland Lowland Plains,23.83,91.26,None (Stable Alluvium),None (Stable),Stable Topography Control,2008-06-19,0,0,,,0.1,11.0,0.62,204.6,0.35,2.8,17.7,17.7,42.7,75.6,75.6,0.05,17.7,1,2008,6,171,1
CTRL/NER/2010/1206,Tripura,Khowai Plain,Khowai Plain Stable Control Point,Khowai Plain Lowland Plains,24.06,91.6,None (Stable Alluvium),None (Stable),Stable Topography Control,2010-06-05,0,0,,,0.1,31.0,1.7,180.0,0.65,1.6,23.2,23.2,44.9,83.6,83.6,0.05,23.2,1,2010,6,156,1
CTRL/NER/2018/1207,Tripura,Khowai Plain,Khowai Plain Stable Control Point,Khowai Plain Lowland Plains,24.08,91.6,None (Stable Alluvium),None (Stable),Stable Topography Control,2018-06-06,0,0,,,0.1,28.0,0.38,317.6,0.0,0.0,8.4,8.4,25.2,67.7,67.7,0.05,8.4,1,2018,6,157,1
CTRL/NER/2018/1208,Tripura,Khowai Plain,Khowai Plain Stable Control Point,Khowai Plain Lowland Plains,24.04,91.6,None (Stable Alluvium),None (Stable),Stable Topography Control,2018-06-12,0,0,,,0.1,27.0,0.96,306.1,0.3,13.0,136.8,136.8,170.0,217.4,217.4,0.05,136.8,1,2018,6,163,1
CTRL/NER/2018/1209,Tripura,Khowai Plain,Khowai Plain Stable Control Point,Khowai Plain Lowland Plains,24.06,91.62,None (Stable Alluvium),None (Stable),Stable Topography Control,2018-06-22,0,0,,,0.1,33.0,0.62,204.5,0.0,0.0,4.7,4.7,16.0,38.2,38.2,0.05,4.7,1,2018,6,173,1
CTRL/NER/2018/1210,Tripura,Khowai Plain,Khowai Plain Stable Control Point,Khowai Plain Lowland Plains,24.06,91.58,None (Stable Alluvium),None (Stable),Stable Topography Control,2018-05-03,0,0,,,0.1,33.0,2.04,194.6,0.0,0.0,3.2,3.2,14.5,75.4,75.4,0.05,3.2,1,2018,5,123,0
CTRL/NER/2007/1211,Nagaland,Dimapur Plain,Dimapur Plain Stable Control Point,Dimapur Plain Lowland Plains,25.9,93.73,None (Stable Alluvium),None (Stable),Stable Topography Control,2007-08-24,0,0,,,0.1,147.0,3.16,355.3,0.0,0.0,8.5,8.5,29.8,58.4,58.4,0.05,8.5,1,2007,8,236,1
CTRL/NER/2007/1212,Nagaland,Dimapur Plain,Dimapur Plain Stable Control Point,Dimapur Plain Lowland Plains,25.92,93.73,None (Stable Alluvium),None (Stable),Stable Topography Control,2007-08-28,0,0,,,0.1,145.0,1.55,236.3,0.0,0.0,2.9,2.9,115.2,156.3,156.3,0.05,2.9,1,2007,8,240,1
CTRL/NER/2018/1213,Nagaland,Dimapur Plain,Dimapur Plain Stable Control Point,Dimapur Plain Lowland Plains,25.88,93.73,None (Stable Alluvium),None (Stable),Stable Topography Control,2018-07-11,0,0,,,0.1,150.0,1.32,102.5,2.9,12.7,15.9,15.9,20.9,110.6,110.6,0.05,15.9,1,2018,7,192,1
CTRL/NER/2007/1214,Nagaland,Dimapur Plain,Dimapur Plain Stable Control Point,Dimapur Plain Lowland Plains,25.9,93.75,None (Stable Alluvium),None (Stable),Stable Topography Control,2007-09-09,0,0,,,0.1,141.0,2.91,190.2,0.3,1.0,9.3,9.3,83.0,193.5,193.5,0.05,9.3,1,2007,9,252,1
CTRL/NER/2024/1215,Nagaland,Dimapur Plain,Dimapur Plain Stable Control Point,Dimapur Plain Lowland Plains,25.9,93.71,None (Stable Alluvium),None (Stable),Stable Topography Control,2024-07-29,0,0,,,0.1,156.0,1.38,326.0,0.25,7.7,60.3,60.3,80.3,124.2,124.2,0.05,60.3,1,2024,7,211,1
CTRL/NER/2011/1216,Assam,Kamrup Plains,Kamrup Plains Stable Control Point,Kamrup Plains Lowland Plains,26.2,91.6,None (Stable Alluvium),None (Stable),Stable Topography Control,2011-05-31,0,0,,,0.1,42.0,0.86,0.0,0.15,0.3,8.2,8.2,144.2,195.7,195.7,0.05,8.2,1,2011,5,151,0
CTRL/NER/2011/1217,Assam,Kamrup Plains,Kamrup Plains Stable Control Point,Kamrup Plains Lowland Plains,26.22,91.6,None (Stable Alluvium),None (Stable),Stable Topography Control,2011-07-06,0,0,,,0.1,47.0,1.55,138.1,0.0,0.0,1.5,1.5,76.4,137.5,137.5,0.05,1.5,1,2011,7,187,1
CTRL/NER/2011/1218,Assam,Kamrup Plains,Kamrup Plains Stable Control Point,Kamrup Plains Lowland Plains,26.18,91.6,None (Stable Alluvium),None (Stable),Stable Topography Control,2011-06-26,0,0,,,0.1,42.0,0.0,180.0,2.95,19.0,67.5,67.5,109.2,148.7,148.7,0.05,67.5,1,2011,6,177,1
CTRL/NER/2010/1219,Assam,Kamrup Plains,Kamrup Plains Stable Control Point,Kamrup Plains Lowland Plains,26.2,91.62,None (Stable Alluvium),None (Stable),Stable Topography Control,2010-06-08,0,0,,,0.1,42.0,0.0,180.0,0.15,1.0,46.6,46.6,60.4,243.2,243.2,0.05,46.6,1,2010,6,159,1
CTRL/NER/2010/1220,Assam,Kamrup Plains,Kamrup Plains Stable Control Point,Kamrup Plains Lowland Plains,26.2,91.58,None (Stable Alluvium),None (Stable),Stable Topography Control,2010-03-28,0,0,,,0.1,48.0,0.29,0.0,0.0,1.6,29.2,29.2,48.5,50.0,50.0,0.05,29.2,1,2010,3,87,0
CTRL/NER/2015/1221,Assam,Nagaon Basin,Nagaon Basin Stable Control Point,Nagaon Basin Lowland Plains,26.35,92.68,None (Stable Alluvium),None (Stable),Stable Topography Control,2015-07-30,0,0,,,0.1,65.0,3.06,19.7,0.2,0.5,0.5,0.5,1.1,122.5,122.5,0.05,0.5,1,2015,7,211,1
CTRL/NER/2018/1222,Assam,Nagaon Basin,Nagaon Basin Stable Control Point,Nagaon Basin Lowland Plains,26.37,92.68,None (Stable Alluvium),None (Stable),Stable Topography Control,2018-05-07,0,0,,,0.1,60.0,0.39,138.1,2.75,16.8,24.5,24.5,30.4,60.9,60.9,0.05,24.5,1,2018,5,127,0
CTRL/NER/2007/1223,Assam,Nagaon Basin,Nagaon Basin Stable Control Point,Nagaon Basin Lowland Plains,26.33,92.68,None (Stable Alluvium),None (Stable),Stable Topography Control,2007-07-31,0,0,,,0.1,64.0,0.0,180.0,0.85,3.7,18.7,18.7,35.2,333.8,333.8,0.05,18.7,1,2007,7,212,1
CTRL/NER/2008/1224,Assam,Nagaon Basin,Nagaon Basin Stable Control Point,Nagaon Basin Lowland Plains,26.35,92.7,None (Stable Alluvium),None (Stable),Stable Topography Control,2008-08-12,0,0,,,0.1,64.0,0.83,110.4,0.1,1.9,4.3,4.3,24.0,85.2,85.2,0.05,4.3,1,2008,8,225,1
CTRL/NER/2008/1225,Assam,Nagaon Basin,Nagaon Basin Stable Control Point,Nagaon Basin Lowland Plains,26.35,92.66,None (Stable Alluvium),None (Stable),Stable Topography Control,2008-08-10,0,0,,,0.1,61.0,0.77,90.0,0.0,0.1,16.1,16.1,45.4,143.8,143.8,0.05,16.1,1,2008,8,223,1
CTRL/NER/2022/1226,Assam,Barpeta Plain,Barpeta Plain Stable Control Point,Barpeta Plain Lowland Plains,26.32,91.0,None (Stable Alluvium),None (Stable),Stable Topography Control,2022-04-04,0,0,,,0.1,41.0,1.41,246.0,0.0,0.6,53.7,53.7,154.1,250.0,250.0,0.05,53.7,1,2022,4,94,0
CTRL/NER/2009/1227,Assam,Barpeta Plain,Barpeta Plain Stable Control Point,Barpeta Plain Lowland Plains,26.34,91.0,None (Stable Alluvium),None (Stable),Stable Topography Control,2009-06-29,0,0,,,0.1,42.0,1.26,204.1,0.0,0.0,8.2,8.2,19.9,100.4,100.4,0.05,8.2,1,2009,6,180,1
CTRL/NER/2013/1228,Assam,Barpeta Plain,Barpeta Plain Stable Control Point,Barpeta Plain Lowland Plains,26.3,91.0,None (Stable Alluvium),None (Stable),Stable Topography Control,2013-08-06,0,0,,,0.1,42.0,0.39,41.9,0.15,0.4,16.1,16.1,44.3,163.5,163.5,0.05,16.1,1,2013,8,218,1
CTRL/NER/2007/1229,Assam,Barpeta Plain,Barpeta Plain Stable Control Point,Barpeta Plain Lowland Plains,26.32,91.02,None (Stable Alluvium),None (Stable),Stable Topography Control,2007-07-19,0,0,,,0.1,40.0,0.59,240.8,0.4,3.0,10.5,10.5,42.7,182.9,182.9,0.05,10.5,1,2007,7,200,1
CTRL/NER/2007/1230,Assam,Barpeta Plain,Barpeta Plain Stable Control Point,Barpeta Plain Lowland Plains,26.32,90.98,None (Stable Alluvium),None (Stable),Stable Topography Control,2007-08-18,0,0,,,0.1,41.0,1.55,56.2,0.0,0.0,14.1,14.1,102.1,338.8,338.8,0.05,14.1,1,2007,8,230,1
CTRL/NER/2009/1231,Assam,Dibrugarh Alluvial,Dibrugarh Alluvial Stable Control Point,Dibrugarh Alluvial Lowland Plains,27.48,94.92,None (Stable Alluvium),None (Stable),Stable Topography Control,2009-07-17,0,0,,,0.1,105.0,0.83,249.4,0.0,0.0,7.9,7.9,68.0,130.8,130.8,0.05,7.9,1,2009,7,198,1
CTRL/NER/2007/1232,Assam,Dibrugarh Alluvial,Dibrugarh Alluvial Stable Control Point,Dibrugarh Alluvial Lowland Plains,27.5,94.92,None (Stable Alluvium),None (Stable),Stable Topography Control,2007-07-17,0,0,,,0.1,102.0,0.0,180.0,0.5,4.5,22.0,22.0,69.7,183.8,183.8,0.05,22.0,1,2007,7,198,1
CTRL/NER/2007/1233,Assam,Dibrugarh Alluvial,Dibrugarh Alluvial Stable Control Point,Dibrugarh Alluvial Lowland Plains,27.46,94.92,None (Stable Alluvium),None (Stable),Stable Topography Control,2007-07-25,0,0,,,0.1,107.0,1.27,336.1,2.25,11.6,33.9,33.9,90.2,201.5,201.5,0.05,33.9,1,2007,7,206,1
CTRL/NER/2007/1234,Assam,Dibrugarh Alluvial,Dibrugarh Alluvial Stable Control Point,Dibrugarh Alluvial Lowland Plains,27.48,94.94,None (Stable Alluvium),None (Stable),Stable Topography Control,2007-07-27,0,0,,,0.1,107.0,0.52,270.0,0.35,3.1,34.6,34.6,92.9,210.3,210.3,0.05,34.6,1,2007,7,208,1
CTRL/NER/2009/1235,Assam,Dibrugarh Alluvial,Dibrugarh Alluvial Stable Control Point,Dibrugarh Alluvial Lowland Plains,27.48,94.9,None (Stable Alluvium),None (Stable),Stable Topography Control,2009-07-01,0,0,,,0.1,105.0,0.39,41.6,0.15,0.8,33.2,33.2,100.0,172.4,172.4,0.05,33.2,1,2009,7,182,1
